DeliveryID,Date,CustomerID,PublicationID,DeliveryPersonID,QuantityDelivered,PriceAtDelivery,DeliveryStatus
1,2026-06-01,1,2,1,2,5.5,Delivered
2,2026-06-01,1,4,1,1,5.0,Delivered
3,2026-06-01,7,3,1,1,10.0,Delivered
4,2026-06-01,7,8,1,1,6.0,Delivered
5,2026-06-01,13,5,1,1,5.0,Delivered
6,2026-06-01,19,1,1,2,6.0,Delivered
7,2026-06-01,19,5,1,2,5.0,Delivered
8,2026-06-01,19,6,1,1,5.0,Delivered
9,2026-06-01,25,3,1,1,10.0,Delivered
10,2026-06-01,25,7,1,1,10.0,Delivered
11,2026-06-01,31,1,1,1,6.0,Delivered
12,2026-06-01,31,4,1,1,5.0,Delivered
13,2026-06-01,31,5,1,1,5.0,Failed
14,2026-06-01,37,4,1,2,5.0,Delivered
15,2026-06-01,37,7,1,1,10.0,Delivered
16,2026-06-01,43,6,1,1,5.0,Delivered
17,2026-06-01,49,4,1,1,5.0,Delivered
18,2026-06-01,49,7,1,1,10.0,Delivered
19,2026-06-01,55,5,1,1,5.0,Delivered
20,2026-06-01,61,1,1,1,6.0,Delivered
21,2026-06-01,2,1,2,1,6.0,Delivered
22,2026-06-01,2,3,2,1,10.0,Delivered
23,2026-06-01,8,5,2,1,5.0,Delivered
24,2026-06-01,14,4,2,1,5.0,Delivered
25,2026-06-01,20,1,2,1,6.0,Delivered
26,2026-06-01,20,2,2,1,5.5,Delivered
27,2026-06-01,20,7,2,1,10.0,Delivered
28,2026-06-01,26,2,2,1,5.5,Delivered
29,2026-06-01,32,3,2,1,10.0,Delivered
30,2026-06-01,32,4,2,1,5.0,Delivered
31,2026-06-01,38,4,2,1,5.0,Delivered
32,2026-06-01,38,5,2,2,5.0,Delivered
33,2026-06-01,44,1,2,1,6.0,Delivered
34,2026-06-01,50,3,2,1,10.0,Delivered
35,2026-06-01,50,4,2,1,5.0,Delivered
36,2026-06-01,56,1,2,1,6.0,Delivered
37,2026-06-01,56,2,2,1,5.5,Delivered
38,2026-06-01,62,3,2,1,10.0,Delivered
39,2026-06-01,3,1,3,1,6.0,Delivered
40,2026-06-01,3,2,3,1,5.5,Delivered
41,2026-06-01,3,6,3,1,5.0,Delivered
42,2026-06-01,9,7,3,2,10.0,Delivered
43,2026-06-01,15,2,3,1,5.5,Delivered
44,2026-06-01,15,4,3,2,5.0,Delivered
45,2026-06-01,15,5,3,1,5.0,Failed
46,2026-06-01,21,1,3,2,6.0,Delivered
47,2026-06-01,27,1,3,1,6.0,Delivered
48,2026-06-01,27,4,3,1,5.0,Delivered
49,2026-06-01,27,5,3,1,5.0,Delivered
50,2026-06-01,33,6,3,1,5.0,Delivered
51,2026-06-01,39,3,3,1,10.0,Delivered
52,2026-06-01,45,1,3,1,6.0,Delivered
53,2026-06-01,45,2,3,1,5.5,Delivered
54,2026-06-01,51,3,3,1,10.0,Delivered
55,2026-06-01,51,4,3,1,5.0,Delivered
56,2026-06-01,57,1,3,1,6.0,Delivered
57,2026-06-01,4,2,4,1,5.5,Delivered
58,2026-06-01,10,1,4,1,6.0,Delivered
59,2026-06-01,10,3,4,1,10.0,Delivered
60,2026-06-01,10,5,4,1,5.0,Delivered
61,2026-06-01,16,2,4,1,5.5,Delivered
62,2026-06-01,22,1,4,1,6.0,Delivered
63,2026-06-01,22,5,4,1,5.0,Delivered
64,2026-06-01,28,1,4,1,6.0,Delivered
65,2026-06-01,28,5,4,1,5.0,Delivered
66,2026-06-01,34,3,4,1,10.0,Delivered
67,2026-06-01,40,4,4,1,5.0,Delivered
68,2026-06-01,46,3,4,1,10.0,Delivered
69,2026-06-01,52,4,4,1,5.0,Delivered
70,2026-06-01,52,5,4,1,5.0,Delivered
71,2026-06-01,58,2,4,2,5.5,Delivered
72,2026-06-01,5,1,5,1,6.0,Delivered
73,2026-06-01,11,4,5,1,5.0,Delivered
74,2026-06-01,17,2,5,1,5.5,Delivered
75,2026-06-01,17,5,5,1,5.0,Delivered
76,2026-06-01,23,2,5,1,5.5,Delivered
77,2026-06-01,29,3,5,1,10.0,Delivered
78,2026-06-01,29,4,5,1,5.0,Delivered
79,2026-06-01,35,2,5,2,5.5,Delivered
80,2026-06-01,35,6,5,1,5.0,Delivered
81,2026-06-01,41,1,5,1,6.0,Delivered
82,2026-06-01,47,1,5,1,6.0,Delivered
83,2026-06-01,47,2,5,1,5.5,Delivered
84,2026-06-01,47,5,5,1,5.0,Delivered
85,2026-06-01,53,2,5,1,5.5,Delivered
86,2026-06-01,53,3,5,1,10.0,Delivered
87,2026-06-01,59,3,5,1,10.0,Delivered
88,2026-06-01,6,6,5,1,5.0,Delivered
89,2026-06-01,12,6,5,1,5.0,Delivered
90,2026-06-01,18,4,5,1,5.0,Delivered
91,2026-06-01,24,7,5,1,10.0,Delivered
92,2026-06-01,30,3,5,1,10.0,Delivered
93,2026-06-01,36,8,5,1,6.0,Delivered
94,2026-06-01,42,1,5,1,6.0,Delivered
95,2026-06-01,48,7,5,1,10.0,Delivered
96,2026-06-01,54,4,5,1,5.0,Delivered
97,2026-06-01,60,1,5,1,6.0,Delivered
98,2026-06-01,60,3,5,1,10.0,Delivered
99,2026-06-02,1,2,1,2,5.5,Delivered
100,2026-06-02,1,4,1,1,5.0,Delivered
101,2026-06-02,7,3,1,1,10.0,Delivered
102,2026-06-02,7,8,1,1,6.0,Delivered
103,2026-06-02,13,5,1,1,5.0,Delivered
104,2026-06-02,19,1,1,2,6.0,Delivered
105,2026-06-02,19,5,1,2,5.0,Delivered
106,2026-06-02,19,6,1,1,5.0,Delivered
107,2026-06-02,25,3,1,1,10.0,Delivered
108,2026-06-02,25,7,1,1,10.0,Delivered
109,2026-06-02,31,1,1,1,6.0,Delivered
110,2026-06-02,31,4,1,1,5.0,Delivered
111,2026-06-02,31,5,1,1,5.0,Delivered
112,2026-06-02,37,4,1,2,5.0,Delivered
113,2026-06-02,37,7,1,1,10.0,Delivered
114,2026-06-02,43,6,1,1,5.0,Delivered
115,2026-06-02,49,4,1,1,5.0,Delivered
116,2026-06-02,49,7,1,1,10.0,Delivered
117,2026-06-02,55,5,1,1,5.0,Delivered
118,2026-06-02,61,1,1,1,6.0,Delivered
119,2026-06-02,2,1,2,1,6.0,Delivered
120,2026-06-02,2,3,2,1,10.0,Delivered
121,2026-06-02,8,5,2,1,5.0,Delivered
122,2026-06-02,14,4,2,1,5.0,Delivered
123,2026-06-02,20,1,2,1,6.0,Delivered
124,2026-06-02,20,2,2,1,5.5,Delivered
125,2026-06-02,20,7,2,1,10.0,Delivered
126,2026-06-02,26,2,2,1,5.5,Delivered
127,2026-06-02,32,3,2,1,10.0,Delivered
128,2026-06-02,32,4,2,1,5.0,Delivered
129,2026-06-02,38,4,2,1,5.0,Delivered
130,2026-06-02,38,5,2,2,5.0,Delivered
131,2026-06-02,44,1,2,1,6.0,Delivered
132,2026-06-02,50,3,2,1,10.0,Delivered
133,2026-06-02,50,4,2,1,5.0,Delivered
134,2026-06-02,56,1,2,1,6.0,Delivered
135,2026-06-02,56,2,2,1,5.5,Delivered
136,2026-06-02,62,3,2,1,10.0,Delivered
137,2026-06-02,3,1,3,1,6.0,Delivered
138,2026-06-02,3,2,3,1,5.5,Delivered
139,2026-06-02,3,6,3,1,5.0,Delivered
140,2026-06-02,9,7,3,2,10.0,Delivered
141,2026-06-02,15,2,3,1,5.5,Delivered
142,2026-06-02,15,4,3,2,5.0,Delivered
143,2026-06-02,15,5,3,1,5.0,Delivered
144,2026-06-02,21,1,3,2,6.0,Delivered
145,2026-06-02,27,1,3,1,6.0,Delivered
146,2026-06-02,27,4,3,1,5.0,Delivered
147,2026-06-02,27,5,3,1,5.0,Delivered
148,2026-06-02,33,6,3,1,5.0,Delivered
149,2026-06-02,39,3,3,1,10.0,Delivered
150,2026-06-02,45,1,3,1,6.0,Delivered
151,2026-06-02,45,2,3,1,5.5,Delivered
152,2026-06-02,51,3,3,1,10.0,Delivered
153,2026-06-02,51,4,3,1,5.0,Delivered
154,2026-06-02,57,1,3,1,6.0,Delivered
155,2026-06-02,4,2,4,1,5.5,Delivered
156,2026-06-02,10,1,4,1,6.0,Delivered
157,2026-06-02,10,3,4,1,10.0,Delivered
158,2026-06-02,10,5,4,1,5.0,Delivered
159,2026-06-02,16,2,4,1,5.5,Delivered
160,2026-06-02,22,1,4,1,6.0,Delivered
161,2026-06-02,22,5,4,1,5.0,Delivered
162,2026-06-02,28,1,4,1,6.0,Delivered
163,2026-06-02,28,5,4,1,5.0,Delivered
164,2026-06-02,34,3,4,1,10.0,Delivered
165,2026-06-02,40,4,4,1,5.0,Delivered
166,2026-06-02,46,3,4,1,10.0,Delivered
167,2026-06-02,52,4,4,1,5.0,Delivered
168,2026-06-02,52,5,4,1,5.0,Delivered
169,2026-06-02,58,2,4,2,5.5,Delivered
170,2026-06-02,5,1,5,1,6.0,Delivered
171,2026-06-02,11,4,5,1,5.0,Delivered
172,2026-06-02,17,2,5,1,5.5,Delivered
173,2026-06-02,17,5,5,1,5.0,Delivered
174,2026-06-02,23,2,5,1,5.5,Delivered
175,2026-06-02,29,3,5,1,10.0,Delivered
176,2026-06-02,29,4,5,1,5.0,Delivered
177,2026-06-02,35,2,5,2,5.5,Delivered
178,2026-06-02,35,6,5,1,5.0,Delivered
179,2026-06-02,41,1,5,1,6.0,Delivered
180,2026-06-02,47,1,5,1,6.0,Delivered
181,2026-06-02,47,2,5,1,5.5,Delivered
182,2026-06-02,47,5,5,1,5.0,Delivered
183,2026-06-02,53,2,5,1,5.5,Delivered
184,2026-06-02,53,3,5,1,10.0,Delivered
185,2026-06-02,59,3,5,1,10.0,Delivered
186,2026-06-02,6,6,5,1,5.0,Delivered
187,2026-06-02,12,6,5,1,5.0,Delivered
188,2026-06-02,18,4,5,1,5.0,Delivered
189,2026-06-02,24,7,5,1,10.0,Delivered
190,2026-06-02,30,3,5,1,10.0,Delivered
191,2026-06-02,36,8,5,1,6.0,Delivered
192,2026-06-02,42,1,5,1,6.0,Delivered
193,2026-06-02,48,7,5,1,10.0,Delivered
194,2026-06-02,54,4,5,1,5.0,Delivered
195,2026-06-02,60,1,5,1,6.0,Delivered
196,2026-06-02,60,3,5,1,10.0,Delivered
197,2026-06-03,1,2,1,2,5.5,Delivered
198,2026-06-03,1,4,1,1,5.0,Delivered
199,2026-06-03,7,3,1,1,10.0,Delivered
200,2026-06-03,7,8,1,1,6.0,Delivered
201,2026-06-03,13,5,1,1,5.0,Delivered
202,2026-06-03,19,1,1,2,6.0,Delivered
203,2026-06-03,19,5,1,2,5.0,Delivered
204,2026-06-03,19,6,1,1,5.0,Delivered
205,2026-06-03,25,3,1,1,10.0,Delivered
206,2026-06-03,25,7,1,1,10.0,Delivered
207,2026-06-03,31,1,1,1,6.0,Delivered
208,2026-06-03,31,4,1,1,5.0,Delivered
209,2026-06-03,31,5,1,1,5.0,Delivered
210,2026-06-03,37,4,1,2,5.0,Delivered
211,2026-06-03,37,7,1,1,10.0,Delivered
212,2026-06-03,43,6,1,1,5.0,Delivered
213,2026-06-03,49,4,1,1,5.0,Delivered
214,2026-06-03,49,7,1,1,10.0,Delivered
215,2026-06-03,55,5,1,1,5.0,Delivered
216,2026-06-03,61,1,1,1,6.0,Delivered
217,2026-06-03,2,1,2,1,6.0,Delivered
218,2026-06-03,2,3,2,1,10.0,Delivered
219,2026-06-03,8,5,2,1,5.0,Delivered
220,2026-06-03,14,4,2,1,5.0,Delivered
221,2026-06-03,20,1,2,1,6.0,Delivered
222,2026-06-03,20,2,2,1,5.5,Delivered
223,2026-06-03,20,7,2,1,10.0,Delivered
224,2026-06-03,26,2,2,1,5.5,Delivered
225,2026-06-03,32,3,2,1,10.0,Delivered
226,2026-06-03,32,4,2,1,5.0,Delivered
227,2026-06-03,38,4,2,1,5.0,Delivered
228,2026-06-03,38,5,2,2,5.0,Delivered
229,2026-06-03,44,1,2,1,6.0,Delivered
230,2026-06-03,50,3,2,1,10.0,Delivered
231,2026-06-03,50,4,2,1,5.0,Delivered
232,2026-06-03,56,1,2,1,6.0,Delivered
233,2026-06-03,56,2,2,1,5.5,Delivered
234,2026-06-03,62,3,2,1,10.0,Delivered
235,2026-06-03,3,1,3,1,6.0,Delivered
236,2026-06-03,3,2,3,1,5.5,Delivered
237,2026-06-03,3,6,3,1,5.0,Delivered
238,2026-06-03,9,7,3,2,10.0,Delivered
239,2026-06-03,15,2,3,1,5.5,Delivered
240,2026-06-03,15,4,3,2,5.0,Delivered
241,2026-06-03,15,5,3,1,5.0,Delivered
242,2026-06-03,21,1,3,2,6.0,Delivered
243,2026-06-03,27,1,3,1,6.0,Delivered
244,2026-06-03,27,4,3,1,5.0,Delivered
245,2026-06-03,27,5,3,1,5.0,Delivered
246,2026-06-03,33,6,3,1,5.0,Delivered
247,2026-06-03,39,3,3,1,10.0,Delivered
248,2026-06-03,45,1,3,1,6.0,Delivered
249,2026-06-03,45,2,3,1,5.5,Delivered
250,2026-06-03,51,3,3,1,10.0,Delivered
251,2026-06-03,51,4,3,1,5.0,Delivered
252,2026-06-03,57,1,3,1,6.0,Delivered
253,2026-06-03,4,2,4,1,5.5,Delivered
254,2026-06-03,10,1,4,1,6.0,Delivered
255,2026-06-03,10,3,4,1,10.0,Delivered
256,2026-06-03,10,5,4,1,5.0,Delivered
257,2026-06-03,16,2,4,1,5.5,Delivered
258,2026-06-03,22,1,4,1,6.0,Delivered
259,2026-06-03,22,5,4,1,5.0,Delivered
260,2026-06-03,28,1,4,1,6.0,Delivered
261,2026-06-03,28,5,4,1,5.0,Delivered
262,2026-06-03,34,3,4,1,10.0,Delivered
263,2026-06-03,40,4,4,1,5.0,Delivered
264,2026-06-03,46,3,4,1,10.0,Delivered
265,2026-06-03,52,4,4,1,5.0,Delivered
266,2026-06-03,52,5,4,1,5.0,Delivered
267,2026-06-03,58,2,4,2,5.5,Delivered
268,2026-06-03,5,1,5,1,6.0,Delivered
269,2026-06-03,11,4,5,1,5.0,Delivered
270,2026-06-03,17,2,5,1,5.5,Delivered
271,2026-06-03,17,5,5,1,5.0,Delivered
272,2026-06-03,23,2,5,1,5.5,Delivered
273,2026-06-03,29,3,5,1,10.0,Delivered
274,2026-06-03,29,4,5,1,5.0,Delivered
275,2026-06-03,35,2,5,2,5.5,Delivered
276,2026-06-03,35,6,5,1,5.0,Delivered
277,2026-06-03,41,1,5,1,6.0,Delivered
278,2026-06-03,47,1,5,1,6.0,Delivered
279,2026-06-03,47,2,5,1,5.5,Delivered
280,2026-06-03,47,5,5,1,5.0,Delivered
281,2026-06-03,53,2,5,1,5.5,Delivered
282,2026-06-03,53,3,5,1,10.0,Delivered
283,2026-06-03,59,3,5,1,10.0,Delivered
284,2026-06-03,6,6,5,1,5.0,Delivered
285,2026-06-03,12,6,5,1,5.0,Delivered
286,2026-06-03,18,4,5,1,5.0,Delivered
287,2026-06-03,24,7,5,1,10.0,Delivered
288,2026-06-03,30,3,5,1,10.0,Delivered
289,2026-06-03,36,8,5,1,6.0,Delivered
290,2026-06-03,42,1,5,1,6.0,Delivered
291,2026-06-03,48,7,5,1,10.0,Failed
292,2026-06-03,54,4,5,1,5.0,Delivered
293,2026-06-03,60,1,5,1,6.0,Delivered
294,2026-06-03,60,3,5,1,10.0,Delivered
295,2026-06-04,1,2,1,2,5.5,Delivered
296,2026-06-04,1,4,1,1,5.0,Delivered
297,2026-06-04,7,3,1,1,10.0,Delivered
298,2026-06-04,7,8,1,1,6.0,Delivered
299,2026-06-04,13,5,1,1,5.0,Delivered
300,2026-06-04,19,1,1,2,6.0,Delivered
301,2026-06-04,19,5,1,2,5.0,Delivered
302,2026-06-04,19,6,1,1,5.0,Delivered
303,2026-06-04,25,3,1,1,10.0,Delivered
304,2026-06-04,25,7,1,1,10.0,Delivered
305,2026-06-04,31,1,1,1,6.0,Delivered
306,2026-06-04,31,4,1,1,5.0,Delivered
307,2026-06-04,31,5,1,1,5.0,Delivered
308,2026-06-04,37,4,1,2,5.0,Delivered
309,2026-06-04,37,7,1,1,10.0,Delivered
310,2026-06-04,43,6,1,1,5.0,Delivered
311,2026-06-04,49,4,1,1,5.0,Delivered
312,2026-06-04,49,7,1,1,10.0,Delivered
313,2026-06-04,55,5,1,1,5.0,Delivered
314,2026-06-04,61,1,1,1,6.0,Delivered
315,2026-06-04,2,1,2,1,6.0,Delivered
316,2026-06-04,2,3,2,1,10.0,Delivered
317,2026-06-04,8,5,2,1,5.0,Delivered
318,2026-06-04,14,4,2,1,5.0,Delivered
319,2026-06-04,20,1,2,1,6.0,Delivered
320,2026-06-04,20,2,2,1,5.5,Delivered
321,2026-06-04,20,7,2,1,10.0,Delivered
322,2026-06-04,26,2,2,1,5.5,Delivered
323,2026-06-04,32,3,2,1,10.0,Delivered
324,2026-06-04,32,4,2,1,5.0,Delivered
325,2026-06-04,38,4,2,1,5.0,Delivered
326,2026-06-04,38,5,2,2,5.0,Delivered
327,2026-06-04,44,1,2,1,6.0,Delivered
328,2026-06-04,50,3,2,1,10.0,Delivered
329,2026-06-04,50,4,2,1,5.0,Delivered
330,2026-06-04,56,1,2,1,6.0,Delivered
331,2026-06-04,56,2,2,1,5.5,Delivered
332,2026-06-04,62,3,2,1,10.0,Delivered
333,2026-06-04,3,1,3,1,6.0,Delivered
334,2026-06-04,3,2,3,1,5.5,Delivered
335,2026-06-04,3,6,3,1,5.0,Failed
336,2026-06-04,9,7,3,2,10.0,Delivered
337,2026-06-04,15,2,3,1,5.5,Delivered
338,2026-06-04,15,4,3,2,5.0,Delivered
339,2026-06-04,15,5,3,1,5.0,Delivered
340,2026-06-04,21,1,3,2,6.0,Delivered
341,2026-06-04,27,1,3,1,6.0,Delivered
342,2026-06-04,27,4,3,1,5.0,Delivered
343,2026-06-04,27,5,3,1,5.0,Delivered
344,2026-06-04,33,6,3,1,5.0,Failed
345,2026-06-04,39,3,3,1,10.0,Delivered
346,2026-06-04,45,1,3,1,6.0,Delivered
347,2026-06-04,45,2,3,1,5.5,Delivered
348,2026-06-04,51,3,3,1,10.0,Delivered
349,2026-06-04,51,4,3,1,5.0,Delivered
350,2026-06-04,57,1,3,1,6.0,Delivered
351,2026-06-04,4,2,4,1,5.5,Delivered
352,2026-06-04,10,1,4,1,6.0,Delivered
353,2026-06-04,10,3,4,1,10.0,Delivered
354,2026-06-04,10,5,4,1,5.0,Delivered
355,2026-06-04,16,2,4,1,5.5,Delivered
356,2026-06-04,22,1,4,1,6.0,Delivered
357,2026-06-04,22,5,4,1,5.0,Delivered
358,2026-06-04,28,1,4,1,6.0,Delivered
359,2026-06-04,28,5,4,1,5.0,Delivered
360,2026-06-04,34,3,4,1,10.0,Delivered
361,2026-06-04,40,4,4,1,5.0,Delivered
362,2026-06-04,46,3,4,1,10.0,Delivered
363,2026-06-04,52,4,4,1,5.0,Delivered
364,2026-06-04,52,5,4,1,5.0,Delivered
365,2026-06-04,58,2,4,2,5.5,Delivered
366,2026-06-04,5,1,5,1,6.0,Delivered
367,2026-06-04,11,4,5,1,5.0,Delivered
368,2026-06-04,17,2,5,1,5.5,Delivered
369,2026-06-04,17,5,5,1,5.0,Delivered
370,2026-06-04,23,2,5,1,5.5,Failed
371,2026-06-04,29,3,5,1,10.0,Delivered
372,2026-06-04,29,4,5,1,5.0,Delivered
373,2026-06-04,35,2,5,2,5.5,Delivered
374,2026-06-04,35,6,5,1,5.0,Delivered
375,2026-06-04,41,1,5,1,6.0,Delivered
376,2026-06-04,47,1,5,1,6.0,Delivered
377,2026-06-04,47,2,5,1,5.5,Delivered
378,2026-06-04,47,5,5,1,5.0,Delivered
379,2026-06-04,53,2,5,1,5.5,Delivered
380,2026-06-04,53,3,5,1,10.0,Delivered
381,2026-06-04,59,3,5,1,10.0,Delivered
382,2026-06-04,6,6,5,1,5.0,Delivered
383,2026-06-04,12,6,5,1,5.0,Delivered
384,2026-06-04,18,4,5,1,5.0,Delivered
385,2026-06-04,24,7,5,1,10.0,Delivered
386,2026-06-04,30,3,5,1,10.0,Delivered
387,2026-06-04,36,8,5,1,6.0,Delivered
388,2026-06-04,42,1,5,1,6.0,Delivered
389,2026-06-04,48,7,5,1,10.0,Delivered
390,2026-06-04,54,4,5,1,5.0,Delivered
391,2026-06-04,60,1,5,1,6.0,Delivered
392,2026-06-04,60,3,5,1,10.0,Delivered
393,2026-06-05,1,2,1,2,5.5,Delivered
394,2026-06-05,1,4,1,1,5.0,Delivered
395,2026-06-05,7,3,1,1,10.0,Delivered
396,2026-06-05,7,8,1,1,6.0,Delivered
397,2026-06-05,13,5,1,1,5.0,Delivered
398,2026-06-05,19,1,1,2,6.0,Delivered
399,2026-06-05,19,5,1,2,5.0,Delivered
400,2026-06-05,19,6,1,1,5.0,Delivered
401,2026-06-05,25,3,1,1,10.0,Delivered
402,2026-06-05,25,7,1,1,10.0,Delivered
403,2026-06-05,31,1,1,1,6.0,Delivered
404,2026-06-05,31,4,1,1,5.0,Delivered
405,2026-06-05,31,5,1,1,5.0,Delivered
406,2026-06-05,37,4,1,2,5.0,Delivered
407,2026-06-05,37,7,1,1,10.0,Delivered
408,2026-06-05,43,6,1,1,5.0,Delivered
409,2026-06-05,49,4,1,1,5.0,Delivered
410,2026-06-05,49,7,1,1,10.0,Delivered
411,2026-06-05,55,5,1,1,5.0,Delivered
412,2026-06-05,61,1,1,1,6.0,Delivered
413,2026-06-05,2,1,2,1,6.0,Delivered
414,2026-06-05,2,3,2,1,10.0,Delivered
415,2026-06-05,8,5,2,1,5.0,Delivered
416,2026-06-05,14,4,2,1,5.0,Delivered
417,2026-06-05,20,1,2,1,6.0,Delivered
418,2026-06-05,20,2,2,1,5.5,Delivered
419,2026-06-05,20,7,2,1,10.0,Delivered
420,2026-06-05,26,2,2,1,5.5,Delivered
421,2026-06-05,32,3,2,1,10.0,Delivered
422,2026-06-05,32,4,2,1,5.0,Delivered
423,2026-06-05,38,4,2,1,5.0,Delivered
424,2026-06-05,38,5,2,2,5.0,Delivered
425,2026-06-05,44,1,2,1,6.0,Delivered
426,2026-06-05,50,3,2,1,10.0,Delivered
427,2026-06-05,50,4,2,1,5.0,Delivered
428,2026-06-05,56,1,2,1,6.0,Delivered
429,2026-06-05,56,2,2,1,5.5,Delivered
430,2026-06-05,62,3,2,1,10.0,Delivered
431,2026-06-05,3,1,3,1,6.0,Delivered
432,2026-06-05,3,2,3,1,5.5,Delivered
433,2026-06-05,3,6,3,1,5.0,Delivered
434,2026-06-05,9,7,3,2,10.0,Delivered
435,2026-06-05,15,2,3,1,5.5,Delivered
436,2026-06-05,15,4,3,2,5.0,Delivered
437,2026-06-05,15,5,3,1,5.0,Delivered
438,2026-06-05,21,1,3,2,6.0,Delivered
439,2026-06-05,27,1,3,1,6.0,Delivered
440,2026-06-05,27,4,3,1,5.0,Delivered
441,2026-06-05,27,5,3,1,5.0,Delivered
442,2026-06-05,33,6,3,1,5.0,Delivered
443,2026-06-05,39,3,3,1,10.0,Delivered
444,2026-06-05,45,1,3,1,6.0,Delivered
445,2026-06-05,45,2,3,1,5.5,Delivered
446,2026-06-05,51,3,3,1,10.0,Delivered
447,2026-06-05,51,4,3,1,5.0,Delivered
448,2026-06-05,57,1,3,1,6.0,Delivered
449,2026-06-05,4,2,4,1,5.5,Delivered
450,2026-06-05,10,1,4,1,6.0,Delivered
451,2026-06-05,10,3,4,1,10.0,Delivered
452,2026-06-05,10,5,4,1,5.0,Delivered
453,2026-06-05,16,2,4,1,5.5,Delivered
454,2026-06-05,22,1,4,1,6.0,Delivered
455,2026-06-05,22,5,4,1,5.0,Delivered
456,2026-06-05,28,1,4,1,6.0,Delivered
457,2026-06-05,28,5,4,1,5.0,Delivered
458,2026-06-05,34,3,4,1,10.0,Delivered
459,2026-06-05,40,4,4,1,5.0,Delivered
460,2026-06-05,46,3,4,1,10.0,Delivered
461,2026-06-05,52,4,4,1,5.0,Delivered
462,2026-06-05,52,5,4,1,5.0,Delivered
463,2026-06-05,58,2,4,2,5.5,Delivered
464,2026-06-05,5,1,5,1,6.0,Delivered
465,2026-06-05,11,4,5,1,5.0,Delivered
466,2026-06-05,17,2,5,1,5.5,Delivered
467,2026-06-05,17,5,5,1,5.0,Delivered
468,2026-06-05,23,2,5,1,5.5,Delivered
469,2026-06-05,29,3,5,1,10.0,Delivered
470,2026-06-05,29,4,5,1,5.0,Delivered
471,2026-06-05,35,2,5,2,5.5,Delivered
472,2026-06-05,35,6,5,1,5.0,Delivered
473,2026-06-05,41,1,5,1,6.0,Delivered
474,2026-06-05,47,1,5,1,6.0,Delivered
475,2026-06-05,47,2,5,1,5.5,Delivered
476,2026-06-05,47,5,5,1,5.0,Delivered
477,2026-06-05,53,2,5,1,5.5,Delivered
478,2026-06-05,53,3,5,1,10.0,Delivered
479,2026-06-05,59,3,5,1,10.0,Delivered
480,2026-06-05,6,6,5,1,5.0,Delivered
481,2026-06-05,12,6,5,1,5.0,Delivered
482,2026-06-05,18,4,5,1,5.0,Delivered
483,2026-06-05,24,7,5,1,10.0,Delivered
484,2026-06-05,30,3,5,1,10.0,Delivered
485,2026-06-05,36,8,5,1,6.0,Delivered
486,2026-06-05,42,1,5,1,6.0,Delivered
487,2026-06-05,48,7,5,1,10.0,Delivered
488,2026-06-05,54,4,5,1,5.0,Delivered
489,2026-06-05,60,1,5,1,6.0,Failed
490,2026-06-05,60,3,5,1,10.0,Delivered
491,2026-06-06,1,2,1,2,5.5,Delivered
492,2026-06-06,1,4,1,1,5.0,Delivered
493,2026-06-06,7,3,1,1,10.0,Delivered
494,2026-06-06,7,8,1,1,6.0,Delivered
495,2026-06-06,13,5,1,1,5.0,Delivered
496,2026-06-06,19,1,1,2,6.0,Delivered
497,2026-06-06,19,5,1,2,5.0,Delivered
498,2026-06-06,19,6,1,1,5.0,Delivered
499,2026-06-06,25,3,1,1,10.0,Delivered
500,2026-06-06,25,7,1,1,10.0,Delivered
501,2026-06-06,31,1,1,1,6.0,Delivered
502,2026-06-06,31,4,1,1,5.0,Delivered
503,2026-06-06,31,5,1,1,5.0,Delivered
504,2026-06-06,37,4,1,2,5.0,Delivered
505,2026-06-06,37,7,1,1,10.0,Delivered
506,2026-06-06,43,6,1,1,5.0,Delivered
507,2026-06-06,49,4,1,1,5.0,Delivered
508,2026-06-06,49,7,1,1,10.0,Delivered
509,2026-06-06,55,5,1,1,5.0,Delivered
510,2026-06-06,61,1,1,1,6.0,Delivered
511,2026-06-06,2,1,2,1,6.0,Delivered
512,2026-06-06,2,3,2,1,10.0,Delivered
513,2026-06-06,8,5,2,1,5.0,Delivered
514,2026-06-06,14,4,2,1,5.0,Delivered
515,2026-06-06,20,1,2,1,6.0,Delivered
516,2026-06-06,20,2,2,1,5.5,Delivered
517,2026-06-06,20,7,2,1,10.0,Delivered
518,2026-06-06,26,2,2,1,5.5,Delivered
519,2026-06-06,32,3,2,1,10.0,Delivered
520,2026-06-06,32,4,2,1,5.0,Delivered
521,2026-06-06,38,4,2,1,5.0,Delivered
522,2026-06-06,38,5,2,2,5.0,Delivered
523,2026-06-06,44,1,2,1,6.0,Delivered
524,2026-06-06,50,3,2,1,10.0,Delivered
525,2026-06-06,50,4,2,1,5.0,Delivered
526,2026-06-06,56,1,2,1,6.0,Delivered
527,2026-06-06,56,2,2,1,5.5,Delivered
528,2026-06-06,62,3,2,1,10.0,Delivered
529,2026-06-06,3,1,3,1,6.0,Delivered
530,2026-06-06,3,2,3,1,5.5,Delivered
531,2026-06-06,3,6,3,1,5.0,Delivered
532,2026-06-06,9,7,3,2,10.0,Delivered
533,2026-06-06,15,2,3,1,5.5,Delivered
534,2026-06-06,15,4,3,2,5.0,Delivered
535,2026-06-06,15,5,3,1,5.0,Delivered
536,2026-06-06,21,1,3,2,6.0,Delivered
537,2026-06-06,27,1,3,1,6.0,Delivered
538,2026-06-06,27,4,3,1,5.0,Delivered
539,2026-06-06,27,5,3,1,5.0,Delivered
540,2026-06-06,33,6,3,1,5.0,Delivered
541,2026-06-06,39,3,3,1,10.0,Delivered
542,2026-06-06,45,1,3,1,6.0,Delivered
543,2026-06-06,45,2,3,1,5.5,Delivered
544,2026-06-06,51,3,3,1,10.0,Delivered
545,2026-06-06,51,4,3,1,5.0,Delivered
546,2026-06-06,57,1,3,1,6.0,Delivered
547,2026-06-06,4,2,4,1,5.5,Delivered
548,2026-06-06,10,1,4,1,6.0,Delivered
549,2026-06-06,10,3,4,1,10.0,Delivered
550,2026-06-06,10,5,4,1,5.0,Delivered
551,2026-06-06,16,2,4,1,5.5,Delivered
552,2026-06-06,22,1,4,1,6.0,Delivered
553,2026-06-06,22,5,4,1,5.0,Delivered
554,2026-06-06,28,1,4,1,6.0,Delivered
555,2026-06-06,28,5,4,1,5.0,Delivered
556,2026-06-06,34,3,4,1,10.0,Failed
557,2026-06-06,40,4,4,1,5.0,Delivered
558,2026-06-06,46,3,4,1,10.0,Delivered
559,2026-06-06,52,4,4,1,5.0,Delivered
560,2026-06-06,52,5,4,1,5.0,Delivered
561,2026-06-06,58,2,4,2,5.5,Delivered
562,2026-06-06,5,1,5,1,6.0,Delivered
563,2026-06-06,11,4,5,1,5.0,Delivered
564,2026-06-06,17,2,5,1,5.5,Delivered
565,2026-06-06,17,5,5,1,5.0,Delivered
566,2026-06-06,23,2,5,1,5.5,Delivered
567,2026-06-06,29,3,5,1,10.0,Delivered
568,2026-06-06,29,4,5,1,5.0,Delivered
569,2026-06-06,35,2,5,2,5.5,Delivered
570,2026-06-06,35,6,5,1,5.0,Delivered
571,2026-06-06,41,1,5,1,6.0,Delivered
572,2026-06-06,47,1,5,1,6.0,Delivered
573,2026-06-06,47,2,5,1,5.5,Delivered
574,2026-06-06,47,5,5,1,5.0,Delivered
575,2026-06-06,53,2,5,1,5.5,Delivered
576,2026-06-06,53,3,5,1,10.0,Delivered
577,2026-06-06,59,3,5,1,10.0,Delivered
578,2026-06-06,6,6,5,1,5.0,Delivered
579,2026-06-06,12,6,5,1,5.0,Delivered
580,2026-06-06,18,4,5,1,5.0,Delivered
581,2026-06-06,24,7,5,1,10.0,Delivered
582,2026-06-06,30,3,5,1,10.0,Delivered
583,2026-06-06,36,8,5,1,6.0,Delivered
584,2026-06-06,42,1,5,1,6.0,Delivered
585,2026-06-06,48,7,5,1,10.0,Delivered
586,2026-06-06,54,4,5,1,5.0,Delivered
587,2026-06-06,60,1,5,1,6.0,Delivered
588,2026-06-06,60,3,5,1,10.0,Delivered
589,2026-06-07,1,2,1,2,5.5,Delivered
590,2026-06-07,1,4,1,1,5.0,Delivered
591,2026-06-07,7,3,1,1,10.0,Delivered
592,2026-06-07,7,8,1,1,6.0,Delivered
593,2026-06-07,13,5,1,1,5.0,Delivered
594,2026-06-07,19,1,1,2,6.0,Delivered
595,2026-06-07,19,5,1,2,5.0,Delivered
596,2026-06-07,19,6,1,1,5.0,Delivered
597,2026-06-07,25,3,1,1,10.0,Delivered
598,2026-06-07,25,7,1,1,10.0,Delivered
599,2026-06-07,31,1,1,1,6.0,Delivered
600,2026-06-07,31,4,1,1,5.0,Delivered
601,2026-06-07,31,5,1,1,5.0,Delivered
602,2026-06-07,37,4,1,2,5.0,Delivered
603,2026-06-07,37,7,1,1,10.0,Delivered
604,2026-06-07,43,6,1,1,5.0,Delivered
605,2026-06-07,49,4,1,1,5.0,Delivered
606,2026-06-07,49,7,1,1,10.0,Delivered
607,2026-06-07,55,5,1,1,5.0,Delivered
608,2026-06-07,61,1,1,1,6.0,Delivered
609,2026-06-07,8,5,2,1,5.0,Delivered
610,2026-06-07,14,4,2,1,5.0,Delivered
611,2026-06-07,20,1,2,1,6.0,Delivered
612,2026-06-07,20,2,2,1,5.5,Delivered
613,2026-06-07,20,7,2,1,10.0,Delivered
614,2026-06-07,26,2,2,1,5.5,Delivered
615,2026-06-07,32,3,2,1,10.0,Delivered
616,2026-06-07,32,4,2,1,5.0,Delivered
617,2026-06-07,38,4,2,1,5.0,Delivered
618,2026-06-07,38,5,2,2,5.0,Delivered
619,2026-06-07,44,1,2,1,6.0,Delivered
620,2026-06-07,50,3,2,1,10.0,Delivered
621,2026-06-07,50,4,2,1,5.0,Delivered
622,2026-06-07,56,1,2,1,6.0,Delivered
623,2026-06-07,56,2,2,1,5.5,Delivered
624,2026-06-07,62,3,2,1,10.0,Delivered
625,2026-06-07,3,1,3,1,6.0,Delivered
626,2026-06-07,3,2,3,1,5.5,Delivered
627,2026-06-07,3,6,3,1,5.0,Delivered
628,2026-06-07,9,7,3,2,10.0,Delivered
629,2026-06-07,15,2,3,1,5.5,Delivered
630,2026-06-07,15,4,3,2,5.0,Delivered
631,2026-06-07,15,5,3,1,5.0,Delivered
632,2026-06-07,21,1,3,2,6.0,Delivered
633,2026-06-07,27,1,3,1,6.0,Delivered
634,2026-06-07,27,4,3,1,5.0,Delivered
635,2026-06-07,27,5,3,1,5.0,Delivered
636,2026-06-07,33,6,3,1,5.0,Delivered
637,2026-06-07,39,3,3,1,10.0,Delivered
638,2026-06-07,45,1,3,1,6.0,Delivered
639,2026-06-07,45,2,3,1,5.5,Delivered
640,2026-06-07,51,3,3,1,10.0,Delivered
641,2026-06-07,51,4,3,1,5.0,Delivered
642,2026-06-07,57,1,3,1,6.0,Delivered
643,2026-06-07,4,2,4,1,5.5,Delivered
644,2026-06-07,10,1,4,1,6.0,Delivered
645,2026-06-07,10,3,4,1,10.0,Delivered
646,2026-06-07,10,5,4,1,5.0,Delivered
647,2026-06-07,16,2,4,1,5.5,Delivered
648,2026-06-07,22,1,4,1,6.0,Delivered
649,2026-06-07,22,5,4,1,5.0,Delivered
650,2026-06-07,28,1,4,1,6.0,Delivered
651,2026-06-07,28,5,4,1,5.0,Delivered
652,2026-06-07,34,3,4,1,10.0,Delivered
653,2026-06-07,40,4,4,1,5.0,Delivered
654,2026-06-07,46,3,4,1,10.0,Delivered
655,2026-06-07,52,4,4,1,5.0,Delivered
656,2026-06-07,52,5,4,1,5.0,Delivered
657,2026-06-07,58,2,4,2,5.5,Delivered
658,2026-06-07,5,1,5,1,6.0,Delivered
659,2026-06-07,11,4,5,1,5.0,Delivered
660,2026-06-07,17,2,5,1,5.5,Delivered
661,2026-06-07,17,5,5,1,5.0,Delivered
662,2026-06-07,23,2,5,1,5.5,Delivered
663,2026-06-07,29,3,5,1,10.0,Delivered
664,2026-06-07,29,4,5,1,5.0,Delivered
665,2026-06-07,35,2,5,2,5.5,Delivered
666,2026-06-07,35,6,5,1,5.0,Delivered
667,2026-06-07,41,1,5,1,6.0,Delivered
668,2026-06-07,47,1,5,1,6.0,Delivered
669,2026-06-07,47,2,5,1,5.5,Delivered
670,2026-06-07,47,5,5,1,5.0,Delivered
671,2026-06-07,53,2,5,1,5.5,Delivered
672,2026-06-07,53,3,5,1,10.0,Delivered
673,2026-06-07,59,3,5,1,10.0,Delivered
674,2026-06-07,6,6,5,1,5.0,Delivered
675,2026-06-07,12,6,5,1,5.0,Delivered
676,2026-06-07,18,4,5,1,5.0,Delivered
677,2026-06-07,24,7,5,1,10.0,Delivered
678,2026-06-07,30,3,5,1,10.0,Delivered
679,2026-06-07,36,8,5,1,6.0,Delivered
680,2026-06-07,42,1,5,1,6.0,Delivered
681,2026-06-07,48,7,5,1,10.0,Delivered
682,2026-06-07,54,4,5,1,5.0,Delivered
683,2026-06-07,60,1,5,1,6.0,Delivered
684,2026-06-07,60,3,5,1,10.0,Delivered
685,2026-06-08,1,2,1,2,5.5,Delivered
686,2026-06-08,1,4,1,1,5.0,Delivered
687,2026-06-08,7,3,1,1,10.0,Delivered
688,2026-06-08,7,8,1,1,6.0,Delivered
689,2026-06-08,13,5,1,1,5.0,Delivered
690,2026-06-08,19,1,1,2,6.0,Delivered
691,2026-06-08,19,5,1,2,5.0,Delivered
692,2026-06-08,19,6,1,1,5.0,Delivered
693,2026-06-08,25,3,1,1,10.0,Delivered
694,2026-06-08,25,7,1,1,10.0,Delivered
695,2026-06-08,31,1,1,1,6.0,Delivered
696,2026-06-08,31,4,1,1,5.0,Delivered
697,2026-06-08,31,5,1,1,5.0,Delivered
698,2026-06-08,37,4,1,2,5.0,Delivered
699,2026-06-08,37,7,1,1,10.0,Delivered
700,2026-06-08,43,6,1,1,5.0,Delivered
701,2026-06-08,49,4,1,1,5.0,Delivered
702,2026-06-08,49,7,1,1,10.0,Delivered
703,2026-06-08,55,5,1,1,5.0,Delivered
704,2026-06-08,61,1,1,1,6.0,Delivered
705,2026-06-08,8,5,2,1,5.0,Delivered
706,2026-06-08,14,4,2,1,5.0,Delivered
707,2026-06-08,20,1,2,1,6.0,Delivered
708,2026-06-08,20,2,2,1,5.5,Delivered
709,2026-06-08,20,7,2,1,10.0,Delivered
710,2026-06-08,26,2,2,1,5.5,Delivered
711,2026-06-08,32,3,2,1,10.0,Delivered
712,2026-06-08,32,4,2,1,5.0,Delivered
713,2026-06-08,38,4,2,1,5.0,Delivered
714,2026-06-08,38,5,2,2,5.0,Delivered
715,2026-06-08,44,1,2,1,6.0,Delivered
716,2026-06-08,50,3,2,1,10.0,Delivered
717,2026-06-08,50,4,2,1,5.0,Delivered
718,2026-06-08,56,1,2,1,6.0,Delivered
719,2026-06-08,56,2,2,1,5.5,Delivered
720,2026-06-08,62,3,2,1,10.0,Delivered
721,2026-06-08,3,1,3,1,6.0,Delivered
722,2026-06-08,3,2,3,1,5.5,Delivered
723,2026-06-08,3,6,3,1,5.0,Delivered
724,2026-06-08,9,7,3,2,10.0,Delivered
725,2026-06-08,15,2,3,1,5.5,Delivered
726,2026-06-08,15,4,3,2,5.0,Delivered
727,2026-06-08,15,5,3,1,5.0,Delivered
728,2026-06-08,21,1,3,2,6.0,Delivered
729,2026-06-08,27,1,3,1,6.0,Delivered
730,2026-06-08,27,4,3,1,5.0,Delivered
731,2026-06-08,27,5,3,1,5.0,Delivered
732,2026-06-08,33,6,3,1,5.0,Delivered
733,2026-06-08,39,3,3,1,10.0,Delivered
734,2026-06-08,45,1,3,1,6.0,Delivered
735,2026-06-08,45,2,3,1,5.5,Delivered
736,2026-06-08,51,3,3,1,10.0,Delivered
737,2026-06-08,51,4,3,1,5.0,Delivered
738,2026-06-08,57,1,3,1,6.0,Delivered
739,2026-06-08,4,2,4,1,5.5,Delivered
740,2026-06-08,10,1,4,1,6.0,Delivered
741,2026-06-08,10,3,4,1,10.0,Delivered
742,2026-06-08,10,5,4,1,5.0,Delivered
743,2026-06-08,16,2,4,1,5.5,Delivered
744,2026-06-08,22,1,4,1,6.0,Delivered
745,2026-06-08,22,5,4,1,5.0,Delivered
746,2026-06-08,28,1,4,1,6.0,Delivered
747,2026-06-08,28,5,4,1,5.0,Delivered
748,2026-06-08,34,3,4,1,10.0,Delivered
749,2026-06-08,40,4,4,1,5.0,Delivered
750,2026-06-08,46,3,4,1,10.0,Delivered
751,2026-06-08,52,4,4,1,5.0,Delivered
752,2026-06-08,52,5,4,1,5.0,Delivered
753,2026-06-08,58,2,4,2,5.5,Delivered
754,2026-06-08,5,1,5,1,6.0,Delivered
755,2026-06-08,11,4,5,1,5.0,Delivered
756,2026-06-08,17,2,5,1,5.5,Delivered
757,2026-06-08,17,5,5,1,5.0,Delivered
758,2026-06-08,23,2,5,1,5.5,Delivered
759,2026-06-08,29,3,5,1,10.0,Delivered
760,2026-06-08,29,4,5,1,5.0,Delivered
761,2026-06-08,35,2,5,2,5.5,Delivered
762,2026-06-08,35,6,5,1,5.0,Delivered
763,2026-06-08,41,1,5,1,6.0,Delivered
764,2026-06-08,47,1,5,1,6.0,Delivered
765,2026-06-08,47,2,5,1,5.5,Delivered
766,2026-06-08,47,5,5,1,5.0,Delivered
767,2026-06-08,53,2,5,1,5.5,Delivered
768,2026-06-08,53,3,5,1,10.0,Delivered
769,2026-06-08,59,3,5,1,10.0,Delivered
770,2026-06-08,6,6,5,1,5.0,Delivered
771,2026-06-08,12,6,5,1,5.0,Delivered
772,2026-06-08,18,4,5,1,5.0,Failed
773,2026-06-08,24,7,5,1,10.0,Delivered
774,2026-06-08,30,3,5,1,10.0,Delivered
775,2026-06-08,36,8,5,1,6.0,Delivered
776,2026-06-08,42,1,5,1,6.0,Delivered
777,2026-06-08,48,7,5,1,10.0,Delivered
778,2026-06-08,54,4,5,1,5.0,Delivered
779,2026-06-08,60,1,5,1,6.0,Delivered
780,2026-06-08,60,3,5,1,10.0,Delivered
781,2026-06-09,1,2,1,2,5.5,Delivered
782,2026-06-09,1,4,1,1,5.0,Delivered
783,2026-06-09,7,3,1,1,10.0,Delivered
784,2026-06-09,7,8,1,1,6.0,Delivered
785,2026-06-09,13,5,1,1,5.0,Delivered
786,2026-06-09,19,1,1,2,6.0,Delivered
787,2026-06-09,19,5,1,2,5.0,Delivered
788,2026-06-09,19,6,1,1,5.0,Delivered
789,2026-06-09,25,3,1,1,10.0,Delivered
790,2026-06-09,25,7,1,1,10.0,Delivered
791,2026-06-09,31,1,1,1,6.0,Delivered
792,2026-06-09,31,4,1,1,5.0,Delivered
793,2026-06-09,31,5,1,1,5.0,Delivered
794,2026-06-09,37,4,1,2,5.0,Delivered
795,2026-06-09,37,7,1,1,10.0,Delivered
796,2026-06-09,43,6,1,1,5.0,Delivered
797,2026-06-09,49,4,1,1,5.0,Delivered
798,2026-06-09,49,7,1,1,10.0,Delivered
799,2026-06-09,55,5,1,1,5.0,Delivered
800,2026-06-09,61,1,1,1,6.0,Delivered
801,2026-06-09,8,5,2,1,5.0,Delivered
802,2026-06-09,14,4,2,1,5.0,Delivered
803,2026-06-09,20,1,2,1,6.0,Delivered
804,2026-06-09,20,2,2,1,5.5,Delivered
805,2026-06-09,20,7,2,1,10.0,Delivered
806,2026-06-09,26,2,2,1,5.5,Delivered
807,2026-06-09,32,3,2,1,10.0,Delivered
808,2026-06-09,32,4,2,1,5.0,Delivered
809,2026-06-09,38,4,2,1,5.0,Delivered
810,2026-06-09,38,5,2,2,5.0,Delivered
811,2026-06-09,44,1,2,1,6.0,Delivered
812,2026-06-09,50,3,2,1,10.0,Delivered
813,2026-06-09,50,4,2,1,5.0,Delivered
814,2026-06-09,56,1,2,1,6.0,Delivered
815,2026-06-09,56,2,2,1,5.5,Delivered
816,2026-06-09,62,3,2,1,10.0,Delivered
817,2026-06-09,3,1,3,1,6.0,Delivered
818,2026-06-09,3,2,3,1,5.5,Delivered
819,2026-06-09,3,6,3,1,5.0,Delivered
820,2026-06-09,9,7,3,2,10.0,Delivered
821,2026-06-09,15,2,3,1,5.5,Delivered
822,2026-06-09,15,4,3,2,5.0,Delivered
823,2026-06-09,15,5,3,1,5.0,Delivered
824,2026-06-09,21,1,3,2,6.0,Delivered
825,2026-06-09,27,1,3,1,6.0,Delivered
826,2026-06-09,27,4,3,1,5.0,Delivered
827,2026-06-09,27,5,3,1,5.0,Delivered
828,2026-06-09,33,6,3,1,5.0,Delivered
829,2026-06-09,39,3,3,1,10.0,Delivered
830,2026-06-09,45,1,3,1,6.0,Delivered
831,2026-06-09,45,2,3,1,5.5,Delivered
832,2026-06-09,51,3,3,1,10.0,Delivered
833,2026-06-09,51,4,3,1,5.0,Delivered
834,2026-06-09,57,1,3,1,6.0,Delivered
835,2026-06-09,4,2,4,1,5.5,Delivered
836,2026-06-09,10,1,4,1,6.0,Delivered
837,2026-06-09,10,3,4,1,10.0,Delivered
838,2026-06-09,10,5,4,1,5.0,Delivered
839,2026-06-09,16,2,4,1,5.5,Delivered
840,2026-06-09,22,1,4,1,6.0,Delivered
841,2026-06-09,22,5,4,1,5.0,Delivered
842,2026-06-09,28,1,4,1,6.0,Delivered
843,2026-06-09,28,5,4,1,5.0,Delivered
844,2026-06-09,34,3,4,1,10.0,Delivered
845,2026-06-09,40,4,4,1,5.0,Delivered
846,2026-06-09,46,3,4,1,10.0,Delivered
847,2026-06-09,52,4,4,1,5.0,Delivered
848,2026-06-09,52,5,4,1,5.0,Delivered
849,2026-06-09,58,2,4,2,5.5,Delivered
850,2026-06-09,5,1,5,1,6.0,Delivered
851,2026-06-09,11,4,5,1,5.0,Delivered
852,2026-06-09,17,2,5,1,5.5,Delivered
853,2026-06-09,17,5,5,1,5.0,Delivered
854,2026-06-09,23,2,5,1,5.5,Delivered
855,2026-06-09,29,3,5,1,10.0,Delivered
856,2026-06-09,29,4,5,1,5.0,Delivered
857,2026-06-09,35,2,5,2,5.5,Delivered
858,2026-06-09,35,6,5,1,5.0,Delivered
859,2026-06-09,41,1,5,1,6.0,Delivered
860,2026-06-09,47,1,5,1,6.0,Delivered
861,2026-06-09,47,2,5,1,5.5,Delivered
862,2026-06-09,47,5,5,1,5.0,Delivered
863,2026-06-09,53,2,5,1,5.5,Delivered
864,2026-06-09,53,3,5,1,10.0,Delivered
865,2026-06-09,59,3,5,1,10.0,Delivered
866,2026-06-09,6,6,5,1,5.0,Delivered
867,2026-06-09,12,6,5,1,5.0,Delivered
868,2026-06-09,18,4,5,1,5.0,Delivered
869,2026-06-09,24,7,5,1,10.0,Delivered
870,2026-06-09,30,3,5,1,10.0,Delivered
871,2026-06-09,36,8,5,1,6.0,Delivered
872,2026-06-09,42,1,5,1,6.0,Delivered
873,2026-06-09,48,7,5,1,10.0,Delivered
874,2026-06-09,54,4,5,1,5.0,Delivered
875,2026-06-09,60,1,5,1,6.0,Delivered
876,2026-06-09,60,3,5,1,10.0,Delivered
877,2026-06-10,1,2,1,2,5.5,Delivered
878,2026-06-10,1,4,1,1,5.0,Delivered
879,2026-06-10,7,3,1,1,10.0,Delivered
880,2026-06-10,7,8,1,1,6.0,Delivered
881,2026-06-10,13,5,1,1,5.0,Delivered
882,2026-06-10,19,1,1,2,6.0,Delivered
883,2026-06-10,19,5,1,2,5.0,Delivered
884,2026-06-10,19,6,1,1,5.0,Delivered
885,2026-06-10,25,3,1,1,10.0,Delivered
886,2026-06-10,25,7,1,1,10.0,Delivered
887,2026-06-10,31,1,1,1,6.0,Delivered
888,2026-06-10,31,4,1,1,5.0,Delivered
889,2026-06-10,31,5,1,1,5.0,Delivered
890,2026-06-10,37,4,1,2,5.0,Delivered
891,2026-06-10,37,7,1,1,10.0,Delivered
892,2026-06-10,43,6,1,1,5.0,Delivered
893,2026-06-10,49,4,1,1,5.0,Delivered
894,2026-06-10,49,7,1,1,10.0,Delivered
895,2026-06-10,55,5,1,1,5.0,Delivered
896,2026-06-10,61,1,1,1,6.0,Delivered
897,2026-06-10,8,5,2,1,5.0,Delivered
898,2026-06-10,14,4,2,1,5.0,Delivered
899,2026-06-10,20,1,2,1,6.0,Delivered
900,2026-06-10,20,2,2,1,5.5,Delivered
901,2026-06-10,20,7,2,1,10.0,Delivered
902,2026-06-10,26,2,2,1,5.5,Delivered
903,2026-06-10,32,3,2,1,10.0,Delivered
904,2026-06-10,32,4,2,1,5.0,Delivered
905,2026-06-10,38,4,2,1,5.0,Delivered
906,2026-06-10,38,5,2,2,5.0,Delivered
907,2026-06-10,44,1,2,1,6.0,Delivered
908,2026-06-10,50,3,2,1,10.0,Delivered
909,2026-06-10,50,4,2,1,5.0,Delivered
910,2026-06-10,56,1,2,1,6.0,Delivered
911,2026-06-10,56,2,2,1,5.5,Delivered
912,2026-06-10,62,3,2,1,10.0,Delivered
913,2026-06-10,3,1,3,1,6.0,Delivered
914,2026-06-10,3,2,3,1,5.5,Failed
915,2026-06-10,3,6,3,1,5.0,Delivered
916,2026-06-10,9,7,3,2,10.0,Delivered
917,2026-06-10,15,2,3,1,5.5,Delivered
918,2026-06-10,15,4,3,2,5.0,Delivered
919,2026-06-10,15,5,3,1,5.0,Delivered
920,2026-06-10,21,1,3,2,6.0,Delivered
921,2026-06-10,27,1,3,1,6.0,Delivered
922,2026-06-10,27,4,3,1,5.0,Delivered
923,2026-06-10,27,5,3,1,5.0,Delivered
924,2026-06-10,33,6,3,1,5.0,Delivered
925,2026-06-10,39,3,3,1,10.0,Delivered
926,2026-06-10,45,1,3,1,6.0,Delivered
927,2026-06-10,45,2,3,1,5.5,Delivered
928,2026-06-10,51,3,3,1,10.0,Delivered
929,2026-06-10,51,4,3,1,5.0,Delivered
930,2026-06-10,57,1,3,1,6.0,Delivered
931,2026-06-10,4,2,4,1,5.5,Delivered
932,2026-06-10,10,1,4,1,6.0,Delivered
933,2026-06-10,10,3,4,1,10.0,Delivered
934,2026-06-10,10,5,4,1,5.0,Delivered
935,2026-06-10,16,2,4,1,5.5,Delivered
936,2026-06-10,22,1,4,1,6.0,Delivered
937,2026-06-10,22,5,4,1,5.0,Delivered
938,2026-06-10,28,1,4,1,6.0,Delivered
939,2026-06-10,28,5,4,1,5.0,Delivered
940,2026-06-10,34,3,4,1,10.0,Delivered
941,2026-06-10,40,4,4,1,5.0,Delivered
942,2026-06-10,46,3,4,1,10.0,Delivered
943,2026-06-10,52,4,4,1,5.0,Delivered
944,2026-06-10,52,5,4,1,5.0,Delivered
945,2026-06-10,58,2,4,2,5.5,Delivered
946,2026-06-10,5,1,5,1,6.0,Delivered
947,2026-06-10,11,4,5,1,5.0,Delivered
948,2026-06-10,17,2,5,1,5.5,Delivered
949,2026-06-10,17,5,5,1,5.0,Delivered
950,2026-06-10,23,2,5,1,5.5,Delivered
951,2026-06-10,29,3,5,1,10.0,Failed
952,2026-06-10,29,4,5,1,5.0,Delivered
953,2026-06-10,35,2,5,2,5.5,Delivered
954,2026-06-10,35,6,5,1,5.0,Delivered
955,2026-06-10,41,1,5,1,6.0,Delivered
956,2026-06-10,47,1,5,1,6.0,Delivered
957,2026-06-10,47,2,5,1,5.5,Delivered
958,2026-06-10,47,5,5,1,5.0,Delivered
959,2026-06-10,53,2,5,1,5.5,Delivered
960,2026-06-10,53,3,5,1,10.0,Delivered
961,2026-06-10,59,3,5,1,10.0,Delivered
962,2026-06-10,6,6,5,1,5.0,Delivered
963,2026-06-10,12,6,5,1,5.0,Delivered
964,2026-06-10,18,4,5,1,5.0,Delivered
965,2026-06-10,24,7,5,1,10.0,Delivered
966,2026-06-10,30,3,5,1,10.0,Delivered
967,2026-06-10,36,8,5,1,6.0,Delivered
968,2026-06-10,42,1,5,1,6.0,Delivered
969,2026-06-10,48,7,5,1,10.0,Delivered
970,2026-06-10,54,4,5,1,5.0,Delivered
971,2026-06-10,60,1,5,1,6.0,Delivered
972,2026-06-10,60,3,5,1,10.0,Delivered
973,2026-06-11,1,2,1,2,5.5,Failed
974,2026-06-11,1,4,1,1,5.0,Delivered
975,2026-06-11,7,3,1,1,10.0,Delivered
976,2026-06-11,7,8,1,1,6.0,Delivered
977,2026-06-11,13,5,1,1,5.0,Delivered
978,2026-06-11,19,1,1,2,6.0,Delivered
979,2026-06-11,19,5,1,2,5.0,Delivered
980,2026-06-11,19,6,1,1,5.0,Delivered
981,2026-06-11,25,3,1,1,10.0,Delivered
982,2026-06-11,25,7,1,1,10.0,Delivered
983,2026-06-11,31,1,1,1,6.0,Delivered
984,2026-06-11,31,4,1,1,5.0,Delivered
985,2026-06-11,31,5,1,1,5.0,Delivered
986,2026-06-11,37,4,1,2,5.0,Delivered
987,2026-06-11,37,7,1,1,10.0,Delivered
988,2026-06-11,43,6,1,1,5.0,Delivered
989,2026-06-11,49,4,1,1,5.0,Delivered
990,2026-06-11,49,7,1,1,10.0,Delivered
991,2026-06-11,55,5,1,1,5.0,Delivered
992,2026-06-11,61,1,1,1,6.0,Delivered
993,2026-06-11,2,1,2,1,6.0,Delivered
994,2026-06-11,2,3,2,1,10.0,Delivered
995,2026-06-11,8,5,2,1,5.0,Delivered
996,2026-06-11,14,4,2,1,5.0,Delivered
997,2026-06-11,20,1,2,1,6.0,Delivered
998,2026-06-11,20,2,2,1,5.5,Delivered
999,2026-06-11,20,7,2,1,10.0,Delivered
1000,2026-06-11,26,2,2,1,5.5,Delivered
1001,2026-06-11,32,3,2,1,10.0,Delivered
1002,2026-06-11,32,4,2,1,5.0,Delivered
1003,2026-06-11,38,4,2,1,5.0,Delivered
1004,2026-06-11,38,5,2,2,5.0,Delivered
1005,2026-06-11,44,1,2,1,6.0,Delivered
1006,2026-06-11,50,3,2,1,10.0,Delivered
1007,2026-06-11,50,4,2,1,5.0,Delivered
1008,2026-06-11,56,1,2,1,6.0,Delivered
1009,2026-06-11,56,2,2,1,5.5,Delivered
1010,2026-06-11,62,3,2,1,10.0,Delivered
1011,2026-06-11,3,1,3,1,6.0,Delivered
1012,2026-06-11,3,2,3,1,5.5,Delivered
1013,2026-06-11,3,6,3,1,5.0,Delivered
1014,2026-06-11,9,7,3,2,10.0,Delivered
1015,2026-06-11,15,2,3,1,5.5,Delivered
1016,2026-06-11,15,4,3,2,5.0,Delivered
1017,2026-06-11,15,5,3,1,5.0,Delivered
1018,2026-06-11,21,1,3,2,6.0,Delivered
1019,2026-06-11,27,1,3,1,6.0,Delivered
1020,2026-06-11,27,4,3,1,5.0,Delivered
1021,2026-06-11,27,5,3,1,5.0,Delivered
1022,2026-06-11,33,6,3,1,5.0,Delivered
1023,2026-06-11,39,3,3,1,10.0,Delivered
1024,2026-06-11,45,1,3,1,6.0,Delivered
1025,2026-06-11,45,2,3,1,5.5,Delivered
1026,2026-06-11,51,3,3,1,10.0,Delivered
1027,2026-06-11,51,4,3,1,5.0,Delivered
1028,2026-06-11,57,1,3,1,6.0,Delivered
1029,2026-06-11,4,2,4,1,5.5,Delivered
1030,2026-06-11,10,1,4,1,6.0,Delivered
1031,2026-06-11,10,3,4,1,10.0,Delivered
1032,2026-06-11,10,5,4,1,5.0,Delivered
1033,2026-06-11,16,2,4,1,5.5,Delivered
1034,2026-06-11,22,1,4,1,6.0,Delivered
1035,2026-06-11,22,5,4,1,5.0,Delivered
1036,2026-06-11,28,1,4,1,6.0,Delivered
1037,2026-06-11,28,5,4,1,5.0,Delivered
1038,2026-06-11,34,3,4,1,10.0,Delivered
1039,2026-06-11,40,4,4,1,5.0,Delivered
1040,2026-06-11,46,3,4,1,10.0,Delivered
1041,2026-06-11,52,4,4,1,5.0,Delivered
1042,2026-06-11,52,5,4,1,5.0,Delivered
1043,2026-06-11,58,2,4,2,5.5,Delivered
1044,2026-06-11,5,1,5,1,6.0,Delivered
1045,2026-06-11,11,4,5,1,5.0,Delivered
1046,2026-06-11,17,2,5,1,5.5,Delivered
1047,2026-06-11,17,5,5,1,5.0,Delivered
1048,2026-06-11,23,2,5,1,5.5,Delivered
1049,2026-06-11,29,3,5,1,10.0,Delivered
1050,2026-06-11,29,4,5,1,5.0,Delivered
1051,2026-06-11,35,2,5,2,5.5,Delivered
1052,2026-06-11,35,6,5,1,5.0,Delivered
1053,2026-06-11,41,1,5,1,6.0,Delivered
1054,2026-06-11,47,1,5,1,6.0,Delivered
1055,2026-06-11,47,2,5,1,5.5,Delivered
1056,2026-06-11,47,5,5,1,5.0,Delivered
1057,2026-06-11,53,2,5,1,5.5,Delivered
1058,2026-06-11,53,3,5,1,10.0,Delivered
1059,2026-06-11,59,3,5,1,10.0,Delivered
1060,2026-06-11,6,6,5,1,5.0,Delivered
1061,2026-06-11,12,6,5,1,5.0,Delivered
1062,2026-06-11,18,4,5,1,5.0,Delivered
1063,2026-06-11,24,7,5,1,10.0,Delivered
1064,2026-06-11,30,3,5,1,10.0,Delivered
1065,2026-06-11,36,8,5,1,6.0,Delivered
1066,2026-06-11,42,1,5,1,6.0,Delivered
1067,2026-06-11,48,7,5,1,10.0,Delivered
1068,2026-06-11,54,4,5,1,5.0,Delivered
1069,2026-06-11,60,1,5,1,6.0,Delivered
1070,2026-06-11,60,3,5,1,10.0,Delivered
1071,2026-06-12,1,2,1,2,5.5,Delivered
1072,2026-06-12,1,4,1,1,5.0,Delivered
1073,2026-06-12,7,3,1,1,10.0,Delivered
1074,2026-06-12,7,8,1,1,6.0,Delivered
1075,2026-06-12,13,5,1,1,5.0,Delivered
1076,2026-06-12,19,1,1,2,6.0,Delivered
1077,2026-06-12,19,5,1,2,5.0,Delivered
1078,2026-06-12,19,6,1,1,5.0,Delivered
1079,2026-06-12,25,3,1,1,10.0,Delivered
1080,2026-06-12,25,7,1,1,10.0,Delivered
1081,2026-06-12,31,1,1,1,6.0,Delivered
1082,2026-06-12,31,4,1,1,5.0,Delivered
1083,2026-06-12,31,5,1,1,5.0,Delivered
1084,2026-06-12,37,4,1,2,5.0,Delivered
1085,2026-06-12,37,7,1,1,10.0,Delivered
1086,2026-06-12,43,6,1,1,5.0,Delivered
1087,2026-06-12,49,4,1,1,5.0,Delivered
1088,2026-06-12,49,7,1,1,10.0,Delivered
1089,2026-06-12,55,5,1,1,5.0,Delivered
1090,2026-06-12,61,1,1,1,6.0,Delivered
1091,2026-06-12,2,1,2,1,6.0,Delivered
1092,2026-06-12,2,3,2,1,10.0,Delivered
1093,2026-06-12,8,5,2,1,5.0,Delivered
1094,2026-06-12,14,4,2,1,5.0,Delivered
1095,2026-06-12,20,1,2,1,6.0,Delivered
1096,2026-06-12,20,2,2,1,5.5,Delivered
1097,2026-06-12,20,7,2,1,10.0,Delivered
1098,2026-06-12,26,2,2,1,5.5,Delivered
1099,2026-06-12,32,3,2,1,10.0,Delivered
1100,2026-06-12,32,4,2,1,5.0,Delivered
1101,2026-06-12,38,4,2,1,5.0,Delivered
1102,2026-06-12,38,5,2,2,5.0,Delivered
1103,2026-06-12,44,1,2,1,6.0,Delivered
1104,2026-06-12,50,3,2,1,10.0,Delivered
1105,2026-06-12,50,4,2,1,5.0,Delivered
1106,2026-06-12,56,1,2,1,6.0,Delivered
1107,2026-06-12,56,2,2,1,5.5,Delivered
1108,2026-06-12,62,3,2,1,10.0,Delivered
1109,2026-06-12,3,1,3,1,6.0,Delivered
1110,2026-06-12,3,2,3,1,5.5,Delivered
1111,2026-06-12,3,6,3,1,5.0,Delivered
1112,2026-06-12,9,7,3,2,10.0,Delivered
1113,2026-06-12,15,2,3,1,5.5,Delivered
1114,2026-06-12,15,4,3,2,5.0,Delivered
1115,2026-06-12,15,5,3,1,5.0,Delivered
1116,2026-06-12,21,1,3,2,6.0,Delivered
1117,2026-06-12,27,1,3,1,6.0,Delivered
1118,2026-06-12,27,4,3,1,5.0,Delivered
1119,2026-06-12,27,5,3,1,5.0,Delivered
1120,2026-06-12,33,6,3,1,5.0,Delivered
1121,2026-06-12,39,3,3,1,10.0,Delivered
1122,2026-06-12,45,1,3,1,6.0,Delivered
1123,2026-06-12,45,2,3,1,5.5,Delivered
1124,2026-06-12,51,3,3,1,10.0,Delivered
1125,2026-06-12,51,4,3,1,5.0,Delivered
1126,2026-06-12,57,1,3,1,6.0,Delivered
1127,2026-06-12,4,2,4,1,5.5,Failed
1128,2026-06-12,10,1,4,1,6.0,Delivered
1129,2026-06-12,10,3,4,1,10.0,Delivered
1130,2026-06-12,10,5,4,1,5.0,Delivered
1131,2026-06-12,16,2,4,1,5.5,Delivered
1132,2026-06-12,22,1,4,1,6.0,Delivered
1133,2026-06-12,22,5,4,1,5.0,Delivered
1134,2026-06-12,28,1,4,1,6.0,Delivered
1135,2026-06-12,28,5,4,1,5.0,Delivered
1136,2026-06-12,34,3,4,1,10.0,Delivered
1137,2026-06-12,40,4,4,1,5.0,Delivered
1138,2026-06-12,46,3,4,1,10.0,Delivered
1139,2026-06-12,52,4,4,1,5.0,Delivered
1140,2026-06-12,52,5,4,1,5.0,Delivered
1141,2026-06-12,58,2,4,2,5.5,Delivered
1142,2026-06-12,5,1,5,1,6.0,Delivered
1143,2026-06-12,11,4,5,1,5.0,Delivered
1144,2026-06-12,17,2,5,1,5.5,Delivered
1145,2026-06-12,17,5,5,1,5.0,Failed
1146,2026-06-12,23,2,5,1,5.5,Delivered
1147,2026-06-12,29,3,5,1,10.0,Delivered
1148,2026-06-12,29,4,5,1,5.0,Delivered
1149,2026-06-12,35,2,5,2,5.5,Delivered
1150,2026-06-12,35,6,5,1,5.0,Delivered
1151,2026-06-12,41,1,5,1,6.0,Delivered
1152,2026-06-12,47,1,5,1,6.0,Delivered
1153,2026-06-12,47,2,5,1,5.5,Delivered
1154,2026-06-12,47,5,5,1,5.0,Delivered
1155,2026-06-12,53,2,5,1,5.5,Delivered
1156,2026-06-12,53,3,5,1,10.0,Delivered
1157,2026-06-12,59,3,5,1,10.0,Delivered
1158,2026-06-12,6,6,5,1,5.0,Delivered
1159,2026-06-12,12,6,5,1,5.0,Delivered
1160,2026-06-12,18,4,5,1,5.0,Delivered
1161,2026-06-12,24,7,5,1,10.0,Delivered
1162,2026-06-12,30,3,5,1,10.0,Delivered
1163,2026-06-12,36,8,5,1,6.0,Delivered
1164,2026-06-12,42,1,5,1,6.0,Delivered
1165,2026-06-12,48,7,5,1,10.0,Delivered
1166,2026-06-12,54,4,5,1,5.0,Delivered
1167,2026-06-12,60,1,5,1,6.0,Delivered
1168,2026-06-12,60,3,5,1,10.0,Delivered
1169,2026-06-13,1,2,1,2,5.5,Delivered
1170,2026-06-13,1,4,1,1,5.0,Delivered
1171,2026-06-13,7,3,1,1,10.0,Delivered
1172,2026-06-13,7,8,1,1,6.0,Delivered
1173,2026-06-13,13,5,1,1,5.0,Delivered
1174,2026-06-13,19,1,1,2,6.0,Delivered
1175,2026-06-13,19,5,1,2,5.0,Delivered
1176,2026-06-13,19,6,1,1,5.0,Delivered
1177,2026-06-13,25,3,1,1,10.0,Delivered
1178,2026-06-13,25,7,1,1,10.0,Delivered
1179,2026-06-13,31,1,1,1,6.0,Delivered
1180,2026-06-13,31,4,1,1,5.0,Delivered
1181,2026-06-13,31,5,1,1,5.0,Delivered
1182,2026-06-13,37,4,1,2,5.0,Delivered
1183,2026-06-13,37,7,1,1,10.0,Delivered
1184,2026-06-13,43,6,1,1,5.0,Delivered
1185,2026-06-13,49,4,1,1,5.0,Delivered
1186,2026-06-13,49,7,1,1,10.0,Delivered
1187,2026-06-13,55,5,1,1,5.0,Delivered
1188,2026-06-13,61,1,1,1,6.0,Delivered
1189,2026-06-13,2,1,2,1,6.0,Delivered
1190,2026-06-13,2,3,2,1,10.0,Delivered
1191,2026-06-13,8,5,2,1,5.0,Delivered
1192,2026-06-13,14,4,2,1,5.0,Delivered
1193,2026-06-13,20,1,2,1,6.0,Delivered
1194,2026-06-13,20,2,2,1,5.5,Delivered
1195,2026-06-13,20,7,2,1,10.0,Delivered
1196,2026-06-13,26,2,2,1,5.5,Delivered
1197,2026-06-13,32,3,2,1,10.0,Delivered
1198,2026-06-13,32,4,2,1,5.0,Delivered
1199,2026-06-13,38,4,2,1,5.0,Delivered
1200,2026-06-13,38,5,2,2,5.0,Delivered
1201,2026-06-13,44,1,2,1,6.0,Delivered
1202,2026-06-13,50,3,2,1,10.0,Delivered
1203,2026-06-13,50,4,2,1,5.0,Delivered
1204,2026-06-13,56,1,2,1,6.0,Delivered
1205,2026-06-13,56,2,2,1,5.5,Delivered
1206,2026-06-13,62,3,2,1,10.0,Delivered
1207,2026-06-13,3,1,3,1,6.0,Delivered
1208,2026-06-13,3,2,3,1,5.5,Delivered
1209,2026-06-13,3,6,3,1,5.0,Delivered
1210,2026-06-13,9,7,3,2,10.0,Delivered
1211,2026-06-13,15,2,3,1,5.5,Delivered
1212,2026-06-13,15,4,3,2,5.0,Failed
1213,2026-06-13,15,5,3,1,5.0,Delivered
1214,2026-06-13,21,1,3,2,6.0,Delivered
1215,2026-06-13,27,1,3,1,6.0,Delivered
1216,2026-06-13,27,4,3,1,5.0,Delivered
1217,2026-06-13,27,5,3,1,5.0,Delivered
1218,2026-06-13,33,6,3,1,5.0,Delivered
1219,2026-06-13,39,3,3,1,10.0,Delivered
1220,2026-06-13,45,1,3,1,6.0,Delivered
1221,2026-06-13,45,2,3,1,5.5,Delivered
1222,2026-06-13,51,3,3,1,10.0,Delivered
1223,2026-06-13,51,4,3,1,5.0,Delivered
1224,2026-06-13,57,1,3,1,6.0,Delivered
1225,2026-06-13,4,2,4,1,5.5,Delivered
1226,2026-06-13,10,1,4,1,6.0,Delivered
1227,2026-06-13,10,3,4,1,10.0,Delivered
1228,2026-06-13,10,5,4,1,5.0,Delivered
1229,2026-06-13,16,2,4,1,5.5,Delivered
1230,2026-06-13,22,1,4,1,6.0,Delivered
1231,2026-06-13,22,5,4,1,5.0,Delivered
1232,2026-06-13,28,1,4,1,6.0,Delivered
1233,2026-06-13,28,5,4,1,5.0,Delivered
1234,2026-06-13,34,3,4,1,10.0,Delivered
1235,2026-06-13,40,4,4,1,5.0,Delivered
1236,2026-06-13,46,3,4,1,10.0,Delivered
1237,2026-06-13,52,4,4,1,5.0,Delivered
1238,2026-06-13,52,5,4,1,5.0,Delivered
1239,2026-06-13,58,2,4,2,5.5,Delivered
1240,2026-06-13,5,1,5,1,6.0,Delivered
1241,2026-06-13,11,4,5,1,5.0,Delivered
1242,2026-06-13,17,2,5,1,5.5,Delivered
1243,2026-06-13,17,5,5,1,5.0,Delivered
1244,2026-06-13,23,2,5,1,5.5,Delivered
1245,2026-06-13,29,3,5,1,10.0,Delivered
1246,2026-06-13,29,4,5,1,5.0,Delivered
1247,2026-06-13,35,2,5,2,5.5,Delivered
1248,2026-06-13,35,6,5,1,5.0,Delivered
1249,2026-06-13,41,1,5,1,6.0,Failed
1250,2026-06-13,47,1,5,1,6.0,Delivered
1251,2026-06-13,47,2,5,1,5.5,Delivered
1252,2026-06-13,47,5,5,1,5.0,Delivered
1253,2026-06-13,53,2,5,1,5.5,Delivered
1254,2026-06-13,53,3,5,1,10.0,Delivered
1255,2026-06-13,59,3,5,1,10.0,Delivered
1256,2026-06-13,6,6,5,1,5.0,Delivered
1257,2026-06-13,12,6,5,1,5.0,Delivered
1258,2026-06-13,18,4,5,1,5.0,Delivered
1259,2026-06-13,24,7,5,1,10.0,Delivered
1260,2026-06-13,30,3,5,1,10.0,Delivered
1261,2026-06-13,36,8,5,1,6.0,Delivered
1262,2026-06-13,42,1,5,1,6.0,Delivered
1263,2026-06-13,48,7,5,1,10.0,Delivered
1264,2026-06-13,54,4,5,1,5.0,Delivered
1265,2026-06-13,60,1,5,1,6.0,Delivered
1266,2026-06-13,60,3,5,1,10.0,Delivered
1267,2026-06-14,1,2,1,2,5.5,Delivered
1268,2026-06-14,1,4,1,1,5.0,Delivered
1269,2026-06-14,7,3,1,1,10.0,Delivered
1270,2026-06-14,7,8,1,1,6.0,Delivered
1271,2026-06-14,13,5,1,1,5.0,Delivered
1272,2026-06-14,19,1,1,2,6.0,Delivered
1273,2026-06-14,19,5,1,2,5.0,Delivered
1274,2026-06-14,19,6,1,1,5.0,Failed
1275,2026-06-14,25,3,1,1,10.0,Delivered
1276,2026-06-14,25,7,1,1,10.0,Delivered
1277,2026-06-14,31,1,1,1,6.0,Delivered
1278,2026-06-14,31,4,1,1,5.0,Delivered
1279,2026-06-14,31,5,1,1,5.0,Delivered
1280,2026-06-14,37,4,1,2,5.0,Delivered
1281,2026-06-14,37,7,1,1,10.0,Delivered
1282,2026-06-14,43,6,1,1,5.0,Delivered
1283,2026-06-14,49,4,1,1,5.0,Delivered
1284,2026-06-14,49,7,1,1,10.0,Delivered
1285,2026-06-14,55,5,1,1,5.0,Delivered
1286,2026-06-14,61,1,1,1,6.0,Failed
1287,2026-06-14,2,1,2,1,6.0,Delivered
1288,2026-06-14,2,3,2,1,10.0,Delivered
1289,2026-06-14,8,5,2,1,5.0,Delivered
1290,2026-06-14,14,4,2,1,5.0,Delivered
1291,2026-06-14,20,1,2,1,6.0,Delivered
1292,2026-06-14,20,2,2,1,5.5,Delivered
1293,2026-06-14,20,7,2,1,10.0,Delivered
1294,2026-06-14,26,2,2,1,5.5,Delivered
1295,2026-06-14,32,3,2,1,10.0,Delivered
1296,2026-06-14,32,4,2,1,5.0,Delivered
1297,2026-06-14,38,4,2,1,5.0,Delivered
1298,2026-06-14,38,5,2,2,5.0,Delivered
1299,2026-06-14,44,1,2,1,6.0,Delivered
1300,2026-06-14,50,3,2,1,10.0,Delivered
1301,2026-06-14,50,4,2,1,5.0,Delivered
1302,2026-06-14,56,1,2,1,6.0,Delivered
1303,2026-06-14,56,2,2,1,5.5,Delivered
1304,2026-06-14,62,3,2,1,10.0,Delivered
1305,2026-06-14,3,1,3,1,6.0,Delivered
1306,2026-06-14,3,2,3,1,5.5,Delivered
1307,2026-06-14,3,6,3,1,5.0,Delivered
1308,2026-06-14,9,7,3,2,10.0,Delivered
1309,2026-06-14,15,2,3,1,5.5,Delivered
1310,2026-06-14,15,4,3,2,5.0,Delivered
1311,2026-06-14,15,5,3,1,5.0,Delivered
1312,2026-06-14,21,1,3,2,6.0,Delivered
1313,2026-06-14,27,1,3,1,6.0,Delivered
1314,2026-06-14,27,4,3,1,5.0,Delivered
1315,2026-06-14,27,5,3,1,5.0,Delivered
1316,2026-06-14,33,6,3,1,5.0,Failed
1317,2026-06-14,39,3,3,1,10.0,Delivered
1318,2026-06-14,45,1,3,1,6.0,Delivered
1319,2026-06-14,45,2,3,1,5.5,Delivered
1320,2026-06-14,51,3,3,1,10.0,Delivered
1321,2026-06-14,51,4,3,1,5.0,Delivered
1322,2026-06-14,57,1,3,1,6.0,Delivered
1323,2026-06-14,4,2,4,1,5.5,Delivered
1324,2026-06-14,10,1,4,1,6.0,Delivered
1325,2026-06-14,10,3,4,1,10.0,Delivered
1326,2026-06-14,10,5,4,1,5.0,Delivered
1327,2026-06-14,16,2,4,1,5.5,Delivered
1328,2026-06-14,22,1,4,1,6.0,Delivered
1329,2026-06-14,22,5,4,1,5.0,Delivered
1330,2026-06-14,28,1,4,1,6.0,Delivered
1331,2026-06-14,28,5,4,1,5.0,Delivered
1332,2026-06-14,34,3,4,1,10.0,Delivered
1333,2026-06-14,40,4,4,1,5.0,Delivered
1334,2026-06-14,46,3,4,1,10.0,Delivered
1335,2026-06-14,52,4,4,1,5.0,Delivered
1336,2026-06-14,52,5,4,1,5.0,Delivered
1337,2026-06-14,58,2,4,2,5.5,Delivered
1338,2026-06-14,5,1,5,1,6.0,Delivered
1339,2026-06-14,11,4,5,1,5.0,Delivered
1340,2026-06-14,17,2,5,1,5.5,Delivered
1341,2026-06-14,17,5,5,1,5.0,Delivered
1342,2026-06-14,23,2,5,1,5.5,Delivered
1343,2026-06-14,29,3,5,1,10.0,Delivered
1344,2026-06-14,29,4,5,1,5.0,Delivered
1345,2026-06-14,35,2,5,2,5.5,Delivered
1346,2026-06-14,35,6,5,1,5.0,Delivered
1347,2026-06-14,41,1,5,1,6.0,Delivered
1348,2026-06-14,47,1,5,1,6.0,Delivered
1349,2026-06-14,47,2,5,1,5.5,Delivered
1350,2026-06-14,47,5,5,1,5.0,Delivered
1351,2026-06-14,53,2,5,1,5.5,Delivered
1352,2026-06-14,53,3,5,1,10.0,Delivered
1353,2026-06-14,59,3,5,1,10.0,Delivered
1354,2026-06-14,6,6,5,1,5.0,Delivered
1355,2026-06-14,12,6,5,1,5.0,Delivered
1356,2026-06-14,18,4,5,1,5.0,Delivered
1357,2026-06-14,24,7,5,1,10.0,Delivered
1358,2026-06-14,30,3,5,1,10.0,Delivered
1359,2026-06-14,36,8,5,1,6.0,Delivered
1360,2026-06-14,42,1,5,1,6.0,Delivered
1361,2026-06-14,48,7,5,1,10.0,Delivered
1362,2026-06-14,54,4,5,1,5.0,Delivered
1363,2026-06-14,60,1,5,1,6.0,Delivered
1364,2026-06-14,60,3,5,1,10.0,Delivered
1365,2026-06-15,1,2,1,2,5.5,Delivered
1366,2026-06-15,1,4,1,1,5.0,Delivered
1367,2026-06-15,7,3,1,1,10.0,Delivered
1368,2026-06-15,7,8,1,1,6.0,Delivered
1369,2026-06-15,13,5,1,1,5.0,Delivered
1370,2026-06-15,19,1,1,2,6.0,Delivered
1371,2026-06-15,19,5,1,2,5.0,Delivered
1372,2026-06-15,19,6,1,1,5.0,Delivered
1373,2026-06-15,25,3,1,1,10.0,Delivered
1374,2026-06-15,25,7,1,1,10.0,Delivered
1375,2026-06-15,31,1,1,1,6.0,Delivered
1376,2026-06-15,31,4,1,1,5.0,Delivered
1377,2026-06-15,31,5,1,1,5.0,Delivered
1378,2026-06-15,37,4,1,2,5.0,Delivered
1379,2026-06-15,37,7,1,1,10.0,Delivered
1380,2026-06-15,43,6,1,1,5.0,Delivered
1381,2026-06-15,49,4,1,1,5.0,Delivered
1382,2026-06-15,49,7,1,1,10.0,Delivered
1383,2026-06-15,55,5,1,1,5.0,Delivered
1384,2026-06-15,61,1,1,1,6.0,Delivered
1385,2026-06-15,2,1,2,1,6.0,Delivered
1386,2026-06-15,2,3,2,1,10.0,Delivered
1387,2026-06-15,8,5,2,1,5.0,Delivered
1388,2026-06-15,14,4,2,1,5.0,Delivered
1389,2026-06-15,20,1,2,1,6.0,Delivered
1390,2026-06-15,20,2,2,1,5.5,Delivered
1391,2026-06-15,20,7,2,1,10.0,Delivered
1392,2026-06-15,26,2,2,1,5.5,Delivered
1393,2026-06-15,32,3,2,1,10.0,Delivered
1394,2026-06-15,32,4,2,1,5.0,Delivered
1395,2026-06-15,38,4,2,1,5.0,Delivered
1396,2026-06-15,38,5,2,2,5.0,Failed
1397,2026-06-15,44,1,2,1,6.0,Delivered
1398,2026-06-15,50,3,2,1,10.0,Delivered
1399,2026-06-15,50,4,2,1,5.0,Delivered
1400,2026-06-15,56,1,2,1,6.0,Delivered
1401,2026-06-15,56,2,2,1,5.5,Delivered
1402,2026-06-15,62,3,2,1,10.0,Delivered
1403,2026-06-15,3,1,3,1,6.0,Delivered
1404,2026-06-15,3,2,3,1,5.5,Delivered
1405,2026-06-15,3,6,3,1,5.0,Delivered
1406,2026-06-15,9,7,3,2,10.0,Delivered
1407,2026-06-15,15,2,3,1,5.5,Delivered
1408,2026-06-15,15,4,3,2,5.0,Delivered
1409,2026-06-15,15,5,3,1,5.0,Delivered
1410,2026-06-15,21,1,3,2,6.0,Delivered
1411,2026-06-15,27,1,3,1,6.0,Delivered
1412,2026-06-15,27,4,3,1,5.0,Delivered
1413,2026-06-15,27,5,3,1,5.0,Delivered
1414,2026-06-15,33,6,3,1,5.0,Delivered
1415,2026-06-15,39,3,3,1,10.0,Delivered
1416,2026-06-15,45,1,3,1,6.0,Delivered
1417,2026-06-15,45,2,3,1,5.5,Delivered
1418,2026-06-15,51,3,3,1,10.0,Delivered
1419,2026-06-15,51,4,3,1,5.0,Delivered
1420,2026-06-15,57,1,3,1,6.0,Delivered
1421,2026-06-15,4,2,4,1,5.5,Delivered
1422,2026-06-15,10,1,4,1,6.0,Delivered
1423,2026-06-15,10,3,4,1,10.0,Delivered
1424,2026-06-15,10,5,4,1,5.0,Delivered
1425,2026-06-15,16,2,4,1,5.5,Delivered
1426,2026-06-15,22,1,4,1,6.0,Delivered
1427,2026-06-15,22,5,4,1,5.0,Delivered
1428,2026-06-15,28,1,4,1,6.0,Delivered
1429,2026-06-15,28,5,4,1,5.0,Delivered
1430,2026-06-15,34,3,4,1,10.0,Delivered
1431,2026-06-15,40,4,4,1,5.0,Delivered
1432,2026-06-15,46,3,4,1,10.0,Delivered
1433,2026-06-15,52,4,4,1,5.0,Delivered
1434,2026-06-15,52,5,4,1,5.0,Delivered
1435,2026-06-15,58,2,4,2,5.5,Delivered
1436,2026-06-15,5,1,5,1,6.0,Delivered
1437,2026-06-15,11,4,5,1,5.0,Delivered
1438,2026-06-15,17,2,5,1,5.5,Delivered
1439,2026-06-15,17,5,5,1,5.0,Delivered
1440,2026-06-15,23,2,5,1,5.5,Delivered
1441,2026-06-15,29,3,5,1,10.0,Delivered
1442,2026-06-15,29,4,5,1,5.0,Delivered
1443,2026-06-15,35,2,5,2,5.5,Delivered
1444,2026-06-15,35,6,5,1,5.0,Delivered
1445,2026-06-15,41,1,5,1,6.0,Delivered
1446,2026-06-15,47,1,5,1,6.0,Delivered
1447,2026-06-15,47,2,5,1,5.5,Delivered
1448,2026-06-15,47,5,5,1,5.0,Delivered
1449,2026-06-15,53,2,5,1,5.5,Delivered
1450,2026-06-15,53,3,5,1,10.0,Delivered
1451,2026-06-15,59,3,5,1,10.0,Delivered
1452,2026-06-15,6,6,5,1,5.0,Delivered
1453,2026-06-15,12,6,5,1,5.0,Delivered
1454,2026-06-15,18,4,5,1,5.0,Delivered
1455,2026-06-15,24,7,5,1,10.0,Delivered
1456,2026-06-15,30,3,5,1,10.0,Delivered
1457,2026-06-15,36,8,5,1,6.0,Delivered
1458,2026-06-15,42,1,5,1,6.0,Delivered
1459,2026-06-15,48,7,5,1,10.0,Delivered
1460,2026-06-15,54,4,5,1,5.0,Delivered
1461,2026-06-15,60,1,5,1,6.0,Delivered
1462,2026-06-15,60,3,5,1,10.0,Delivered
1463,2026-06-16,1,2,1,2,5.5,Delivered
1464,2026-06-16,1,4,1,1,5.0,Delivered
1465,2026-06-16,7,3,1,1,10.0,Delivered
1466,2026-06-16,7,8,1,1,6.0,Delivered
1467,2026-06-16,13,5,1,1,5.0,Delivered
1468,2026-06-16,19,1,1,2,6.0,Delivered
1469,2026-06-16,19,5,1,2,5.0,Delivered
1470,2026-06-16,19,6,1,1,5.0,Delivered
1471,2026-06-16,25,3,1,1,10.0,Delivered
1472,2026-06-16,25,7,1,1,10.0,Delivered
1473,2026-06-16,31,1,1,1,6.0,Delivered
1474,2026-06-16,31,4,1,1,5.0,Delivered
1475,2026-06-16,31,5,1,1,5.0,Delivered
1476,2026-06-16,37,4,1,2,5.0,Delivered
1477,2026-06-16,37,7,1,1,10.0,Delivered
1478,2026-06-16,43,6,1,1,5.0,Delivered
1479,2026-06-16,49,4,1,1,5.0,Delivered
1480,2026-06-16,49,7,1,1,10.0,Delivered
1481,2026-06-16,55,5,1,1,5.0,Delivered
1482,2026-06-16,61,1,1,1,6.0,Delivered
1483,2026-06-16,2,1,2,1,6.0,Delivered
1484,2026-06-16,2,3,2,1,10.0,Delivered
1485,2026-06-16,8,5,2,1,5.0,Delivered
1486,2026-06-16,14,4,2,1,5.0,Delivered
1487,2026-06-16,20,1,2,1,6.0,Delivered
1488,2026-06-16,20,2,2,1,5.5,Delivered
1489,2026-06-16,20,7,2,1,10.0,Delivered
1490,2026-06-16,26,2,2,1,5.5,Delivered
1491,2026-06-16,32,3,2,1,10.0,Delivered
1492,2026-06-16,32,4,2,1,5.0,Delivered
1493,2026-06-16,38,4,2,1,5.0,Delivered
1494,2026-06-16,38,5,2,2,5.0,Delivered
1495,2026-06-16,44,1,2,1,6.0,Delivered
1496,2026-06-16,50,3,2,1,10.0,Delivered
1497,2026-06-16,50,4,2,1,5.0,Delivered
1498,2026-06-16,56,1,2,1,6.0,Delivered
1499,2026-06-16,56,2,2,1,5.5,Delivered
1500,2026-06-16,62,3,2,1,10.0,Delivered
1501,2026-06-16,3,1,3,1,6.0,Delivered
1502,2026-06-16,3,2,3,1,5.5,Delivered
1503,2026-06-16,3,6,3,1,5.0,Delivered
1504,2026-06-16,9,7,3,2,10.0,Delivered
1505,2026-06-16,15,2,3,1,5.5,Delivered
1506,2026-06-16,15,4,3,2,5.0,Delivered
1507,2026-06-16,15,5,3,1,5.0,Delivered
1508,2026-06-16,21,1,3,2,6.0,Delivered
1509,2026-06-16,27,1,3,1,6.0,Delivered
1510,2026-06-16,27,4,3,1,5.0,Delivered
1511,2026-06-16,27,5,3,1,5.0,Delivered
1512,2026-06-16,33,6,3,1,5.0,Delivered
1513,2026-06-16,39,3,3,1,10.0,Delivered
1514,2026-06-16,45,1,3,1,6.0,Delivered
1515,2026-06-16,45,2,3,1,5.5,Delivered
1516,2026-06-16,51,3,3,1,10.0,Delivered
1517,2026-06-16,51,4,3,1,5.0,Delivered
1518,2026-06-16,57,1,3,1,6.0,Delivered
1519,2026-06-16,4,2,4,1,5.5,Delivered
1520,2026-06-16,10,1,4,1,6.0,Delivered
1521,2026-06-16,10,3,4,1,10.0,Delivered
1522,2026-06-16,10,5,4,1,5.0,Delivered
1523,2026-06-16,16,2,4,1,5.5,Delivered
1524,2026-06-16,22,1,4,1,6.0,Delivered
1525,2026-06-16,22,5,4,1,5.0,Delivered
1526,2026-06-16,28,1,4,1,6.0,Delivered
1527,2026-06-16,28,5,4,1,5.0,Delivered
1528,2026-06-16,34,3,4,1,10.0,Delivered
1529,2026-06-16,40,4,4,1,5.0,Delivered
1530,2026-06-16,46,3,4,1,10.0,Delivered
1531,2026-06-16,52,4,4,1,5.0,Delivered
1532,2026-06-16,52,5,4,1,5.0,Delivered
1533,2026-06-16,58,2,4,2,5.5,Delivered
1534,2026-06-16,5,1,5,1,6.0,Delivered
1535,2026-06-16,11,4,5,1,5.0,Delivered
1536,2026-06-16,17,2,5,1,5.5,Delivered
1537,2026-06-16,17,5,5,1,5.0,Delivered
1538,2026-06-16,23,2,5,1,5.5,Delivered
1539,2026-06-16,29,3,5,1,10.0,Delivered
1540,2026-06-16,29,4,5,1,5.0,Delivered
1541,2026-06-16,35,2,5,2,5.5,Delivered
1542,2026-06-16,35,6,5,1,5.0,Failed
1543,2026-06-16,41,1,5,1,6.0,Delivered
1544,2026-06-16,47,1,5,1,6.0,Delivered
1545,2026-06-16,47,2,5,1,5.5,Failed
1546,2026-06-16,47,5,5,1,5.0,Delivered
1547,2026-06-16,53,2,5,1,5.5,Delivered
1548,2026-06-16,53,3,5,1,10.0,Delivered
1549,2026-06-16,59,3,5,1,10.0,Delivered
1550,2026-06-16,6,6,5,1,5.0,Delivered
1551,2026-06-16,12,6,5,1,5.0,Delivered
1552,2026-06-16,18,4,5,1,5.0,Delivered
1553,2026-06-16,24,7,5,1,10.0,Delivered
1554,2026-06-16,30,3,5,1,10.0,Delivered
1555,2026-06-16,36,8,5,1,6.0,Delivered
1556,2026-06-16,42,1,5,1,6.0,Delivered
1557,2026-06-16,48,7,5,1,10.0,Delivered
1558,2026-06-16,54,4,5,1,5.0,Delivered
1559,2026-06-16,60,1,5,1,6.0,Delivered
1560,2026-06-16,60,3,5,1,10.0,Delivered
1561,2026-06-17,1,2,1,2,5.5,Delivered
1562,2026-06-17,1,4,1,1,5.0,Delivered
1563,2026-06-17,7,3,1,1,10.0,Delivered
1564,2026-06-17,7,8,1,1,6.0,Delivered
1565,2026-06-17,13,5,1,1,5.0,Delivered
1566,2026-06-17,19,1,1,2,6.0,Delivered
1567,2026-06-17,19,5,1,2,5.0,Delivered
1568,2026-06-17,19,6,1,1,5.0,Delivered
1569,2026-06-17,25,3,1,1,10.0,Delivered
1570,2026-06-17,25,7,1,1,10.0,Delivered
1571,2026-06-17,31,1,1,1,6.0,Delivered
1572,2026-06-17,31,4,1,1,5.0,Delivered
1573,2026-06-17,31,5,1,1,5.0,Delivered
1574,2026-06-17,37,4,1,2,5.0,Delivered
1575,2026-06-17,37,7,1,1,10.0,Delivered
1576,2026-06-17,43,6,1,1,5.0,Delivered
1577,2026-06-17,49,4,1,1,5.0,Delivered
1578,2026-06-17,49,7,1,1,10.0,Delivered
1579,2026-06-17,55,5,1,1,5.0,Delivered
1580,2026-06-17,61,1,1,1,6.0,Delivered
1581,2026-06-17,2,1,2,1,6.0,Delivered
1582,2026-06-17,2,3,2,1,10.0,Delivered
1583,2026-06-17,8,5,2,1,5.0,Delivered
1584,2026-06-17,14,4,2,1,5.0,Delivered
1585,2026-06-17,20,1,2,1,6.0,Delivered
1586,2026-06-17,20,2,2,1,5.5,Delivered
1587,2026-06-17,20,7,2,1,10.0,Delivered
1588,2026-06-17,26,2,2,1,5.5,Delivered
1589,2026-06-17,32,3,2,1,10.0,Delivered
1590,2026-06-17,32,4,2,1,5.0,Delivered
1591,2026-06-17,38,4,2,1,5.0,Delivered
1592,2026-06-17,38,5,2,2,5.0,Delivered
1593,2026-06-17,44,1,2,1,6.0,Delivered
1594,2026-06-17,50,3,2,1,10.0,Delivered
1595,2026-06-17,50,4,2,1,5.0,Delivered
1596,2026-06-17,56,1,2,1,6.0,Delivered
1597,2026-06-17,56,2,2,1,5.5,Delivered
1598,2026-06-17,62,3,2,1,10.0,Delivered
1599,2026-06-17,3,1,3,1,6.0,Delivered
1600,2026-06-17,3,2,3,1,5.5,Delivered
1601,2026-06-17,3,6,3,1,5.0,Delivered
1602,2026-06-17,9,7,3,2,10.0,Delivered
1603,2026-06-17,15,2,3,1,5.5,Delivered
1604,2026-06-17,15,4,3,2,5.0,Delivered
1605,2026-06-17,15,5,3,1,5.0,Delivered
1606,2026-06-17,21,1,3,2,6.0,Delivered
1607,2026-06-17,27,1,3,1,6.0,Delivered
1608,2026-06-17,27,4,3,1,5.0,Delivered
1609,2026-06-17,27,5,3,1,5.0,Delivered
1610,2026-06-17,33,6,3,1,5.0,Delivered
1611,2026-06-17,39,3,3,1,10.0,Delivered
1612,2026-06-17,45,1,3,1,6.0,Delivered
1613,2026-06-17,45,2,3,1,5.5,Delivered
1614,2026-06-17,51,3,3,1,10.0,Delivered
1615,2026-06-17,51,4,3,1,5.0,Delivered
1616,2026-06-17,57,1,3,1,6.0,Delivered
1617,2026-06-17,4,2,4,1,5.5,Delivered
1618,2026-06-17,10,1,4,1,6.0,Delivered
1619,2026-06-17,10,3,4,1,10.0,Delivered
1620,2026-06-17,10,5,4,1,5.0,Delivered
1621,2026-06-17,16,2,4,1,5.5,Delivered
1622,2026-06-17,22,1,4,1,6.0,Delivered
1623,2026-06-17,22,5,4,1,5.0,Delivered
1624,2026-06-17,28,1,4,1,6.0,Delivered
1625,2026-06-17,28,5,4,1,5.0,Delivered
1626,2026-06-17,34,3,4,1,10.0,Delivered
1627,2026-06-17,40,4,4,1,5.0,Delivered
1628,2026-06-17,46,3,4,1,10.0,Delivered
1629,2026-06-17,52,4,4,1,5.0,Delivered
1630,2026-06-17,52,5,4,1,5.0,Delivered
1631,2026-06-17,58,2,4,2,5.5,Delivered
1632,2026-06-17,5,1,5,1,6.0,Delivered
1633,2026-06-17,11,4,5,1,5.0,Delivered
1634,2026-06-17,17,2,5,1,5.5,Delivered
1635,2026-06-17,17,5,5,1,5.0,Delivered
1636,2026-06-17,23,2,5,1,5.5,Delivered
1637,2026-06-17,29,3,5,1,10.0,Delivered
1638,2026-06-17,29,4,5,1,5.0,Delivered
1639,2026-06-17,35,2,5,2,5.5,Delivered
1640,2026-06-17,35,6,5,1,5.0,Delivered
1641,2026-06-17,41,1,5,1,6.0,Delivered
1642,2026-06-17,47,1,5,1,6.0,Delivered
1643,2026-06-17,47,2,5,1,5.5,Delivered
1644,2026-06-17,47,5,5,1,5.0,Delivered
1645,2026-06-17,53,2,5,1,5.5,Delivered
1646,2026-06-17,53,3,5,1,10.0,Delivered
1647,2026-06-17,59,3,5,1,10.0,Delivered
1648,2026-06-17,6,6,5,1,5.0,Delivered
1649,2026-06-17,12,6,5,1,5.0,Delivered
1650,2026-06-17,18,4,5,1,5.0,Delivered
1651,2026-06-17,24,7,5,1,10.0,Delivered
1652,2026-06-17,30,3,5,1,10.0,Delivered
1653,2026-06-17,36,8,5,1,6.0,Delivered
1654,2026-06-17,42,1,5,1,6.0,Delivered
1655,2026-06-17,48,7,5,1,10.0,Delivered
1656,2026-06-17,54,4,5,1,5.0,Delivered
1657,2026-06-17,60,1,5,1,6.0,Delivered
1658,2026-06-17,60,3,5,1,10.0,Delivered
1659,2026-06-18,1,2,1,2,5.5,Delivered
1660,2026-06-18,1,4,1,1,5.0,Delivered
1661,2026-06-18,7,3,1,1,10.0,Delivered
1662,2026-06-18,7,8,1,1,6.0,Delivered
1663,2026-06-18,13,5,1,1,5.0,Delivered
1664,2026-06-18,19,1,1,2,6.0,Delivered
1665,2026-06-18,19,5,1,2,5.0,Delivered
1666,2026-06-18,19,6,1,1,5.0,Delivered
1667,2026-06-18,25,3,1,1,10.0,Delivered
1668,2026-06-18,25,7,1,1,10.0,Delivered
1669,2026-06-18,31,1,1,1,6.0,Delivered
1670,2026-06-18,31,4,1,1,5.0,Delivered
1671,2026-06-18,31,5,1,1,5.0,Delivered
1672,2026-06-18,37,4,1,2,5.0,Failed
1673,2026-06-18,37,7,1,1,10.0,Delivered
1674,2026-06-18,43,6,1,1,5.0,Delivered
1675,2026-06-18,49,4,1,1,5.0,Delivered
1676,2026-06-18,49,7,1,1,10.0,Delivered
1677,2026-06-18,55,5,1,1,5.0,Delivered
1678,2026-06-18,61,1,1,1,6.0,Delivered
1679,2026-06-18,2,1,2,1,6.0,Delivered
1680,2026-06-18,2,3,2,1,10.0,Delivered
1681,2026-06-18,8,5,2,1,5.0,Delivered
1682,2026-06-18,14,4,2,1,5.0,Delivered
1683,2026-06-18,20,1,2,1,6.0,Delivered
1684,2026-06-18,20,2,2,1,5.5,Delivered
1685,2026-06-18,20,7,2,1,10.0,Delivered
1686,2026-06-18,26,2,2,1,5.5,Delivered
1687,2026-06-18,32,3,2,1,10.0,Delivered
1688,2026-06-18,32,4,2,1,5.0,Delivered
1689,2026-06-18,38,4,2,1,5.0,Delivered
1690,2026-06-18,38,5,2,2,5.0,Delivered
1691,2026-06-18,44,1,2,1,6.0,Delivered
1692,2026-06-18,50,3,2,1,10.0,Delivered
1693,2026-06-18,50,4,2,1,5.0,Delivered
1694,2026-06-18,56,1,2,1,6.0,Delivered
1695,2026-06-18,56,2,2,1,5.5,Delivered
1696,2026-06-18,62,3,2,1,10.0,Delivered
1697,2026-06-18,3,1,3,1,6.0,Delivered
1698,2026-06-18,3,2,3,1,5.5,Delivered
1699,2026-06-18,3,6,3,1,5.0,Delivered
1700,2026-06-18,9,7,3,2,10.0,Delivered
1701,2026-06-18,15,2,3,1,5.5,Delivered
1702,2026-06-18,15,4,3,2,5.0,Delivered
1703,2026-06-18,15,5,3,1,5.0,Delivered
1704,2026-06-18,21,1,3,2,6.0,Delivered
1705,2026-06-18,27,1,3,1,6.0,Delivered
1706,2026-06-18,27,4,3,1,5.0,Delivered
1707,2026-06-18,27,5,3,1,5.0,Delivered
1708,2026-06-18,33,6,3,1,5.0,Delivered
1709,2026-06-18,39,3,3,1,10.0,Delivered
1710,2026-06-18,45,1,3,1,6.0,Delivered
1711,2026-06-18,45,2,3,1,5.5,Delivered
1712,2026-06-18,51,3,3,1,10.0,Delivered
1713,2026-06-18,51,4,3,1,5.0,Failed
1714,2026-06-18,57,1,3,1,6.0,Delivered
1715,2026-06-18,4,2,4,1,5.5,Delivered
1716,2026-06-18,10,1,4,1,6.0,Delivered
1717,2026-06-18,10,3,4,1,10.0,Delivered
1718,2026-06-18,10,5,4,1,5.0,Delivered
1719,2026-06-18,16,2,4,1,5.5,Delivered
1720,2026-06-18,22,1,4,1,6.0,Delivered
1721,2026-06-18,22,5,4,1,5.0,Delivered
1722,2026-06-18,28,1,4,1,6.0,Delivered
1723,2026-06-18,28,5,4,1,5.0,Delivered
1724,2026-06-18,34,3,4,1,10.0,Delivered
1725,2026-06-18,40,4,4,1,5.0,Delivered
1726,2026-06-18,46,3,4,1,10.0,Delivered
1727,2026-06-18,52,4,4,1,5.0,Delivered
1728,2026-06-18,52,5,4,1,5.0,Delivered
1729,2026-06-18,58,2,4,2,5.5,Delivered
1730,2026-06-18,5,1,5,1,6.0,Delivered
1731,2026-06-18,11,4,5,1,5.0,Delivered
1732,2026-06-18,17,2,5,1,5.5,Delivered
1733,2026-06-18,17,5,5,1,5.0,Delivered
1734,2026-06-18,23,2,5,1,5.5,Delivered
1735,2026-06-18,29,3,5,1,10.0,Delivered
1736,2026-06-18,29,4,5,1,5.0,Delivered
1737,2026-06-18,35,2,5,2,5.5,Delivered
1738,2026-06-18,35,6,5,1,5.0,Delivered
1739,2026-06-18,41,1,5,1,6.0,Delivered
1740,2026-06-18,47,1,5,1,6.0,Delivered
1741,2026-06-18,47,2,5,1,5.5,Delivered
1742,2026-06-18,47,5,5,1,5.0,Delivered
1743,2026-06-18,53,2,5,1,5.5,Delivered
1744,2026-06-18,53,3,5,1,10.0,Delivered
1745,2026-06-18,59,3,5,1,10.0,Delivered
1746,2026-06-18,6,6,5,1,5.0,Delivered
1747,2026-06-18,12,6,5,1,5.0,Delivered
1748,2026-06-18,18,4,5,1,5.0,Delivered
1749,2026-06-18,24,7,5,1,10.0,Delivered
1750,2026-06-18,30,3,5,1,10.0,Delivered
1751,2026-06-18,36,8,5,1,6.0,Delivered
1752,2026-06-18,42,1,5,1,6.0,Delivered
1753,2026-06-18,48,7,5,1,10.0,Delivered
1754,2026-06-18,54,4,5,1,5.0,Delivered
1755,2026-06-18,60,1,5,1,6.0,Delivered
1756,2026-06-18,60,3,5,1,10.0,Delivered
1757,2026-06-19,1,2,1,2,5.5,Delivered
1758,2026-06-19,1,4,1,1,5.0,Delivered
1759,2026-06-19,7,3,1,1,10.0,Delivered
1760,2026-06-19,7,8,1,1,6.0,Delivered
1761,2026-06-19,13,5,1,1,5.0,Delivered
1762,2026-06-19,19,1,1,2,6.0,Delivered
1763,2026-06-19,19,5,1,2,5.0,Delivered
1764,2026-06-19,19,6,1,1,5.0,Delivered
1765,2026-06-19,25,3,1,1,10.0,Delivered
1766,2026-06-19,25,7,1,1,10.0,Delivered
1767,2026-06-19,37,4,1,2,5.0,Delivered
1768,2026-06-19,37,7,1,1,10.0,Delivered
1769,2026-06-19,43,6,1,1,5.0,Delivered
1770,2026-06-19,49,4,1,1,5.0,Delivered
1771,2026-06-19,49,7,1,1,10.0,Delivered
1772,2026-06-19,55,5,1,1,5.0,Delivered
1773,2026-06-19,61,1,1,1,6.0,Delivered
1774,2026-06-19,2,1,2,1,6.0,Delivered
1775,2026-06-19,2,3,2,1,10.0,Delivered
1776,2026-06-19,8,5,2,1,5.0,Delivered
1777,2026-06-19,14,4,2,1,5.0,Delivered
1778,2026-06-19,20,1,2,1,6.0,Delivered
1779,2026-06-19,20,2,2,1,5.5,Delivered
1780,2026-06-19,20,7,2,1,10.0,Delivered
1781,2026-06-19,26,2,2,1,5.5,Delivered
1782,2026-06-19,32,3,2,1,10.0,Delivered
1783,2026-06-19,32,4,2,1,5.0,Delivered
1784,2026-06-19,38,4,2,1,5.0,Delivered
1785,2026-06-19,38,5,2,2,5.0,Delivered
1786,2026-06-19,44,1,2,1,6.0,Delivered
1787,2026-06-19,50,3,2,1,10.0,Delivered
1788,2026-06-19,50,4,2,1,5.0,Delivered
1789,2026-06-19,56,1,2,1,6.0,Delivered
1790,2026-06-19,56,2,2,1,5.5,Delivered
1791,2026-06-19,62,3,2,1,10.0,Delivered
1792,2026-06-19,3,1,3,1,6.0,Delivered
1793,2026-06-19,3,2,3,1,5.5,Delivered
1794,2026-06-19,3,6,3,1,5.0,Delivered
1795,2026-06-19,9,7,3,2,10.0,Delivered
1796,2026-06-19,15,2,3,1,5.5,Delivered
1797,2026-06-19,15,4,3,2,5.0,Delivered
1798,2026-06-19,15,5,3,1,5.0,Delivered
1799,2026-06-19,21,1,3,2,6.0,Delivered
1800,2026-06-19,27,1,3,1,6.0,Delivered
1801,2026-06-19,27,4,3,1,5.0,Delivered
1802,2026-06-19,27,5,3,1,5.0,Delivered
1803,2026-06-19,33,6,3,1,5.0,Delivered
1804,2026-06-19,39,3,3,1,10.0,Delivered
1805,2026-06-19,45,1,3,1,6.0,Delivered
1806,2026-06-19,45,2,3,1,5.5,Delivered
1807,2026-06-19,51,3,3,1,10.0,Delivered
1808,2026-06-19,51,4,3,1,5.0,Delivered
1809,2026-06-19,57,1,3,1,6.0,Delivered
1810,2026-06-19,4,2,4,1,5.5,Delivered
1811,2026-06-19,10,1,4,1,6.0,Delivered
1812,2026-06-19,10,3,4,1,10.0,Delivered
1813,2026-06-19,10,5,4,1,5.0,Delivered
1814,2026-06-19,16,2,4,1,5.5,Delivered
1815,2026-06-19,22,1,4,1,6.0,Delivered
1816,2026-06-19,22,5,4,1,5.0,Delivered
1817,2026-06-19,28,1,4,1,6.0,Delivered
1818,2026-06-19,28,5,4,1,5.0,Delivered
1819,2026-06-19,34,3,4,1,10.0,Delivered
1820,2026-06-19,40,4,4,1,5.0,Delivered
1821,2026-06-19,46,3,4,1,10.0,Delivered
1822,2026-06-19,52,4,4,1,5.0,Delivered
1823,2026-06-19,52,5,4,1,5.0,Delivered
1824,2026-06-19,58,2,4,2,5.5,Delivered
1825,2026-06-19,5,1,5,1,6.0,Delivered
1826,2026-06-19,11,4,5,1,5.0,Delivered
1827,2026-06-19,17,2,5,1,5.5,Delivered
1828,2026-06-19,17,5,5,1,5.0,Delivered
1829,2026-06-19,23,2,5,1,5.5,Delivered
1830,2026-06-19,29,3,5,1,10.0,Delivered
1831,2026-06-19,29,4,5,1,5.0,Delivered
1832,2026-06-19,35,2,5,2,5.5,Delivered
1833,2026-06-19,35,6,5,1,5.0,Delivered
1834,2026-06-19,41,1,5,1,6.0,Delivered
1835,2026-06-19,47,1,5,1,6.0,Delivered
1836,2026-06-19,47,2,5,1,5.5,Delivered
1837,2026-06-19,47,5,5,1,5.0,Delivered
1838,2026-06-19,53,2,5,1,5.5,Delivered
1839,2026-06-19,53,3,5,1,10.0,Delivered
1840,2026-06-19,59,3,5,1,10.0,Delivered
1841,2026-06-19,6,6,5,1,5.0,Delivered
1842,2026-06-19,12,6,5,1,5.0,Delivered
1843,2026-06-19,18,4,5,1,5.0,Delivered
1844,2026-06-19,24,7,5,1,10.0,Delivered
1845,2026-06-19,30,3,5,1,10.0,Delivered
1846,2026-06-19,36,8,5,1,6.0,Failed
1847,2026-06-19,42,1,5,1,6.0,Delivered
1848,2026-06-19,48,7,5,1,10.0,Delivered
1849,2026-06-19,54,4,5,1,5.0,Delivered
1850,2026-06-19,60,1,5,1,6.0,Delivered
1851,2026-06-19,60,3,5,1,10.0,Delivered
1852,2026-06-20,1,2,1,2,5.5,Delivered
1853,2026-06-20,1,4,1,1,5.0,Delivered
1854,2026-06-20,7,3,1,1,10.0,Delivered
1855,2026-06-20,7,8,1,1,6.0,Delivered
1856,2026-06-20,13,5,1,1,5.0,Delivered
1857,2026-06-20,19,1,1,2,6.0,Delivered
1858,2026-06-20,19,5,1,2,5.0,Delivered
1859,2026-06-20,19,6,1,1,5.0,Delivered
1860,2026-06-20,25,3,1,1,10.0,Delivered
1861,2026-06-20,25,7,1,1,10.0,Delivered
1862,2026-06-20,43,6,1,1,5.0,Delivered
1863,2026-06-20,49,4,1,1,5.0,Failed
1864,2026-06-20,49,7,1,1,10.0,Delivered
1865,2026-06-20,55,5,1,1,5.0,Delivered
1866,2026-06-20,61,1,1,1,6.0,Delivered
1867,2026-06-20,2,1,2,1,6.0,Delivered
1868,2026-06-20,2,3,2,1,10.0,Delivered
1869,2026-06-20,8,5,2,1,5.0,Delivered
1870,2026-06-20,14,4,2,1,5.0,Delivered
1871,2026-06-20,20,1,2,1,6.0,Delivered
1872,2026-06-20,20,2,2,1,5.5,Delivered
1873,2026-06-20,20,7,2,1,10.0,Delivered
1874,2026-06-20,26,2,2,1,5.5,Delivered
1875,2026-06-20,32,3,2,1,10.0,Delivered
1876,2026-06-20,32,4,2,1,5.0,Delivered
1877,2026-06-20,38,4,2,1,5.0,Delivered
1878,2026-06-20,38,5,2,2,5.0,Delivered
1879,2026-06-20,44,1,2,1,6.0,Delivered
1880,2026-06-20,50,3,2,1,10.0,Delivered
1881,2026-06-20,50,4,2,1,5.0,Delivered
1882,2026-06-20,56,1,2,1,6.0,Delivered
1883,2026-06-20,56,2,2,1,5.5,Delivered
1884,2026-06-20,62,3,2,1,10.0,Delivered
1885,2026-06-20,3,1,3,1,6.0,Delivered
1886,2026-06-20,3,2,3,1,5.5,Delivered
1887,2026-06-20,3,6,3,1,5.0,Delivered
1888,2026-06-20,9,7,3,2,10.0,Delivered
1889,2026-06-20,15,2,3,1,5.5,Delivered
1890,2026-06-20,15,4,3,2,5.0,Delivered
1891,2026-06-20,15,5,3,1,5.0,Delivered
1892,2026-06-20,21,1,3,2,6.0,Delivered
1893,2026-06-20,27,1,3,1,6.0,Delivered
1894,2026-06-20,27,4,3,1,5.0,Delivered
1895,2026-06-20,27,5,3,1,5.0,Delivered
1896,2026-06-20,33,6,3,1,5.0,Delivered
1897,2026-06-20,39,3,3,1,10.0,Delivered
1898,2026-06-20,45,1,3,1,6.0,Delivered
1899,2026-06-20,45,2,3,1,5.5,Delivered
1900,2026-06-20,51,3,3,1,10.0,Delivered
1901,2026-06-20,51,4,3,1,5.0,Delivered
1902,2026-06-20,57,1,3,1,6.0,Delivered
1903,2026-06-20,4,2,4,1,5.5,Delivered
1904,2026-06-20,10,1,4,1,6.0,Delivered
1905,2026-06-20,10,3,4,1,10.0,Delivered
1906,2026-06-20,10,5,4,1,5.0,Delivered
1907,2026-06-20,16,2,4,1,5.5,Delivered
1908,2026-06-20,22,1,4,1,6.0,Delivered
1909,2026-06-20,22,5,4,1,5.0,Delivered
1910,2026-06-20,28,1,4,1,6.0,Delivered
1911,2026-06-20,28,5,4,1,5.0,Delivered
1912,2026-06-20,34,3,4,1,10.0,Delivered
1913,2026-06-20,40,4,4,1,5.0,Delivered
1914,2026-06-20,46,3,4,1,10.0,Delivered
1915,2026-06-20,52,4,4,1,5.0,Delivered
1916,2026-06-20,52,5,4,1,5.0,Failed
1917,2026-06-20,58,2,4,2,5.5,Delivered
1918,2026-06-20,5,1,5,1,6.0,Delivered
1919,2026-06-20,11,4,5,1,5.0,Delivered
1920,2026-06-20,17,2,5,1,5.5,Delivered
1921,2026-06-20,17,5,5,1,5.0,Delivered
1922,2026-06-20,23,2,5,1,5.5,Delivered
1923,2026-06-20,29,3,5,1,10.0,Delivered
1924,2026-06-20,29,4,5,1,5.0,Delivered
1925,2026-06-20,35,2,5,2,5.5,Delivered
1926,2026-06-20,35,6,5,1,5.0,Delivered
1927,2026-06-20,41,1,5,1,6.0,Delivered
1928,2026-06-20,47,1,5,1,6.0,Delivered
1929,2026-06-20,47,2,5,1,5.5,Delivered
1930,2026-06-20,47,5,5,1,5.0,Delivered
1931,2026-06-20,53,2,5,1,5.5,Delivered
1932,2026-06-20,53,3,5,1,10.0,Delivered
1933,2026-06-20,59,3,5,1,10.0,Delivered
1934,2026-06-20,6,6,5,1,5.0,Delivered
1935,2026-06-20,12,6,5,1,5.0,Delivered
1936,2026-06-20,18,4,5,1,5.0,Delivered
1937,2026-06-20,24,7,5,1,10.0,Delivered
1938,2026-06-20,30,3,5,1,10.0,Delivered
1939,2026-06-20,36,8,5,1,6.0,Delivered
1940,2026-06-20,42,1,5,1,6.0,Delivered
1941,2026-06-20,48,7,5,1,10.0,Delivered
1942,2026-06-20,54,4,5,1,5.0,Delivered
1943,2026-06-20,60,1,5,1,6.0,Delivered
1944,2026-06-20,60,3,5,1,10.0,Delivered
1945,2026-06-21,1,2,1,2,5.5,Delivered
1946,2026-06-21,1,4,1,1,5.0,Delivered
1947,2026-06-21,7,3,1,1,10.0,Delivered
1948,2026-06-21,7,8,1,1,6.0,Delivered
1949,2026-06-21,13,5,1,1,5.0,Delivered
1950,2026-06-21,19,1,1,2,6.0,Delivered
1951,2026-06-21,19,5,1,2,5.0,Delivered
1952,2026-06-21,19,6,1,1,5.0,Delivered
1953,2026-06-21,25,3,1,1,10.0,Delivered
1954,2026-06-21,25,7,1,1,10.0,Delivered
1955,2026-06-21,43,6,1,1,5.0,Delivered
1956,2026-06-21,49,4,1,1,5.0,Delivered
1957,2026-06-21,49,7,1,1,10.0,Delivered
1958,2026-06-21,55,5,1,1,5.0,Delivered
1959,2026-06-21,61,1,1,1,6.0,Delivered
1960,2026-06-21,2,1,2,1,6.0,Delivered
1961,2026-06-21,2,3,2,1,10.0,Delivered
1962,2026-06-21,8,5,2,1,5.0,Delivered
1963,2026-06-21,14,4,2,1,5.0,Delivered
1964,2026-06-21,20,1,2,1,6.0,Delivered
1965,2026-06-21,20,2,2,1,5.5,Delivered
1966,2026-06-21,20,7,2,1,10.0,Delivered
1967,2026-06-21,26,2,2,1,5.5,Delivered
1968,2026-06-21,32,3,2,1,10.0,Delivered
1969,2026-06-21,32,4,2,1,5.0,Delivered
1970,2026-06-21,38,4,2,1,5.0,Delivered
1971,2026-06-21,38,5,2,2,5.0,Delivered
1972,2026-06-21,44,1,2,1,6.0,Delivered
1973,2026-06-21,50,3,2,1,10.0,Delivered
1974,2026-06-21,50,4,2,1,5.0,Delivered
1975,2026-06-21,56,1,2,1,6.0,Delivered
1976,2026-06-21,56,2,2,1,5.5,Delivered
1977,2026-06-21,62,3,2,1,10.0,Delivered
1978,2026-06-21,3,1,3,1,6.0,Delivered
1979,2026-06-21,3,2,3,1,5.5,Delivered
1980,2026-06-21,3,6,3,1,5.0,Delivered
1981,2026-06-21,9,7,3,2,10.0,Delivered
1982,2026-06-21,15,2,3,1,5.5,Delivered
1983,2026-06-21,15,4,3,2,5.0,Delivered
1984,2026-06-21,15,5,3,1,5.0,Delivered
1985,2026-06-21,21,1,3,2,6.0,Delivered
1986,2026-06-21,27,1,3,1,6.0,Delivered
1987,2026-06-21,27,4,3,1,5.0,Delivered
1988,2026-06-21,27,5,3,1,5.0,Delivered
1989,2026-06-21,33,6,3,1,5.0,Delivered
1990,2026-06-21,39,3,3,1,10.0,Delivered
1991,2026-06-21,45,1,3,1,6.0,Delivered
1992,2026-06-21,45,2,3,1,5.5,Delivered
1993,2026-06-21,51,3,3,1,10.0,Delivered
1994,2026-06-21,51,4,3,1,5.0,Delivered
1995,2026-06-21,57,1,3,1,6.0,Delivered
1996,2026-06-21,4,2,4,1,5.5,Failed
1997,2026-06-21,10,1,4,1,6.0,Delivered
1998,2026-06-21,10,3,4,1,10.0,Delivered
1999,2026-06-21,10,5,4,1,5.0,Delivered
2000,2026-06-21,16,2,4,1,5.5,Delivered
2001,2026-06-21,22,1,4,1,6.0,Delivered
2002,2026-06-21,22,5,4,1,5.0,Delivered
2003,2026-06-21,28,1,4,1,6.0,Delivered
2004,2026-06-21,28,5,4,1,5.0,Delivered
2005,2026-06-21,34,3,4,1,10.0,Delivered
2006,2026-06-21,40,4,4,1,5.0,Delivered
2007,2026-06-21,46,3,4,1,10.0,Delivered
2008,2026-06-21,52,4,4,1,5.0,Delivered
2009,2026-06-21,52,5,4,1,5.0,Delivered
2010,2026-06-21,58,2,4,2,5.5,Delivered
2011,2026-06-21,5,1,5,1,6.0,Delivered
2012,2026-06-21,11,4,5,1,5.0,Delivered
2013,2026-06-21,17,2,5,1,5.5,Delivered
2014,2026-06-21,17,5,5,1,5.0,Delivered
2015,2026-06-21,23,2,5,1,5.5,Delivered
2016,2026-06-21,29,3,5,1,10.0,Delivered
2017,2026-06-21,29,4,5,1,5.0,Failed
2018,2026-06-21,35,2,5,2,5.5,Delivered
2019,2026-06-21,35,6,5,1,5.0,Failed
2020,2026-06-21,41,1,5,1,6.0,Delivered
2021,2026-06-21,47,1,5,1,6.0,Delivered
2022,2026-06-21,47,2,5,1,5.5,Delivered
2023,2026-06-21,47,5,5,1,5.0,Delivered
2024,2026-06-21,53,2,5,1,5.5,Delivered
2025,2026-06-21,53,3,5,1,10.0,Delivered
2026,2026-06-21,59,3,5,1,10.0,Delivered
2027,2026-06-21,6,6,5,1,5.0,Delivered
2028,2026-06-21,12,6,5,1,5.0,Delivered
2029,2026-06-21,18,4,5,1,5.0,Delivered
2030,2026-06-21,24,7,5,1,10.0,Delivered
2031,2026-06-21,30,3,5,1,10.0,Delivered
2032,2026-06-21,36,8,5,1,6.0,Delivered
2033,2026-06-21,42,1,5,1,6.0,Delivered
2034,2026-06-21,48,7,5,1,10.0,Delivered
2035,2026-06-21,54,4,5,1,5.0,Delivered
2036,2026-06-21,60,1,5,1,6.0,Delivered
2037,2026-06-21,60,3,5,1,10.0,Delivered
2038,2026-06-22,1,2,1,2,5.5,Delivered
2039,2026-06-22,1,4,1,1,5.0,Delivered
2040,2026-06-22,7,3,1,1,10.0,Delivered
2041,2026-06-22,7,8,1,1,6.0,Delivered
2042,2026-06-22,13,5,1,1,5.0,Delivered
2043,2026-06-22,19,1,1,2,6.0,Delivered
2044,2026-06-22,19,5,1,2,5.0,Delivered
2045,2026-06-22,19,6,1,1,5.0,Delivered
2046,2026-06-22,25,3,1,1,10.0,Delivered
2047,2026-06-22,25,7,1,1,10.0,Delivered
2048,2026-06-22,43,6,1,1,5.0,Delivered
2049,2026-06-22,49,4,1,1,5.0,Delivered
2050,2026-06-22,49,7,1,1,10.0,Delivered
2051,2026-06-22,55,5,1,1,5.0,Delivered
2052,2026-06-22,61,1,1,1,6.0,Delivered
2053,2026-06-22,2,1,2,1,6.0,Delivered
2054,2026-06-22,2,3,2,1,10.0,Failed
2055,2026-06-22,8,5,2,1,5.0,Delivered
2056,2026-06-22,14,4,2,1,5.0,Delivered
2057,2026-06-22,20,1,2,1,6.0,Delivered
2058,2026-06-22,20,2,2,1,5.5,Delivered
2059,2026-06-22,20,7,2,1,10.0,Delivered
2060,2026-06-22,26,2,2,1,5.5,Delivered
2061,2026-06-22,32,3,2,1,10.0,Delivered
2062,2026-06-22,32,4,2,1,5.0,Delivered
2063,2026-06-22,38,4,2,1,5.0,Delivered
2064,2026-06-22,38,5,2,2,5.0,Delivered
2065,2026-06-22,44,1,2,1,6.0,Delivered
2066,2026-06-22,50,3,2,1,10.0,Delivered
2067,2026-06-22,50,4,2,1,5.0,Delivered
2068,2026-06-22,56,1,2,1,6.0,Delivered
2069,2026-06-22,56,2,2,1,5.5,Delivered
2070,2026-06-22,62,3,2,1,10.0,Delivered
2071,2026-06-22,3,1,3,1,6.0,Delivered
2072,2026-06-22,3,2,3,1,5.5,Delivered
2073,2026-06-22,3,6,3,1,5.0,Delivered
2074,2026-06-22,9,7,3,2,10.0,Delivered
2075,2026-06-22,15,2,3,1,5.5,Delivered
2076,2026-06-22,15,4,3,2,5.0,Delivered
2077,2026-06-22,15,5,3,1,5.0,Delivered
2078,2026-06-22,21,1,3,2,6.0,Delivered
2079,2026-06-22,27,1,3,1,6.0,Delivered
2080,2026-06-22,27,4,3,1,5.0,Delivered
2081,2026-06-22,27,5,3,1,5.0,Delivered
2082,2026-06-22,33,6,3,1,5.0,Delivered
2083,2026-06-22,39,3,3,1,10.0,Delivered
2084,2026-06-22,45,1,3,1,6.0,Delivered
2085,2026-06-22,45,2,3,1,5.5,Failed
2086,2026-06-22,51,3,3,1,10.0,Delivered
2087,2026-06-22,51,4,3,1,5.0,Delivered
2088,2026-06-22,57,1,3,1,6.0,Delivered
2089,2026-06-22,4,2,4,1,5.5,Delivered
2090,2026-06-22,10,1,4,1,6.0,Delivered
2091,2026-06-22,10,3,4,1,10.0,Delivered
2092,2026-06-22,10,5,4,1,5.0,Delivered
2093,2026-06-22,16,2,4,1,5.5,Delivered
2094,2026-06-22,22,1,4,1,6.0,Delivered
2095,2026-06-22,22,5,4,1,5.0,Delivered
2096,2026-06-22,28,1,4,1,6.0,Delivered
2097,2026-06-22,28,5,4,1,5.0,Delivered
2098,2026-06-22,34,3,4,1,10.0,Delivered
2099,2026-06-22,40,4,4,1,5.0,Delivered
2100,2026-06-22,46,3,4,1,10.0,Delivered
2101,2026-06-22,52,4,4,1,5.0,Delivered
2102,2026-06-22,52,5,4,1,5.0,Delivered
2103,2026-06-22,58,2,4,2,5.5,Delivered
2104,2026-06-22,5,1,5,1,6.0,Delivered
2105,2026-06-22,11,4,5,1,5.0,Delivered
2106,2026-06-22,17,2,5,1,5.5,Delivered
2107,2026-06-22,17,5,5,1,5.0,Delivered
2108,2026-06-22,23,2,5,1,5.5,Delivered
2109,2026-06-22,29,3,5,1,10.0,Delivered
2110,2026-06-22,29,4,5,1,5.0,Delivered
2111,2026-06-22,35,2,5,2,5.5,Delivered
2112,2026-06-22,35,6,5,1,5.0,Delivered
2113,2026-06-22,41,1,5,1,6.0,Delivered
2114,2026-06-22,47,1,5,1,6.0,Delivered
2115,2026-06-22,47,2,5,1,5.5,Delivered
2116,2026-06-22,47,5,5,1,5.0,Delivered
2117,2026-06-22,53,2,5,1,5.5,Delivered
2118,2026-06-22,53,3,5,1,10.0,Delivered
2119,2026-06-22,59,3,5,1,10.0,Delivered
2120,2026-06-22,6,6,5,1,5.0,Failed
2121,2026-06-22,12,6,5,1,5.0,Delivered
2122,2026-06-22,18,4,5,1,5.0,Delivered
2123,2026-06-22,24,7,5,1,10.0,Delivered
2124,2026-06-22,30,3,5,1,10.0,Delivered
2125,2026-06-22,36,8,5,1,6.0,Delivered
2126,2026-06-22,42,1,5,1,6.0,Delivered
2127,2026-06-22,48,7,5,1,10.0,Delivered
2128,2026-06-22,54,4,5,1,5.0,Delivered
2129,2026-06-22,60,1,5,1,6.0,Delivered
2130,2026-06-22,60,3,5,1,10.0,Delivered
2131,2026-06-23,1,2,1,2,5.5,Delivered
2132,2026-06-23,1,4,1,1,5.0,Delivered
2133,2026-06-23,7,3,1,1,10.0,Delivered
2134,2026-06-23,7,8,1,1,6.0,Delivered
2135,2026-06-23,13,5,1,1,5.0,Delivered
2136,2026-06-23,19,1,1,2,6.0,Delivered
2137,2026-06-23,19,5,1,2,5.0,Delivered
2138,2026-06-23,19,6,1,1,5.0,Delivered
2139,2026-06-23,25,3,1,1,10.0,Delivered
2140,2026-06-23,25,7,1,1,10.0,Delivered
2141,2026-06-23,31,1,1,1,6.0,Delivered
2142,2026-06-23,31,4,1,1,5.0,Delivered
2143,2026-06-23,31,5,1,1,5.0,Delivered
2144,2026-06-23,43,6,1,1,5.0,Delivered
2145,2026-06-23,49,4,1,1,5.0,Delivered
2146,2026-06-23,49,7,1,1,10.0,Delivered
2147,2026-06-23,55,5,1,1,5.0,Delivered
2148,2026-06-23,61,1,1,1,6.0,Delivered
2149,2026-06-23,2,1,2,1,6.0,Delivered
2150,2026-06-23,2,3,2,1,10.0,Delivered
2151,2026-06-23,8,5,2,1,5.0,Delivered
2152,2026-06-23,14,4,2,1,5.0,Delivered
2153,2026-06-23,20,1,2,1,6.0,Delivered
2154,2026-06-23,20,2,2,1,5.5,Delivered
2155,2026-06-23,20,7,2,1,10.0,Delivered
2156,2026-06-23,26,2,2,1,5.5,Delivered
2157,2026-06-23,32,3,2,1,10.0,Delivered
2158,2026-06-23,32,4,2,1,5.0,Delivered
2159,2026-06-23,38,4,2,1,5.0,Delivered
2160,2026-06-23,38,5,2,2,5.0,Delivered
2161,2026-06-23,44,1,2,1,6.0,Delivered
2162,2026-06-23,50,3,2,1,10.0,Delivered
2163,2026-06-23,50,4,2,1,5.0,Delivered
2164,2026-06-23,56,1,2,1,6.0,Delivered
2165,2026-06-23,56,2,2,1,5.5,Delivered
2166,2026-06-23,62,3,2,1,10.0,Delivered
2167,2026-06-23,3,1,3,1,6.0,Delivered
2168,2026-06-23,3,2,3,1,5.5,Delivered
2169,2026-06-23,3,6,3,1,5.0,Delivered
2170,2026-06-23,9,7,3,2,10.0,Delivered
2171,2026-06-23,15,2,3,1,5.5,Delivered
2172,2026-06-23,15,4,3,2,5.0,Delivered
2173,2026-06-23,15,5,3,1,5.0,Delivered
2174,2026-06-23,21,1,3,2,6.0,Delivered
2175,2026-06-23,27,1,3,1,6.0,Delivered
2176,2026-06-23,27,4,3,1,5.0,Delivered
2177,2026-06-23,27,5,3,1,5.0,Delivered
2178,2026-06-23,33,6,3,1,5.0,Delivered
2179,2026-06-23,39,3,3,1,10.0,Delivered
2180,2026-06-23,45,1,3,1,6.0,Delivered
2181,2026-06-23,45,2,3,1,5.5,Delivered
2182,2026-06-23,51,3,3,1,10.0,Delivered
2183,2026-06-23,51,4,3,1,5.0,Delivered
2184,2026-06-23,57,1,3,1,6.0,Delivered
2185,2026-06-23,4,2,4,1,5.5,Delivered
2186,2026-06-23,10,1,4,1,6.0,Delivered
2187,2026-06-23,10,3,4,1,10.0,Delivered
2188,2026-06-23,10,5,4,1,5.0,Delivered
2189,2026-06-23,16,2,4,1,5.5,Delivered
2190,2026-06-23,22,1,4,1,6.0,Delivered
2191,2026-06-23,22,5,4,1,5.0,Delivered
2192,2026-06-23,28,1,4,1,6.0,Delivered
2193,2026-06-23,28,5,4,1,5.0,Delivered
2194,2026-06-23,34,3,4,1,10.0,Delivered
2195,2026-06-23,40,4,4,1,5.0,Delivered
2196,2026-06-23,46,3,4,1,10.0,Delivered
2197,2026-06-23,52,4,4,1,5.0,Delivered
2198,2026-06-23,52,5,4,1,5.0,Delivered
2199,2026-06-23,58,2,4,2,5.5,Delivered
2200,2026-06-23,5,1,5,1,6.0,Delivered
2201,2026-06-23,11,4,5,1,5.0,Delivered
2202,2026-06-23,17,2,5,1,5.5,Delivered
2203,2026-06-23,17,5,5,1,5.0,Delivered
2204,2026-06-23,23,2,5,1,5.5,Delivered
2205,2026-06-23,29,3,5,1,10.0,Delivered
2206,2026-06-23,29,4,5,1,5.0,Delivered
2207,2026-06-23,35,2,5,2,5.5,Delivered
2208,2026-06-23,35,6,5,1,5.0,Delivered
2209,2026-06-23,41,1,5,1,6.0,Delivered
2210,2026-06-23,47,1,5,1,6.0,Delivered
2211,2026-06-23,47,2,5,1,5.5,Delivered
2212,2026-06-23,47,5,5,1,5.0,Delivered
2213,2026-06-23,53,2,5,1,5.5,Delivered
2214,2026-06-23,53,3,5,1,10.0,Delivered
2215,2026-06-23,59,3,5,1,10.0,Delivered
2216,2026-06-23,6,6,5,1,5.0,Delivered
2217,2026-06-23,12,6,5,1,5.0,Delivered
2218,2026-06-23,18,4,5,1,5.0,Delivered
2219,2026-06-23,24,7,5,1,10.0,Delivered
2220,2026-06-23,30,3,5,1,10.0,Delivered
2221,2026-06-23,36,8,5,1,6.0,Delivered
2222,2026-06-23,42,1,5,1,6.0,Delivered
2223,2026-06-23,48,7,5,1,10.0,Delivered
2224,2026-06-23,54,4,5,1,5.0,Delivered
2225,2026-06-23,60,1,5,1,6.0,Delivered
2226,2026-06-23,60,3,5,1,10.0,Delivered
2227,2026-06-24,1,2,1,2,5.5,Delivered
2228,2026-06-24,1,4,1,1,5.0,Delivered
2229,2026-06-24,7,3,1,1,10.0,Delivered
2230,2026-06-24,7,8,1,1,6.0,Delivered
2231,2026-06-24,13,5,1,1,5.0,Delivered
2232,2026-06-24,19,1,1,2,6.0,Delivered
2233,2026-06-24,19,5,1,2,5.0,Delivered
2234,2026-06-24,19,6,1,1,5.0,Delivered
2235,2026-06-24,25,3,1,1,10.0,Delivered
2236,2026-06-24,25,7,1,1,10.0,Delivered
2237,2026-06-24,31,1,1,1,6.0,Delivered
2238,2026-06-24,31,4,1,1,5.0,Delivered
2239,2026-06-24,31,5,1,1,5.0,Delivered
2240,2026-06-24,43,6,1,1,5.0,Delivered
2241,2026-06-24,49,4,1,1,5.0,Delivered
2242,2026-06-24,49,7,1,1,10.0,Delivered
2243,2026-06-24,55,5,1,1,5.0,Delivered
2244,2026-06-24,61,1,1,1,6.0,Delivered
2245,2026-06-24,2,1,2,1,6.0,Delivered
2246,2026-06-24,2,3,2,1,10.0,Delivered
2247,2026-06-24,8,5,2,1,5.0,Delivered
2248,2026-06-24,14,4,2,1,5.0,Delivered
2249,2026-06-24,20,1,2,1,6.0,Delivered
2250,2026-06-24,20,2,2,1,5.5,Delivered
2251,2026-06-24,20,7,2,1,10.0,Delivered
2252,2026-06-24,26,2,2,1,5.5,Delivered
2253,2026-06-24,32,3,2,1,10.0,Delivered
2254,2026-06-24,32,4,2,1,5.0,Delivered
2255,2026-06-24,38,4,2,1,5.0,Delivered
2256,2026-06-24,38,5,2,2,5.0,Delivered
2257,2026-06-24,44,1,2,1,6.0,Delivered
2258,2026-06-24,50,3,2,1,10.0,Delivered
2259,2026-06-24,50,4,2,1,5.0,Delivered
2260,2026-06-24,56,1,2,1,6.0,Delivered
2261,2026-06-24,56,2,2,1,5.5,Delivered
2262,2026-06-24,62,3,2,1,10.0,Delivered
2263,2026-06-24,3,1,3,1,6.0,Delivered
2264,2026-06-24,3,2,3,1,5.5,Delivered
2265,2026-06-24,3,6,3,1,5.0,Delivered
2266,2026-06-24,9,7,3,2,10.0,Delivered
2267,2026-06-24,15,2,3,1,5.5,Delivered
2268,2026-06-24,15,4,3,2,5.0,Delivered
2269,2026-06-24,15,5,3,1,5.0,Delivered
2270,2026-06-24,21,1,3,2,6.0,Delivered
2271,2026-06-24,27,1,3,1,6.0,Delivered
2272,2026-06-24,27,4,3,1,5.0,Delivered
2273,2026-06-24,27,5,3,1,5.0,Delivered
2274,2026-06-24,33,6,3,1,5.0,Delivered
2275,2026-06-24,39,3,3,1,10.0,Delivered
2276,2026-06-24,45,1,3,1,6.0,Delivered
2277,2026-06-24,45,2,3,1,5.5,Delivered
2278,2026-06-24,51,3,3,1,10.0,Delivered
2279,2026-06-24,51,4,3,1,5.0,Delivered
2280,2026-06-24,57,1,3,1,6.0,Delivered
2281,2026-06-24,4,2,4,1,5.5,Delivered
2282,2026-06-24,10,1,4,1,6.0,Delivered
2283,2026-06-24,10,3,4,1,10.0,Delivered
2284,2026-06-24,10,5,4,1,5.0,Delivered
2285,2026-06-24,16,2,4,1,5.5,Delivered
2286,2026-06-24,22,1,4,1,6.0,Delivered
2287,2026-06-24,22,5,4,1,5.0,Delivered
2288,2026-06-24,28,1,4,1,6.0,Delivered
2289,2026-06-24,28,5,4,1,5.0,Delivered
2290,2026-06-24,34,3,4,1,10.0,Delivered
2291,2026-06-24,40,4,4,1,5.0,Delivered
2292,2026-06-24,46,3,4,1,10.0,Delivered
2293,2026-06-24,52,4,4,1,5.0,Delivered
2294,2026-06-24,52,5,4,1,5.0,Delivered
2295,2026-06-24,58,2,4,2,5.5,Delivered
2296,2026-06-24,5,1,5,1,6.0,Delivered
2297,2026-06-24,11,4,5,1,5.0,Delivered
2298,2026-06-24,17,2,5,1,5.5,Delivered
2299,2026-06-24,17,5,5,1,5.0,Delivered
2300,2026-06-24,23,2,5,1,5.5,Delivered
2301,2026-06-24,29,3,5,1,10.0,Delivered
2302,2026-06-24,29,4,5,1,5.0,Delivered
2303,2026-06-24,35,2,5,2,5.5,Delivered
2304,2026-06-24,35,6,5,1,5.0,Delivered
2305,2026-06-24,41,1,5,1,6.0,Delivered
2306,2026-06-24,47,1,5,1,6.0,Delivered
2307,2026-06-24,47,2,5,1,5.5,Delivered
2308,2026-06-24,47,5,5,1,5.0,Delivered
2309,2026-06-24,53,2,5,1,5.5,Delivered
2310,2026-06-24,53,3,5,1,10.0,Delivered
2311,2026-06-24,59,3,5,1,10.0,Delivered
2312,2026-06-24,6,6,5,1,5.0,Delivered
2313,2026-06-24,12,6,5,1,5.0,Delivered
2314,2026-06-24,18,4,5,1,5.0,Delivered
2315,2026-06-24,24,7,5,1,10.0,Delivered
2316,2026-06-24,30,3,5,1,10.0,Delivered
2317,2026-06-24,36,8,5,1,6.0,Delivered
2318,2026-06-24,42,1,5,1,6.0,Delivered
2319,2026-06-24,48,7,5,1,10.0,Delivered
2320,2026-06-24,54,4,5,1,5.0,Delivered
2321,2026-06-24,60,1,5,1,6.0,Delivered
2322,2026-06-24,60,3,5,1,10.0,Delivered
2323,2026-06-25,1,2,1,2,5.5,Delivered
2324,2026-06-25,1,4,1,1,5.0,Delivered
2325,2026-06-25,7,3,1,1,10.0,Delivered
2326,2026-06-25,7,8,1,1,6.0,Delivered
2327,2026-06-25,13,5,1,1,5.0,Delivered
2328,2026-06-25,19,1,1,2,6.0,Delivered
2329,2026-06-25,19,5,1,2,5.0,Delivered
2330,2026-06-25,19,6,1,1,5.0,Delivered
2331,2026-06-25,25,3,1,1,10.0,Delivered
2332,2026-06-25,25,7,1,1,10.0,Delivered
2333,2026-06-25,31,1,1,1,6.0,Delivered
2334,2026-06-25,31,4,1,1,5.0,Delivered
2335,2026-06-25,31,5,1,1,5.0,Delivered
2336,2026-06-25,43,6,1,1,5.0,Delivered
2337,2026-06-25,49,4,1,1,5.0,Delivered
2338,2026-06-25,49,7,1,1,10.0,Delivered
2339,2026-06-25,55,5,1,1,5.0,Delivered
2340,2026-06-25,61,1,1,1,6.0,Delivered
2341,2026-06-25,2,1,2,1,6.0,Delivered
2342,2026-06-25,2,3,2,1,10.0,Delivered
2343,2026-06-25,8,5,2,1,5.0,Delivered
2344,2026-06-25,14,4,2,1,5.0,Delivered
2345,2026-06-25,20,1,2,1,6.0,Delivered
2346,2026-06-25,20,2,2,1,5.5,Delivered
2347,2026-06-25,20,7,2,1,10.0,Delivered
2348,2026-06-25,26,2,2,1,5.5,Delivered
2349,2026-06-25,32,3,2,1,10.0,Delivered
2350,2026-06-25,32,4,2,1,5.0,Delivered
2351,2026-06-25,38,4,2,1,5.0,Delivered
2352,2026-06-25,38,5,2,2,5.0,Delivered
2353,2026-06-25,44,1,2,1,6.0,Delivered
2354,2026-06-25,50,3,2,1,10.0,Delivered
2355,2026-06-25,50,4,2,1,5.0,Delivered
2356,2026-06-25,56,1,2,1,6.0,Delivered
2357,2026-06-25,56,2,2,1,5.5,Delivered
2358,2026-06-25,62,3,2,1,10.0,Delivered
2359,2026-06-25,3,1,3,1,6.0,Delivered
2360,2026-06-25,3,2,3,1,5.5,Delivered
2361,2026-06-25,3,6,3,1,5.0,Delivered
2362,2026-06-25,9,7,3,2,10.0,Delivered
2363,2026-06-25,15,2,3,1,5.5,Delivered
2364,2026-06-25,15,4,3,2,5.0,Delivered
2365,2026-06-25,15,5,3,1,5.0,Delivered
2366,2026-06-25,21,1,3,2,6.0,Delivered
2367,2026-06-25,27,1,3,1,6.0,Delivered
2368,2026-06-25,27,4,3,1,5.0,Delivered
2369,2026-06-25,27,5,3,1,5.0,Delivered
2370,2026-06-25,33,6,3,1,5.0,Delivered
2371,2026-06-25,39,3,3,1,10.0,Delivered
2372,2026-06-25,45,1,3,1,6.0,Delivered
2373,2026-06-25,45,2,3,1,5.5,Delivered
2374,2026-06-25,51,3,3,1,10.0,Delivered
2375,2026-06-25,51,4,3,1,5.0,Delivered
2376,2026-06-25,57,1,3,1,6.0,Delivered
2377,2026-06-25,4,2,4,1,5.5,Delivered
2378,2026-06-25,10,1,4,1,6.0,Delivered
2379,2026-06-25,10,3,4,1,10.0,Delivered
2380,2026-06-25,10,5,4,1,5.0,Delivered
2381,2026-06-25,16,2,4,1,5.5,Delivered
2382,2026-06-25,22,1,4,1,6.0,Delivered
2383,2026-06-25,22,5,4,1,5.0,Delivered
2384,2026-06-25,28,1,4,1,6.0,Delivered
2385,2026-06-25,28,5,4,1,5.0,Delivered
2386,2026-06-25,34,3,4,1,10.0,Delivered
2387,2026-06-25,40,4,4,1,5.0,Delivered
2388,2026-06-25,46,3,4,1,10.0,Delivered
2389,2026-06-25,52,4,4,1,5.0,Delivered
2390,2026-06-25,52,5,4,1,5.0,Delivered
2391,2026-06-25,58,2,4,2,5.5,Delivered
2392,2026-06-25,5,1,5,1,6.0,Delivered
2393,2026-06-25,11,4,5,1,5.0,Delivered
2394,2026-06-25,17,2,5,1,5.5,Delivered
2395,2026-06-25,17,5,5,1,5.0,Delivered
2396,2026-06-25,23,2,5,1,5.5,Delivered
2397,2026-06-25,29,3,5,1,10.0,Delivered
2398,2026-06-25,29,4,5,1,5.0,Delivered
2399,2026-06-25,35,2,5,2,5.5,Delivered
2400,2026-06-25,35,6,5,1,5.0,Delivered
2401,2026-06-25,41,1,5,1,6.0,Delivered
2402,2026-06-25,47,1,5,1,6.0,Delivered
2403,2026-06-25,47,2,5,1,5.5,Delivered
2404,2026-06-25,47,5,5,1,5.0,Delivered
2405,2026-06-25,53,2,5,1,5.5,Delivered
2406,2026-06-25,53,3,5,1,10.0,Delivered
2407,2026-06-25,59,3,5,1,10.0,Delivered
2408,2026-06-25,6,6,5,1,5.0,Delivered
2409,2026-06-25,12,6,5,1,5.0,Delivered
2410,2026-06-25,18,4,5,1,5.0,Delivered
2411,2026-06-25,24,7,5,1,10.0,Delivered
2412,2026-06-25,30,3,5,1,10.0,Delivered
2413,2026-06-25,36,8,5,1,6.0,Delivered
2414,2026-06-25,42,1,5,1,6.0,Delivered
2415,2026-06-25,48,7,5,1,10.0,Delivered
2416,2026-06-25,54,4,5,1,5.0,Delivered
2417,2026-06-25,60,1,5,1,6.0,Delivered
2418,2026-06-25,60,3,5,1,10.0,Delivered
2419,2026-06-26,1,2,1,2,5.5,Delivered
2420,2026-06-26,1,4,1,1,5.0,Delivered
2421,2026-06-26,7,3,1,1,10.0,Delivered
2422,2026-06-26,7,8,1,1,6.0,Delivered
2423,2026-06-26,13,5,1,1,5.0,Delivered
2424,2026-06-26,19,1,1,2,6.0,Delivered
2425,2026-06-26,19,5,1,2,5.0,Delivered
2426,2026-06-26,19,6,1,1,5.0,Delivered
2427,2026-06-26,25,3,1,1,10.0,Delivered
2428,2026-06-26,25,7,1,1,10.0,Delivered
2429,2026-06-26,31,1,1,1,6.0,Delivered
2430,2026-06-26,31,4,1,1,5.0,Delivered
2431,2026-06-26,31,5,1,1,5.0,Delivered
2432,2026-06-26,43,6,1,1,5.0,Delivered
2433,2026-06-26,49,4,1,1,5.0,Delivered
2434,2026-06-26,49,7,1,1,10.0,Delivered
2435,2026-06-26,55,5,1,1,5.0,Delivered
2436,2026-06-26,61,1,1,1,6.0,Delivered
2437,2026-06-26,2,1,2,1,6.0,Delivered
2438,2026-06-26,2,3,2,1,10.0,Delivered
2439,2026-06-26,8,5,2,1,5.0,Delivered
2440,2026-06-26,14,4,2,1,5.0,Delivered
2441,2026-06-26,20,1,2,1,6.0,Delivered
2442,2026-06-26,20,2,2,1,5.5,Delivered
2443,2026-06-26,20,7,2,1,10.0,Delivered
2444,2026-06-26,26,2,2,1,5.5,Delivered
2445,2026-06-26,32,3,2,1,10.0,Delivered
2446,2026-06-26,32,4,2,1,5.0,Delivered
2447,2026-06-26,38,4,2,1,5.0,Delivered
2448,2026-06-26,38,5,2,2,5.0,Delivered
2449,2026-06-26,44,1,2,1,6.0,Delivered
2450,2026-06-26,50,3,2,1,10.0,Delivered
2451,2026-06-26,50,4,2,1,5.0,Delivered
2452,2026-06-26,56,1,2,1,6.0,Delivered
2453,2026-06-26,56,2,2,1,5.5,Delivered
2454,2026-06-26,62,3,2,1,10.0,Delivered
2455,2026-06-26,3,1,3,1,6.0,Delivered
2456,2026-06-26,3,2,3,1,5.5,Delivered
2457,2026-06-26,3,6,3,1,5.0,Delivered
2458,2026-06-26,9,7,3,2,10.0,Delivered
2459,2026-06-26,15,2,3,1,5.5,Delivered
2460,2026-06-26,15,4,3,2,5.0,Delivered
2461,2026-06-26,15,5,3,1,5.0,Delivered
2462,2026-06-26,21,1,3,2,6.0,Delivered
2463,2026-06-26,27,1,3,1,6.0,Delivered
2464,2026-06-26,27,4,3,1,5.0,Delivered
2465,2026-06-26,27,5,3,1,5.0,Delivered
2466,2026-06-26,33,6,3,1,5.0,Delivered
2467,2026-06-26,39,3,3,1,10.0,Delivered
2468,2026-06-26,45,1,3,1,6.0,Delivered
2469,2026-06-26,45,2,3,1,5.5,Delivered
2470,2026-06-26,51,3,3,1,10.0,Delivered
2471,2026-06-26,51,4,3,1,5.0,Delivered
2472,2026-06-26,57,1,3,1,6.0,Delivered
2473,2026-06-26,4,2,4,1,5.5,Delivered
2474,2026-06-26,10,1,4,1,6.0,Delivered
2475,2026-06-26,10,3,4,1,10.0,Delivered
2476,2026-06-26,10,5,4,1,5.0,Delivered
2477,2026-06-26,16,2,4,1,5.5,Delivered
2478,2026-06-26,22,1,4,1,6.0,Delivered
2479,2026-06-26,22,5,4,1,5.0,Delivered
2480,2026-06-26,28,1,4,1,6.0,Delivered
2481,2026-06-26,28,5,4,1,5.0,Delivered
2482,2026-06-26,34,3,4,1,10.0,Delivered
2483,2026-06-26,40,4,4,1,5.0,Delivered
2484,2026-06-26,46,3,4,1,10.0,Delivered
2485,2026-06-26,52,4,4,1,5.0,Delivered
2486,2026-06-26,52,5,4,1,5.0,Delivered
2487,2026-06-26,58,2,4,2,5.5,Delivered
2488,2026-06-26,5,1,5,1,6.0,Delivered
2489,2026-06-26,11,4,5,1,5.0,Delivered
2490,2026-06-26,17,2,5,1,5.5,Delivered
2491,2026-06-26,17,5,5,1,5.0,Delivered
2492,2026-06-26,23,2,5,1,5.5,Delivered
2493,2026-06-26,29,3,5,1,10.0,Delivered
2494,2026-06-26,29,4,5,1,5.0,Delivered
2495,2026-06-26,35,2,5,2,5.5,Delivered
2496,2026-06-26,35,6,5,1,5.0,Delivered
2497,2026-06-26,41,1,5,1,6.0,Delivered
2498,2026-06-26,47,1,5,1,6.0,Delivered
2499,2026-06-26,47,2,5,1,5.5,Delivered
2500,2026-06-26,47,5,5,1,5.0,Delivered
2501,2026-06-26,53,2,5,1,5.5,Delivered
2502,2026-06-26,53,3,5,1,10.0,Delivered
2503,2026-06-26,59,3,5,1,10.0,Delivered
2504,2026-06-26,6,6,5,1,5.0,Delivered
2505,2026-06-26,12,6,5,1,5.0,Delivered
2506,2026-06-26,18,4,5,1,5.0,Delivered
2507,2026-06-26,24,7,5,1,10.0,Delivered
2508,2026-06-26,30,3,5,1,10.0,Delivered
2509,2026-06-26,36,8,5,1,6.0,Delivered
2510,2026-06-26,42,1,5,1,6.0,Delivered
2511,2026-06-26,48,7,5,1,10.0,Delivered
2512,2026-06-26,54,4,5,1,5.0,Failed
2513,2026-06-26,60,1,5,1,6.0,Delivered
2514,2026-06-26,60,3,5,1,10.0,Delivered
2515,2026-06-27,1,2,1,2,5.5,Delivered
2516,2026-06-27,1,4,1,1,5.0,Delivered
2517,2026-06-27,7,3,1,1,10.0,Delivered
2518,2026-06-27,7,8,1,1,6.0,Delivered
2519,2026-06-27,13,5,1,1,5.0,Delivered
2520,2026-06-27,19,1,1,2,6.0,Delivered
2521,2026-06-27,19,5,1,2,5.0,Delivered
2522,2026-06-27,19,6,1,1,5.0,Delivered
2523,2026-06-27,25,3,1,1,10.0,Delivered
2524,2026-06-27,25,7,1,1,10.0,Delivered
2525,2026-06-27,31,1,1,1,6.0,Delivered
2526,2026-06-27,31,4,1,1,5.0,Delivered
2527,2026-06-27,31,5,1,1,5.0,Delivered
2528,2026-06-27,43,6,1,1,5.0,Delivered
2529,2026-06-27,49,4,1,1,5.0,Delivered
2530,2026-06-27,49,7,1,1,10.0,Delivered
2531,2026-06-27,55,5,1,1,5.0,Delivered
2532,2026-06-27,61,1,1,1,6.0,Delivered
2533,2026-06-27,2,1,2,1,6.0,Delivered
2534,2026-06-27,2,3,2,1,10.0,Delivered
2535,2026-06-27,8,5,2,1,5.0,Delivered
2536,2026-06-27,14,4,2,1,5.0,Delivered
2537,2026-06-27,20,1,2,1,6.0,Delivered
2538,2026-06-27,20,2,2,1,5.5,Delivered
2539,2026-06-27,20,7,2,1,10.0,Delivered
2540,2026-06-27,26,2,2,1,5.5,Delivered
2541,2026-06-27,32,3,2,1,10.0,Delivered
2542,2026-06-27,32,4,2,1,5.0,Delivered
2543,2026-06-27,38,4,2,1,5.0,Delivered
2544,2026-06-27,38,5,2,2,5.0,Delivered
2545,2026-06-27,44,1,2,1,6.0,Delivered
2546,2026-06-27,50,3,2,1,10.0,Delivered
2547,2026-06-27,50,4,2,1,5.0,Delivered
2548,2026-06-27,56,1,2,1,6.0,Delivered
2549,2026-06-27,56,2,2,1,5.5,Delivered
2550,2026-06-27,62,3,2,1,10.0,Delivered
2551,2026-06-27,3,1,3,1,6.0,Delivered
2552,2026-06-27,3,2,3,1,5.5,Delivered
2553,2026-06-27,3,6,3,1,5.0,Delivered
2554,2026-06-27,9,7,3,2,10.0,Delivered
2555,2026-06-27,15,2,3,1,5.5,Delivered
2556,2026-06-27,15,4,3,2,5.0,Delivered
2557,2026-06-27,15,5,3,1,5.0,Delivered
2558,2026-06-27,21,1,3,2,6.0,Delivered
2559,2026-06-27,27,1,3,1,6.0,Delivered
2560,2026-06-27,27,4,3,1,5.0,Delivered
2561,2026-06-27,27,5,3,1,5.0,Delivered
2562,2026-06-27,33,6,3,1,5.0,Delivered
2563,2026-06-27,39,3,3,1,10.0,Delivered
2564,2026-06-27,45,1,3,1,6.0,Delivered
2565,2026-06-27,45,2,3,1,5.5,Delivered
2566,2026-06-27,51,3,3,1,10.0,Delivered
2567,2026-06-27,51,4,3,1,5.0,Delivered
2568,2026-06-27,57,1,3,1,6.0,Delivered
2569,2026-06-27,4,2,4,1,5.5,Delivered
2570,2026-06-27,10,1,4,1,6.0,Delivered
2571,2026-06-27,10,3,4,1,10.0,Delivered
2572,2026-06-27,10,5,4,1,5.0,Delivered
2573,2026-06-27,16,2,4,1,5.5,Delivered
2574,2026-06-27,22,1,4,1,6.0,Delivered
2575,2026-06-27,22,5,4,1,5.0,Delivered
2576,2026-06-27,28,1,4,1,6.0,Delivered
2577,2026-06-27,28,5,4,1,5.0,Delivered
2578,2026-06-27,34,3,4,1,10.0,Delivered
2579,2026-06-27,40,4,4,1,5.0,Delivered
2580,2026-06-27,46,3,4,1,10.0,Delivered
2581,2026-06-27,52,4,4,1,5.0,Delivered
2582,2026-06-27,52,5,4,1,5.0,Delivered
2583,2026-06-27,58,2,4,2,5.5,Delivered
2584,2026-06-27,5,1,5,1,6.0,Delivered
2585,2026-06-27,11,4,5,1,5.0,Delivered
2586,2026-06-27,17,2,5,1,5.5,Delivered
2587,2026-06-27,17,5,5,1,5.0,Delivered
2588,2026-06-27,23,2,5,1,5.5,Delivered
2589,2026-06-27,29,3,5,1,10.0,Delivered
2590,2026-06-27,29,4,5,1,5.0,Delivered
2591,2026-06-27,35,2,5,2,5.5,Delivered
2592,2026-06-27,35,6,5,1,5.0,Delivered
2593,2026-06-27,41,1,5,1,6.0,Delivered
2594,2026-06-27,47,1,5,1,6.0,Delivered
2595,2026-06-27,47,2,5,1,5.5,Delivered
2596,2026-06-27,47,5,5,1,5.0,Delivered
2597,2026-06-27,53,2,5,1,5.5,Delivered
2598,2026-06-27,53,3,5,1,10.0,Delivered
2599,2026-06-27,59,3,5,1,10.0,Delivered
2600,2026-06-27,6,6,5,1,5.0,Delivered
2601,2026-06-27,12,6,5,1,5.0,Delivered
2602,2026-06-27,18,4,5,1,5.0,Delivered
2603,2026-06-27,24,7,5,1,10.0,Delivered
2604,2026-06-27,30,3,5,1,10.0,Delivered
2605,2026-06-27,36,8,5,1,6.0,Delivered
2606,2026-06-27,42,1,5,1,6.0,Delivered
2607,2026-06-27,48,7,5,1,10.0,Delivered
2608,2026-06-27,54,4,5,1,5.0,Delivered
2609,2026-06-27,60,1,5,1,6.0,Delivered
2610,2026-06-27,60,3,5,1,10.0,Delivered
2611,2026-06-28,1,2,1,2,5.5,Delivered
2612,2026-06-28,1,4,1,1,5.0,Delivered
2613,2026-06-28,7,3,1,1,10.0,Delivered
2614,2026-06-28,7,8,1,1,6.0,Delivered
2615,2026-06-28,13,5,1,1,5.0,Delivered
2616,2026-06-28,19,1,1,2,6.0,Delivered
2617,2026-06-28,19,5,1,2,5.0,Delivered
2618,2026-06-28,19,6,1,1,5.0,Delivered
2619,2026-06-28,25,3,1,1,10.0,Delivered
2620,2026-06-28,25,7,1,1,10.0,Delivered
2621,2026-06-28,31,1,1,1,6.0,Delivered
2622,2026-06-28,31,4,1,1,5.0,Delivered
2623,2026-06-28,31,5,1,1,5.0,Delivered
2624,2026-06-28,43,6,1,1,5.0,Delivered
2625,2026-06-28,49,4,1,1,5.0,Delivered
2626,2026-06-28,49,7,1,1,10.0,Delivered
2627,2026-06-28,55,5,1,1,5.0,Delivered
2628,2026-06-28,61,1,1,1,6.0,Delivered
2629,2026-06-28,2,1,2,1,6.0,Delivered
2630,2026-06-28,2,3,2,1,10.0,Delivered
2631,2026-06-28,8,5,2,1,5.0,Delivered
2632,2026-06-28,14,4,2,1,5.0,Delivered
2633,2026-06-28,20,1,2,1,6.0,Delivered
2634,2026-06-28,20,2,2,1,5.5,Delivered
2635,2026-06-28,20,7,2,1,10.0,Delivered
2636,2026-06-28,26,2,2,1,5.5,Delivered
2637,2026-06-28,32,3,2,1,10.0,Delivered
2638,2026-06-28,32,4,2,1,5.0,Delivered
2639,2026-06-28,38,4,2,1,5.0,Delivered
2640,2026-06-28,38,5,2,2,5.0,Delivered
2641,2026-06-28,44,1,2,1,6.0,Delivered
2642,2026-06-28,50,3,2,1,10.0,Delivered
2643,2026-06-28,50,4,2,1,5.0,Delivered
2644,2026-06-28,56,1,2,1,6.0,Delivered
2645,2026-06-28,56,2,2,1,5.5,Delivered
2646,2026-06-28,62,3,2,1,10.0,Delivered
2647,2026-06-28,3,1,3,1,6.0,Delivered
2648,2026-06-28,3,2,3,1,5.5,Delivered
2649,2026-06-28,3,6,3,1,5.0,Delivered
2650,2026-06-28,9,7,3,2,10.0,Delivered
2651,2026-06-28,15,2,3,1,5.5,Delivered
2652,2026-06-28,15,4,3,2,5.0,Delivered
2653,2026-06-28,15,5,3,1,5.0,Delivered
2654,2026-06-28,21,1,3,2,6.0,Delivered
2655,2026-06-28,27,1,3,1,6.0,Delivered
2656,2026-06-28,27,4,3,1,5.0,Delivered
2657,2026-06-28,27,5,3,1,5.0,Delivered
2658,2026-06-28,33,6,3,1,5.0,Delivered
2659,2026-06-28,39,3,3,1,10.0,Delivered
2660,2026-06-28,45,1,3,1,6.0,Delivered
2661,2026-06-28,45,2,3,1,5.5,Delivered
2662,2026-06-28,51,3,3,1,10.0,Delivered
2663,2026-06-28,51,4,3,1,5.0,Delivered
2664,2026-06-28,57,1,3,1,6.0,Delivered
2665,2026-06-28,4,2,4,1,5.5,Delivered
2666,2026-06-28,10,1,4,1,6.0,Delivered
2667,2026-06-28,10,3,4,1,10.0,Delivered
2668,2026-06-28,10,5,4,1,5.0,Delivered
2669,2026-06-28,16,2,4,1,5.5,Delivered
2670,2026-06-28,22,1,4,1,6.0,Delivered
2671,2026-06-28,22,5,4,1,5.0,Delivered
2672,2026-06-28,28,1,4,1,6.0,Delivered
2673,2026-06-28,28,5,4,1,5.0,Delivered
2674,2026-06-28,34,3,4,1,10.0,Delivered
2675,2026-06-28,40,4,4,1,5.0,Delivered
2676,2026-06-28,46,3,4,1,10.0,Delivered
2677,2026-06-28,52,4,4,1,5.0,Delivered
2678,2026-06-28,52,5,4,1,5.0,Delivered
2679,2026-06-28,58,2,4,2,5.5,Delivered
2680,2026-06-28,5,1,5,1,6.0,Delivered
2681,2026-06-28,11,4,5,1,5.0,Failed
2682,2026-06-28,17,2,5,1,5.5,Delivered
2683,2026-06-28,17,5,5,1,5.0,Delivered
2684,2026-06-28,23,2,5,1,5.5,Delivered
2685,2026-06-28,29,3,5,1,10.0,Delivered
2686,2026-06-28,29,4,5,1,5.0,Failed
2687,2026-06-28,35,2,5,2,5.5,Delivered
2688,2026-06-28,35,6,5,1,5.0,Delivered
2689,2026-06-28,41,1,5,1,6.0,Delivered
2690,2026-06-28,47,1,5,1,6.0,Delivered
2691,2026-06-28,47,2,5,1,5.5,Delivered
2692,2026-06-28,47,5,5,1,5.0,Delivered
2693,2026-06-28,53,2,5,1,5.5,Delivered
2694,2026-06-28,53,3,5,1,10.0,Delivered
2695,2026-06-28,59,3,5,1,10.0,Delivered
2696,2026-06-28,6,6,5,1,5.0,Delivered
2697,2026-06-28,12,6,5,1,5.0,Delivered
2698,2026-06-28,18,4,5,1,5.0,Delivered
2699,2026-06-28,24,7,5,1,10.0,Delivered
2700,2026-06-28,30,3,5,1,10.0,Delivered
2701,2026-06-28,36,8,5,1,6.0,Delivered
2702,2026-06-28,42,1,5,1,6.0,Delivered
2703,2026-06-28,48,7,5,1,10.0,Delivered
2704,2026-06-28,54,4,5,1,5.0,Delivered
2705,2026-06-28,60,1,5,1,6.0,Delivered
2706,2026-06-28,60,3,5,1,10.0,Delivered
2707,2026-06-29,1,2,1,2,5.5,Delivered
2708,2026-06-29,1,4,1,1,5.0,Delivered
2709,2026-06-29,7,3,1,1,10.0,Delivered
2710,2026-06-29,7,8,1,1,6.0,Delivered
2711,2026-06-29,13,5,1,1,5.0,Delivered
2712,2026-06-29,19,1,1,2,6.0,Delivered
2713,2026-06-29,19,5,1,2,5.0,Delivered
2714,2026-06-29,19,6,1,1,5.0,Delivered
2715,2026-06-29,25,3,1,1,10.0,Delivered
2716,2026-06-29,25,7,1,1,10.0,Delivered
2717,2026-06-29,31,1,1,1,6.0,Delivered
2718,2026-06-29,31,4,1,1,5.0,Delivered
2719,2026-06-29,31,5,1,1,5.0,Delivered
2720,2026-06-29,37,4,1,2,5.0,Delivered
2721,2026-06-29,37,7,1,1,10.0,Delivered
2722,2026-06-29,43,6,1,1,5.0,Delivered
2723,2026-06-29,49,4,1,1,5.0,Delivered
2724,2026-06-29,49,7,1,1,10.0,Delivered
2725,2026-06-29,55,5,1,1,5.0,Delivered
2726,2026-06-29,61,1,1,1,6.0,Failed
2727,2026-06-29,2,1,2,1,6.0,Delivered
2728,2026-06-29,2,3,2,1,10.0,Delivered
2729,2026-06-29,8,5,2,1,5.0,Delivered
2730,2026-06-29,14,4,2,1,5.0,Delivered
2731,2026-06-29,20,1,2,1,6.0,Delivered
2732,2026-06-29,20,2,2,1,5.5,Delivered
2733,2026-06-29,20,7,2,1,10.0,Delivered
2734,2026-06-29,26,2,2,1,5.5,Delivered
2735,2026-06-29,32,3,2,1,10.0,Delivered
2736,2026-06-29,32,4,2,1,5.0,Delivered
2737,2026-06-29,38,4,2,1,5.0,Delivered
2738,2026-06-29,38,5,2,2,5.0,Delivered
2739,2026-06-29,44,1,2,1,6.0,Delivered
2740,2026-06-29,50,3,2,1,10.0,Delivered
2741,2026-06-29,50,4,2,1,5.0,Delivered
2742,2026-06-29,62,3,2,1,10.0,Delivered
2743,2026-06-29,3,1,3,1,6.0,Delivered
2744,2026-06-29,3,2,3,1,5.5,Delivered
2745,2026-06-29,3,6,3,1,5.0,Delivered
2746,2026-06-29,9,7,3,2,10.0,Delivered
2747,2026-06-29,15,2,3,1,5.5,Delivered
2748,2026-06-29,15,4,3,2,5.0,Delivered
2749,2026-06-29,15,5,3,1,5.0,Delivered
2750,2026-06-29,21,1,3,2,6.0,Delivered
2751,2026-06-29,27,1,3,1,6.0,Delivered
2752,2026-06-29,27,4,3,1,5.0,Delivered
2753,2026-06-29,27,5,3,1,5.0,Delivered
2754,2026-06-29,33,6,3,1,5.0,Delivered
2755,2026-06-29,39,3,3,1,10.0,Delivered
2756,2026-06-29,45,1,3,1,6.0,Delivered
2757,2026-06-29,45,2,3,1,5.5,Delivered
2758,2026-06-29,51,3,3,1,10.0,Delivered
2759,2026-06-29,51,4,3,1,5.0,Delivered
2760,2026-06-29,57,1,3,1,6.0,Delivered
2761,2026-06-29,4,2,4,1,5.5,Delivered
2762,2026-06-29,10,1,4,1,6.0,Delivered
2763,2026-06-29,10,3,4,1,10.0,Delivered
2764,2026-06-29,10,5,4,1,5.0,Delivered
2765,2026-06-29,16,2,4,1,5.5,Delivered
2766,2026-06-29,22,1,4,1,6.0,Delivered
2767,2026-06-29,22,5,4,1,5.0,Delivered
2768,2026-06-29,28,1,4,1,6.0,Delivered
2769,2026-06-29,28,5,4,1,5.0,Delivered
2770,2026-06-29,34,3,4,1,10.0,Delivered
2771,2026-06-29,40,4,4,1,5.0,Delivered
2772,2026-06-29,46,3,4,1,10.0,Delivered
2773,2026-06-29,52,4,4,1,5.0,Delivered
2774,2026-06-29,52,5,4,1,5.0,Delivered
2775,2026-06-29,58,2,4,2,5.5,Delivered
2776,2026-06-29,5,1,5,1,6.0,Delivered
2777,2026-06-29,11,4,5,1,5.0,Delivered
2778,2026-06-29,17,2,5,1,5.5,Delivered
2779,2026-06-29,17,5,5,1,5.0,Delivered
2780,2026-06-29,23,2,5,1,5.5,Delivered
2781,2026-06-29,29,3,5,1,10.0,Delivered
2782,2026-06-29,29,4,5,1,5.0,Delivered
2783,2026-06-29,35,2,5,2,5.5,Delivered
2784,2026-06-29,35,6,5,1,5.0,Delivered
2785,2026-06-29,41,1,5,1,6.0,Delivered
2786,2026-06-29,47,1,5,1,6.0,Delivered
2787,2026-06-29,47,2,5,1,5.5,Delivered
2788,2026-06-29,47,5,5,1,5.0,Delivered
2789,2026-06-29,53,2,5,1,5.5,Delivered
2790,2026-06-29,53,3,5,1,10.0,Delivered
2791,2026-06-29,59,3,5,1,10.0,Delivered
2792,2026-06-29,6,6,5,1,5.0,Delivered
2793,2026-06-29,12,6,5,1,5.0,Delivered
2794,2026-06-29,18,4,5,1,5.0,Delivered
2795,2026-06-29,24,7,5,1,10.0,Delivered
2796,2026-06-29,30,3,5,1,10.0,Delivered
2797,2026-06-29,36,8,5,1,6.0,Delivered
2798,2026-06-29,42,1,5,1,6.0,Delivered
2799,2026-06-29,48,7,5,1,10.0,Delivered
2800,2026-06-29,54,4,5,1,5.0,Delivered
2801,2026-06-29,60,1,5,1,6.0,Delivered
2802,2026-06-29,60,3,5,1,10.0,Delivered
2803,2026-06-30,1,2,1,2,5.5,Delivered
2804,2026-06-30,1,4,1,1,5.0,Delivered
2805,2026-06-30,7,3,1,1,10.0,Delivered
2806,2026-06-30,7,8,1,1,6.0,Delivered
2807,2026-06-30,13,5,1,1,5.0,Delivered
2808,2026-06-30,19,1,1,2,6.0,Delivered
2809,2026-06-30,19,5,1,2,5.0,Delivered
2810,2026-06-30,19,6,1,1,5.0,Delivered
2811,2026-06-30,25,3,1,1,10.0,Delivered
2812,2026-06-30,25,7,1,1,10.0,Delivered
2813,2026-06-30,31,1,1,1,6.0,Delivered
2814,2026-06-30,31,4,1,1,5.0,Delivered
2815,2026-06-30,31,5,1,1,5.0,Delivered
2816,2026-06-30,37,4,1,2,5.0,Delivered
2817,2026-06-30,37,7,1,1,10.0,Delivered
2818,2026-06-30,43,6,1,1,5.0,Delivered
2819,2026-06-30,49,4,1,1,5.0,Delivered
2820,2026-06-30,49,7,1,1,10.0,Delivered
2821,2026-06-30,55,5,1,1,5.0,Failed
2822,2026-06-30,61,1,1,1,6.0,Delivered
2823,2026-06-30,2,1,2,1,6.0,Delivered
2824,2026-06-30,2,3,2,1,10.0,Delivered
2825,2026-06-30,8,5,2,1,5.0,Delivered
2826,2026-06-30,14,4,2,1,5.0,Delivered
2827,2026-06-30,20,1,2,1,6.0,Delivered
2828,2026-06-30,20,2,2,1,5.5,Delivered
2829,2026-06-30,20,7,2,1,10.0,Delivered
2830,2026-06-30,26,2,2,1,5.5,Delivered
2831,2026-06-30,32,3,2,1,10.0,Delivered
2832,2026-06-30,32,4,2,1,5.0,Delivered
2833,2026-06-30,38,4,2,1,5.0,Delivered
2834,2026-06-30,38,5,2,2,5.0,Delivered
2835,2026-06-30,44,1,2,1,6.0,Delivered
2836,2026-06-30,50,3,2,1,10.0,Delivered
2837,2026-06-30,50,4,2,1,5.0,Delivered
2838,2026-06-30,62,3,2,1,10.0,Delivered
2839,2026-06-30,3,1,3,1,6.0,Delivered
2840,2026-06-30,3,2,3,1,5.5,Delivered
2841,2026-06-30,3,6,3,1,5.0,Delivered
2842,2026-06-30,9,7,3,2,10.0,Delivered
2843,2026-06-30,15,2,3,1,5.5,Delivered
2844,2026-06-30,15,4,3,2,5.0,Delivered
2845,2026-06-30,15,5,3,1,5.0,Delivered
2846,2026-06-30,21,1,3,2,6.0,Delivered
2847,2026-06-30,27,1,3,1,6.0,Delivered
2848,2026-06-30,27,4,3,1,5.0,Delivered
2849,2026-06-30,27,5,3,1,5.0,Delivered
2850,2026-06-30,33,6,3,1,5.0,Failed
2851,2026-06-30,39,3,3,1,10.0,Delivered
2852,2026-06-30,45,1,3,1,6.0,Delivered
2853,2026-06-30,45,2,3,1,5.5,Delivered
2854,2026-06-30,51,3,3,1,10.0,Delivered
2855,2026-06-30,51,4,3,1,5.0,Delivered
2856,2026-06-30,57,1,3,1,6.0,Delivered
2857,2026-06-30,4,2,4,1,5.5,Delivered
2858,2026-06-30,10,1,4,1,6.0,Delivered
2859,2026-06-30,10,3,4,1,10.0,Delivered
2860,2026-06-30,10,5,4,1,5.0,Delivered
2861,2026-06-30,16,2,4,1,5.5,Delivered
2862,2026-06-30,22,1,4,1,6.0,Delivered
2863,2026-06-30,22,5,4,1,5.0,Delivered
2864,2026-06-30,28,1,4,1,6.0,Delivered
2865,2026-06-30,28,5,4,1,5.0,Delivered
2866,2026-06-30,34,3,4,1,10.0,Delivered
2867,2026-06-30,40,4,4,1,5.0,Delivered
2868,2026-06-30,46,3,4,1,10.0,Delivered
2869,2026-06-30,52,4,4,1,5.0,Delivered
2870,2026-06-30,52,5,4,1,5.0,Delivered
2871,2026-06-30,58,2,4,2,5.5,Delivered
2872,2026-06-30,5,1,5,1,6.0,Delivered
2873,2026-06-30,11,4,5,1,5.0,Delivered
2874,2026-06-30,17,2,5,1,5.5,Delivered
2875,2026-06-30,17,5,5,1,5.0,Delivered
2876,2026-06-30,23,2,5,1,5.5,Delivered
2877,2026-06-30,29,3,5,1,10.0,Delivered
2878,2026-06-30,29,4,5,1,5.0,Delivered
2879,2026-06-30,35,2,5,2,5.5,Delivered
2880,2026-06-30,35,6,5,1,5.0,Delivered
2881,2026-06-30,41,1,5,1,6.0,Delivered
2882,2026-06-30,47,1,5,1,6.0,Delivered
2883,2026-06-30,47,2,5,1,5.5,Delivered
2884,2026-06-30,47,5,5,1,5.0,Delivered
2885,2026-06-30,53,2,5,1,5.5,Delivered
2886,2026-06-30,53,3,5,1,10.0,Delivered
2887,2026-06-30,59,3,5,1,10.0,Delivered
2888,2026-06-30,6,6,5,1,5.0,Delivered
2889,2026-06-30,12,6,5,1,5.0,Failed
2890,2026-06-30,18,4,5,1,5.0,Delivered
2891,2026-06-30,24,7,5,1,10.0,Delivered
2892,2026-06-30,30,3,5,1,10.0,Delivered
2893,2026-06-30,36,8,5,1,6.0,Delivered
2894,2026-06-30,42,1,5,1,6.0,Delivered
2895,2026-06-30,48,7,5,1,10.0,Delivered
2896,2026-06-30,54,4,5,1,5.0,Delivered
2897,2026-06-30,60,1,5,1,6.0,Delivered
2898,2026-06-30,60,3,5,1,10.0,Delivered
2899,2026-07-01,1,2,1,2,5.5,Delivered
2900,2026-07-01,1,4,1,1,5.0,Delivered
2901,2026-07-01,7,3,1,1,10.0,Delivered
2902,2026-07-01,7,8,1,1,6.0,Delivered
2903,2026-07-01,13,5,1,1,5.0,Delivered
2904,2026-07-01,19,1,1,2,6.0,Delivered
2905,2026-07-01,19,5,1,2,5.0,Delivered
2906,2026-07-01,19,6,1,1,5.0,Delivered
2907,2026-07-01,25,3,1,1,10.0,Delivered
2908,2026-07-01,25,7,1,1,10.0,Delivered
2909,2026-07-01,31,1,1,1,6.0,Delivered
2910,2026-07-01,31,4,1,1,5.0,Delivered
2911,2026-07-01,31,5,1,1,5.0,Delivered
2912,2026-07-01,37,4,1,2,5.0,Delivered
2913,2026-07-01,37,7,1,1,10.0,Delivered
2914,2026-07-01,43,6,1,1,5.0,Delivered
2915,2026-07-01,49,4,1,1,5.0,Delivered
2916,2026-07-01,49,7,1,1,10.0,Delivered
2917,2026-07-01,55,5,1,1,5.0,Delivered
2918,2026-07-01,61,1,1,1,6.0,Delivered
2919,2026-07-01,2,1,2,1,6.0,Delivered
2920,2026-07-01,2,3,2,1,10.0,Delivered
2921,2026-07-01,8,5,2,1,5.0,Delivered
2922,2026-07-01,14,4,2,1,5.0,Delivered
2923,2026-07-01,20,1,2,1,6.0,Delivered
2924,2026-07-01,20,2,2,1,5.5,Delivered
2925,2026-07-01,20,7,2,1,10.0,Delivered
2926,2026-07-01,26,2,2,1,5.5,Delivered
2927,2026-07-01,32,3,2,1,10.0,Delivered
2928,2026-07-01,32,4,2,1,5.0,Delivered
2929,2026-07-01,38,4,2,1,5.0,Delivered
2930,2026-07-01,38,5,2,2,5.0,Delivered
2931,2026-07-01,44,1,2,1,6.0,Delivered
2932,2026-07-01,50,3,2,1,10.0,Failed
2933,2026-07-01,50,4,2,1,5.0,Delivered
2934,2026-07-01,62,3,2,1,10.0,Delivered
2935,2026-07-01,3,1,3,1,6.0,Delivered
2936,2026-07-01,3,2,3,1,5.5,Delivered
2937,2026-07-01,3,6,3,1,5.0,Delivered
2938,2026-07-01,9,7,3,2,10.0,Delivered
2939,2026-07-01,15,2,3,1,5.5,Delivered
2940,2026-07-01,15,4,3,2,5.0,Delivered
2941,2026-07-01,15,5,3,1,5.0,Delivered
2942,2026-07-01,21,1,3,2,6.0,Delivered
2943,2026-07-01,27,1,3,1,6.0,Delivered
2944,2026-07-01,27,4,3,1,5.0,Delivered
2945,2026-07-01,27,5,3,1,5.0,Delivered
2946,2026-07-01,33,6,3,1,5.0,Delivered
2947,2026-07-01,39,3,3,1,10.0,Delivered
2948,2026-07-01,45,1,3,1,6.0,Delivered
2949,2026-07-01,45,2,3,1,5.5,Delivered
2950,2026-07-01,51,3,3,1,10.0,Delivered
2951,2026-07-01,51,4,3,1,5.0,Delivered
2952,2026-07-01,57,1,3,1,6.0,Delivered
2953,2026-07-01,4,2,4,1,5.5,Delivered
2954,2026-07-01,10,1,4,1,6.0,Delivered
2955,2026-07-01,10,3,4,1,10.0,Delivered
2956,2026-07-01,10,5,4,1,5.0,Delivered
2957,2026-07-01,16,2,4,1,5.5,Delivered
2958,2026-07-01,22,1,4,1,6.0,Delivered
2959,2026-07-01,22,5,4,1,5.0,Delivered
2960,2026-07-01,28,1,4,1,6.0,Delivered
2961,2026-07-01,28,5,4,1,5.0,Delivered
2962,2026-07-01,34,3,4,1,10.0,Delivered
2963,2026-07-01,40,4,4,1,5.0,Delivered
2964,2026-07-01,46,3,4,1,10.0,Delivered
2965,2026-07-01,52,4,4,1,5.0,Delivered
2966,2026-07-01,52,5,4,1,5.0,Delivered
2967,2026-07-01,58,2,4,2,5.5,Delivered
2968,2026-07-01,5,1,5,1,6.0,Delivered
2969,2026-07-01,11,4,5,1,5.0,Delivered
2970,2026-07-01,17,2,5,1,5.5,Delivered
2971,2026-07-01,17,5,5,1,5.0,Delivered
2972,2026-07-01,23,2,5,1,5.5,Delivered
2973,2026-07-01,29,3,5,1,10.0,Delivered
2974,2026-07-01,29,4,5,1,5.0,Delivered
2975,2026-07-01,35,2,5,2,5.5,Delivered
2976,2026-07-01,35,6,5,1,5.0,Delivered
2977,2026-07-01,41,1,5,1,6.0,Delivered
2978,2026-07-01,47,1,5,1,6.0,Delivered
2979,2026-07-01,47,2,5,1,5.5,Delivered
2980,2026-07-01,47,5,5,1,5.0,Delivered
2981,2026-07-01,53,2,5,1,5.5,Delivered
2982,2026-07-01,53,3,5,1,10.0,Delivered
2983,2026-07-01,59,3,5,1,10.0,Delivered
2984,2026-07-01,6,6,5,1,5.0,Delivered
2985,2026-07-01,12,6,5,1,5.0,Delivered
2986,2026-07-01,18,4,5,1,5.0,Delivered
2987,2026-07-01,24,7,5,1,10.0,Delivered
2988,2026-07-01,30,3,5,1,10.0,Delivered
2989,2026-07-01,36,8,5,1,6.0,Delivered
2990,2026-07-01,42,1,5,1,6.0,Delivered
2991,2026-07-01,48,7,5,1,10.0,Delivered
2992,2026-07-01,54,4,5,1,5.0,Delivered
2993,2026-07-01,60,1,5,1,6.0,Delivered
2994,2026-07-01,60,3,5,1,10.0,Delivered
2995,2026-07-02,1,2,1,2,5.5,Delivered
2996,2026-07-02,1,4,1,1,5.0,Delivered
2997,2026-07-02,7,3,1,1,10.0,Delivered
2998,2026-07-02,7,8,1,1,6.0,Delivered
2999,2026-07-02,13,5,1,1,5.0,Delivered
3000,2026-07-02,19,1,1,2,6.0,Delivered
3001,2026-07-02,19,5,1,2,5.0,Delivered
3002,2026-07-02,19,6,1,1,5.0,Delivered
3003,2026-07-02,25,3,1,1,10.0,Delivered
3004,2026-07-02,25,7,1,1,10.0,Delivered
3005,2026-07-02,31,1,1,1,6.0,Delivered
3006,2026-07-02,31,4,1,1,5.0,Delivered
3007,2026-07-02,31,5,1,1,5.0,Delivered
3008,2026-07-02,37,4,1,2,5.0,Delivered
3009,2026-07-02,37,7,1,1,10.0,Delivered
3010,2026-07-02,43,6,1,1,5.0,Delivered
3011,2026-07-02,49,4,1,1,5.0,Delivered
3012,2026-07-02,49,7,1,1,10.0,Delivered
3013,2026-07-02,55,5,1,1,5.0,Delivered
3014,2026-07-02,61,1,1,1,6.0,Delivered
3015,2026-07-02,2,1,2,1,6.0,Delivered
3016,2026-07-02,2,3,2,1,10.0,Delivered
3017,2026-07-02,8,5,2,1,5.0,Delivered
3018,2026-07-02,14,4,2,1,5.0,Delivered
3019,2026-07-02,20,1,2,1,6.0,Delivered
3020,2026-07-02,20,2,2,1,5.5,Delivered
3021,2026-07-02,20,7,2,1,10.0,Delivered
3022,2026-07-02,26,2,2,1,5.5,Delivered
3023,2026-07-02,32,3,2,1,10.0,Delivered
3024,2026-07-02,32,4,2,1,5.0,Delivered
3025,2026-07-02,38,4,2,1,5.0,Delivered
3026,2026-07-02,38,5,2,2,5.0,Delivered
3027,2026-07-02,44,1,2,1,6.0,Delivered
3028,2026-07-02,50,3,2,1,10.0,Delivered
3029,2026-07-02,50,4,2,1,5.0,Delivered
3030,2026-07-02,62,3,2,1,10.0,Delivered
3031,2026-07-02,3,1,3,1,6.0,Delivered
3032,2026-07-02,3,2,3,1,5.5,Delivered
3033,2026-07-02,3,6,3,1,5.0,Delivered
3034,2026-07-02,9,7,3,2,10.0,Delivered
3035,2026-07-02,15,2,3,1,5.5,Delivered
3036,2026-07-02,15,4,3,2,5.0,Delivered
3037,2026-07-02,15,5,3,1,5.0,Delivered
3038,2026-07-02,21,1,3,2,6.0,Delivered
3039,2026-07-02,27,1,3,1,6.0,Delivered
3040,2026-07-02,27,4,3,1,5.0,Delivered
3041,2026-07-02,27,5,3,1,5.0,Delivered
3042,2026-07-02,33,6,3,1,5.0,Delivered
3043,2026-07-02,39,3,3,1,10.0,Delivered
3044,2026-07-02,45,1,3,1,6.0,Delivered
3045,2026-07-02,45,2,3,1,5.5,Delivered
3046,2026-07-02,51,3,3,1,10.0,Delivered
3047,2026-07-02,51,4,3,1,5.0,Delivered
3048,2026-07-02,57,1,3,1,6.0,Delivered
3049,2026-07-02,4,2,4,1,5.5,Delivered
3050,2026-07-02,10,1,4,1,6.0,Delivered
3051,2026-07-02,10,3,4,1,10.0,Delivered
3052,2026-07-02,10,5,4,1,5.0,Delivered
3053,2026-07-02,16,2,4,1,5.5,Delivered
3054,2026-07-02,22,1,4,1,6.0,Delivered
3055,2026-07-02,22,5,4,1,5.0,Delivered
3056,2026-07-02,28,1,4,1,6.0,Delivered
3057,2026-07-02,28,5,4,1,5.0,Delivered
3058,2026-07-02,34,3,4,1,10.0,Delivered
3059,2026-07-02,40,4,4,1,5.0,Delivered
3060,2026-07-02,46,3,4,1,10.0,Delivered
3061,2026-07-02,52,4,4,1,5.0,Delivered
3062,2026-07-02,52,5,4,1,5.0,Delivered
3063,2026-07-02,58,2,4,2,5.5,Delivered
3064,2026-07-02,5,1,5,1,6.0,Delivered
3065,2026-07-02,11,4,5,1,5.0,Delivered
3066,2026-07-02,17,2,5,1,5.5,Delivered
3067,2026-07-02,17,5,5,1,5.0,Failed
3068,2026-07-02,23,2,5,1,5.5,Delivered
3069,2026-07-02,29,3,5,1,10.0,Delivered
3070,2026-07-02,29,4,5,1,5.0,Delivered
3071,2026-07-02,35,2,5,2,5.5,Delivered
3072,2026-07-02,35,6,5,1,5.0,Delivered
3073,2026-07-02,41,1,5,1,6.0,Delivered
3074,2026-07-02,47,1,5,1,6.0,Delivered
3075,2026-07-02,47,2,5,1,5.5,Delivered
3076,2026-07-02,47,5,5,1,5.0,Delivered
3077,2026-07-02,53,2,5,1,5.5,Delivered
3078,2026-07-02,53,3,5,1,10.0,Delivered
3079,2026-07-02,59,3,5,1,10.0,Delivered
3080,2026-07-02,6,6,5,1,5.0,Delivered
3081,2026-07-02,12,6,5,1,5.0,Delivered
3082,2026-07-02,18,4,5,1,5.0,Delivered
3083,2026-07-02,24,7,5,1,10.0,Delivered
3084,2026-07-02,30,3,5,1,10.0,Delivered
3085,2026-07-02,36,8,5,1,6.0,Delivered
3086,2026-07-02,42,1,5,1,6.0,Delivered
3087,2026-07-02,48,7,5,1,10.0,Delivered
3088,2026-07-02,54,4,5,1,5.0,Delivered
3089,2026-07-02,60,1,5,1,6.0,Delivered
3090,2026-07-02,60,3,5,1,10.0,Delivered
3091,2026-07-03,1,2,1,2,5.5,Delivered
3092,2026-07-03,1,4,1,1,5.0,Delivered
3093,2026-07-03,7,3,1,1,10.0,Delivered
3094,2026-07-03,7,8,1,1,6.0,Delivered
3095,2026-07-03,13,5,1,1,5.0,Delivered
3096,2026-07-03,19,1,1,2,6.0,Delivered
3097,2026-07-03,19,5,1,2,5.0,Delivered
3098,2026-07-03,19,6,1,1,5.0,Delivered
3099,2026-07-03,25,3,1,1,10.0,Delivered
3100,2026-07-03,25,7,1,1,10.0,Delivered
3101,2026-07-03,31,1,1,1,6.0,Delivered
3102,2026-07-03,31,4,1,1,5.0,Delivered
3103,2026-07-03,31,5,1,1,5.0,Delivered
3104,2026-07-03,37,4,1,2,5.0,Delivered
3105,2026-07-03,37,7,1,1,10.0,Delivered
3106,2026-07-03,43,6,1,1,5.0,Delivered
3107,2026-07-03,49,4,1,1,5.0,Delivered
3108,2026-07-03,49,7,1,1,10.0,Delivered
3109,2026-07-03,55,5,1,1,5.0,Delivered
3110,2026-07-03,61,1,1,1,6.0,Delivered
3111,2026-07-03,2,1,2,1,6.0,Delivered
3112,2026-07-03,2,3,2,1,10.0,Delivered
3113,2026-07-03,8,5,2,1,5.0,Delivered
3114,2026-07-03,14,4,2,1,5.0,Delivered
3115,2026-07-03,20,1,2,1,6.0,Delivered
3116,2026-07-03,20,2,2,1,5.5,Delivered
3117,2026-07-03,20,7,2,1,10.0,Delivered
3118,2026-07-03,26,2,2,1,5.5,Delivered
3119,2026-07-03,32,3,2,1,10.0,Delivered
3120,2026-07-03,32,4,2,1,5.0,Delivered
3121,2026-07-03,38,4,2,1,5.0,Delivered
3122,2026-07-03,38,5,2,2,5.0,Delivered
3123,2026-07-03,44,1,2,1,6.0,Delivered
3124,2026-07-03,50,3,2,1,10.0,Delivered
3125,2026-07-03,50,4,2,1,5.0,Delivered
3126,2026-07-03,62,3,2,1,10.0,Delivered
3127,2026-07-03,3,1,3,1,6.0,Delivered
3128,2026-07-03,3,2,3,1,5.5,Delivered
3129,2026-07-03,3,6,3,1,5.0,Delivered
3130,2026-07-03,9,7,3,2,10.0,Delivered
3131,2026-07-03,15,2,3,1,5.5,Failed
3132,2026-07-03,15,4,3,2,5.0,Delivered
3133,2026-07-03,15,5,3,1,5.0,Delivered
3134,2026-07-03,21,1,3,2,6.0,Delivered
3135,2026-07-03,27,1,3,1,6.0,Delivered
3136,2026-07-03,27,4,3,1,5.0,Delivered
3137,2026-07-03,27,5,3,1,5.0,Delivered
3138,2026-07-03,33,6,3,1,5.0,Delivered
3139,2026-07-03,39,3,3,1,10.0,Delivered
3140,2026-07-03,45,1,3,1,6.0,Delivered
3141,2026-07-03,45,2,3,1,5.5,Delivered
3142,2026-07-03,51,3,3,1,10.0,Delivered
3143,2026-07-03,51,4,3,1,5.0,Delivered
3144,2026-07-03,57,1,3,1,6.0,Failed
3145,2026-07-03,4,2,4,1,5.5,Delivered
3146,2026-07-03,10,1,4,1,6.0,Delivered
3147,2026-07-03,10,3,4,1,10.0,Delivered
3148,2026-07-03,10,5,4,1,5.0,Delivered
3149,2026-07-03,16,2,4,1,5.5,Delivered
3150,2026-07-03,22,1,4,1,6.0,Delivered
3151,2026-07-03,22,5,4,1,5.0,Delivered
3152,2026-07-03,28,1,4,1,6.0,Delivered
3153,2026-07-03,28,5,4,1,5.0,Delivered
3154,2026-07-03,34,3,4,1,10.0,Delivered
3155,2026-07-03,40,4,4,1,5.0,Delivered
3156,2026-07-03,46,3,4,1,10.0,Delivered
3157,2026-07-03,52,4,4,1,5.0,Delivered
3158,2026-07-03,52,5,4,1,5.0,Delivered
3159,2026-07-03,58,2,4,2,5.5,Delivered
3160,2026-07-03,5,1,5,1,6.0,Delivered
3161,2026-07-03,11,4,5,1,5.0,Delivered
3162,2026-07-03,17,2,5,1,5.5,Delivered
3163,2026-07-03,17,5,5,1,5.0,Delivered
3164,2026-07-03,23,2,5,1,5.5,Failed
3165,2026-07-03,29,3,5,1,10.0,Delivered
3166,2026-07-03,29,4,5,1,5.0,Delivered
3167,2026-07-03,35,2,5,2,5.5,Delivered
3168,2026-07-03,35,6,5,1,5.0,Delivered
3169,2026-07-03,41,1,5,1,6.0,Delivered
3170,2026-07-03,47,1,5,1,6.0,Delivered
3171,2026-07-03,47,2,5,1,5.5,Delivered
3172,2026-07-03,47,5,5,1,5.0,Delivered
3173,2026-07-03,53,2,5,1,5.5,Delivered
3174,2026-07-03,53,3,5,1,10.0,Delivered
3175,2026-07-03,59,3,5,1,10.0,Delivered
3176,2026-07-03,63,2,5,1,5.5,Delivered
3177,2026-07-03,63,4,5,2,5.0,Delivered
3178,2026-07-03,6,6,5,1,5.0,Delivered
3179,2026-07-03,12,6,5,1,5.0,Delivered
3180,2026-07-03,18,4,5,1,5.0,Delivered
3181,2026-07-03,24,7,5,1,10.0,Delivered
3182,2026-07-03,30,3,5,1,10.0,Delivered
3183,2026-07-03,36,8,5,1,6.0,Delivered
3184,2026-07-03,42,1,5,1,6.0,Delivered
3185,2026-07-03,48,7,5,1,10.0,Delivered
3186,2026-07-03,54,4,5,1,5.0,Delivered
3187,2026-07-03,60,1,5,1,6.0,Delivered
3188,2026-07-03,60,3,5,1,10.0,Delivered
3189,2026-07-04,1,2,1,2,5.5,Delivered
3190,2026-07-04,1,4,1,1,5.0,Delivered
3191,2026-07-04,7,3,1,1,10.0,Delivered
3192,2026-07-04,7,8,1,1,6.0,Delivered
3193,2026-07-04,13,5,1,1,5.0,Delivered
3194,2026-07-04,19,1,1,2,6.0,Delivered
3195,2026-07-04,19,5,1,2,5.0,Delivered
3196,2026-07-04,19,6,1,1,5.0,Delivered
3197,2026-07-04,25,3,1,1,10.0,Delivered
3198,2026-07-04,25,7,1,1,10.0,Delivered
3199,2026-07-04,31,1,1,1,6.0,Delivered
3200,2026-07-04,31,4,1,1,5.0,Delivered
3201,2026-07-04,31,5,1,1,5.0,Delivered
3202,2026-07-04,37,4,1,2,5.0,Delivered
3203,2026-07-04,37,7,1,1,10.0,Delivered
3204,2026-07-04,43,6,1,1,5.0,Delivered
3205,2026-07-04,49,4,1,1,5.0,Delivered
3206,2026-07-04,49,7,1,1,10.0,Delivered
3207,2026-07-04,55,5,1,1,5.0,Delivered
3208,2026-07-04,61,1,1,1,6.0,Delivered
3209,2026-07-04,2,1,2,1,6.0,Delivered
3210,2026-07-04,2,3,2,1,10.0,Delivered
3211,2026-07-04,8,5,2,1,5.0,Delivered
3212,2026-07-04,14,4,2,1,5.0,Delivered
3213,2026-07-04,20,1,2,1,6.0,Delivered
3214,2026-07-04,20,2,2,1,5.5,Delivered
3215,2026-07-04,20,7,2,1,10.0,Delivered
3216,2026-07-04,26,2,2,1,5.5,Delivered
3217,2026-07-04,32,3,2,1,10.0,Delivered
3218,2026-07-04,32,4,2,1,5.0,Delivered
3219,2026-07-04,38,4,2,1,5.0,Delivered
3220,2026-07-04,38,5,2,2,5.0,Delivered
3221,2026-07-04,44,1,2,1,6.0,Delivered
3222,2026-07-04,50,3,2,1,10.0,Delivered
3223,2026-07-04,50,4,2,1,5.0,Delivered
3224,2026-07-04,62,3,2,1,10.0,Delivered
3225,2026-07-04,3,1,3,1,6.0,Delivered
3226,2026-07-04,3,2,3,1,5.5,Delivered
3227,2026-07-04,3,6,3,1,5.0,Delivered
3228,2026-07-04,9,7,3,2,10.0,Delivered
3229,2026-07-04,15,2,3,1,5.5,Delivered
3230,2026-07-04,15,4,3,2,5.0,Delivered
3231,2026-07-04,15,5,3,1,5.0,Delivered
3232,2026-07-04,21,1,3,2,6.0,Delivered
3233,2026-07-04,27,1,3,1,6.0,Delivered
3234,2026-07-04,27,4,3,1,5.0,Delivered
3235,2026-07-04,27,5,3,1,5.0,Delivered
3236,2026-07-04,33,6,3,1,5.0,Delivered
3237,2026-07-04,39,3,3,1,10.0,Delivered
3238,2026-07-04,45,1,3,1,6.0,Delivered
3239,2026-07-04,45,2,3,1,5.5,Delivered
3240,2026-07-04,51,3,3,1,10.0,Delivered
3241,2026-07-04,51,4,3,1,5.0,Failed
3242,2026-07-04,57,1,3,1,6.0,Delivered
3243,2026-07-04,4,2,4,1,5.5,Delivered
3244,2026-07-04,10,1,4,1,6.0,Delivered
3245,2026-07-04,10,3,4,1,10.0,Delivered
3246,2026-07-04,10,5,4,1,5.0,Delivered
3247,2026-07-04,16,2,4,1,5.5,Delivered
3248,2026-07-04,28,1,4,1,6.0,Delivered
3249,2026-07-04,28,5,4,1,5.0,Delivered
3250,2026-07-04,34,3,4,1,10.0,Delivered
3251,2026-07-04,40,4,4,1,5.0,Delivered
3252,2026-07-04,46,3,4,1,10.0,Delivered
3253,2026-07-04,52,4,4,1,5.0,Delivered
3254,2026-07-04,52,5,4,1,5.0,Delivered
3255,2026-07-04,58,2,4,2,5.5,Delivered
3256,2026-07-04,5,1,5,1,6.0,Delivered
3257,2026-07-04,11,4,5,1,5.0,Delivered
3258,2026-07-04,17,2,5,1,5.5,Delivered
3259,2026-07-04,17,5,5,1,5.0,Delivered
3260,2026-07-04,23,2,5,1,5.5,Delivered
3261,2026-07-04,29,3,5,1,10.0,Delivered
3262,2026-07-04,29,4,5,1,5.0,Delivered
3263,2026-07-04,35,2,5,2,5.5,Delivered
3264,2026-07-04,35,6,5,1,5.0,Delivered
3265,2026-07-04,41,1,5,1,6.0,Delivered
3266,2026-07-04,47,1,5,1,6.0,Delivered
3267,2026-07-04,47,2,5,1,5.5,Delivered
3268,2026-07-04,47,5,5,1,5.0,Delivered
3269,2026-07-04,53,2,5,1,5.5,Delivered
3270,2026-07-04,53,3,5,1,10.0,Delivered
3271,2026-07-04,59,3,5,1,10.0,Delivered
3272,2026-07-04,63,2,5,1,5.5,Delivered
3273,2026-07-04,63,4,5,2,5.0,Delivered
3274,2026-07-04,6,6,5,1,5.0,Delivered
3275,2026-07-04,12,6,5,1,5.0,Delivered
3276,2026-07-04,18,4,5,1,5.0,Delivered
3277,2026-07-04,24,7,5,1,10.0,Delivered
3278,2026-07-04,30,3,5,1,10.0,Delivered
3279,2026-07-04,36,8,5,1,6.0,Delivered
3280,2026-07-04,42,1,5,1,6.0,Delivered
3281,2026-07-04,48,7,5,1,10.0,Delivered
3282,2026-07-04,54,4,5,1,5.0,Delivered
3283,2026-07-04,60,1,5,1,6.0,Delivered
3284,2026-07-04,60,3,5,1,10.0,Delivered
3285,2026-07-05,1,2,1,2,5.5,Delivered
3286,2026-07-05,1,4,1,1,5.0,Delivered
3287,2026-07-05,7,3,1,1,10.0,Delivered
3288,2026-07-05,7,8,1,1,6.0,Delivered
3289,2026-07-05,13,5,1,1,5.0,Delivered
3290,2026-07-05,19,1,1,2,6.0,Delivered
3291,2026-07-05,19,5,1,2,5.0,Delivered
3292,2026-07-05,19,6,1,1,5.0,Delivered
3293,2026-07-05,25,3,1,1,10.0,Delivered
3294,2026-07-05,25,7,1,1,10.0,Delivered
3295,2026-07-05,31,1,1,1,6.0,Delivered
3296,2026-07-05,31,4,1,1,5.0,Delivered
3297,2026-07-05,31,5,1,1,5.0,Delivered
3298,2026-07-05,37,4,1,2,5.0,Delivered
3299,2026-07-05,37,7,1,1,10.0,Delivered
3300,2026-07-05,43,6,1,1,5.0,Delivered
3301,2026-07-05,49,4,1,1,5.0,Delivered
3302,2026-07-05,49,7,1,1,10.0,Delivered
3303,2026-07-05,55,5,1,1,5.0,Delivered
3304,2026-07-05,61,1,1,1,6.0,Delivered
3305,2026-07-05,2,1,2,1,6.0,Delivered
3306,2026-07-05,2,3,2,1,10.0,Delivered
3307,2026-07-05,8,5,2,1,5.0,Delivered
3308,2026-07-05,14,4,2,1,5.0,Delivered
3309,2026-07-05,20,1,2,1,6.0,Delivered
3310,2026-07-05,20,2,2,1,5.5,Delivered
3311,2026-07-05,20,7,2,1,10.0,Delivered
3312,2026-07-05,26,2,2,1,5.5,Delivered
3313,2026-07-05,32,3,2,1,10.0,Delivered
3314,2026-07-05,32,4,2,1,5.0,Delivered
3315,2026-07-05,38,4,2,1,5.0,Delivered
3316,2026-07-05,38,5,2,2,5.0,Delivered
3317,2026-07-05,44,1,2,1,6.0,Delivered
3318,2026-07-05,50,3,2,1,10.0,Delivered
3319,2026-07-05,50,4,2,1,5.0,Delivered
3320,2026-07-05,62,3,2,1,10.0,Delivered
3321,2026-07-05,3,1,3,1,6.0,Delivered
3322,2026-07-05,3,2,3,1,5.5,Delivered
3323,2026-07-05,3,6,3,1,5.0,Delivered
3324,2026-07-05,9,7,3,2,10.0,Delivered
3325,2026-07-05,15,2,3,1,5.5,Delivered
3326,2026-07-05,15,4,3,2,5.0,Delivered
3327,2026-07-05,15,5,3,1,5.0,Delivered
3328,2026-07-05,21,1,3,2,6.0,Delivered
3329,2026-07-05,27,1,3,1,6.0,Delivered
3330,2026-07-05,27,4,3,1,5.0,Delivered
3331,2026-07-05,27,5,3,1,5.0,Delivered
3332,2026-07-05,33,6,3,1,5.0,Delivered
3333,2026-07-05,39,3,3,1,10.0,Delivered
3334,2026-07-05,45,1,3,1,6.0,Delivered
3335,2026-07-05,45,2,3,1,5.5,Delivered
3336,2026-07-05,51,3,3,1,10.0,Delivered
3337,2026-07-05,51,4,3,1,5.0,Delivered
3338,2026-07-05,57,1,3,1,6.0,Delivered
3339,2026-07-05,4,2,4,1,5.5,Delivered
3340,2026-07-05,10,1,4,1,6.0,Delivered
3341,2026-07-05,10,3,4,1,10.0,Failed
3342,2026-07-05,10,5,4,1,5.0,Delivered
3343,2026-07-05,16,2,4,1,5.5,Delivered
3344,2026-07-05,28,1,4,1,6.0,Delivered
3345,2026-07-05,28,5,4,1,5.0,Delivered
3346,2026-07-05,34,3,4,1,10.0,Delivered
3347,2026-07-05,40,4,4,1,5.0,Delivered
3348,2026-07-05,46,3,4,1,10.0,Delivered
3349,2026-07-05,52,4,4,1,5.0,Delivered
3350,2026-07-05,52,5,4,1,5.0,Delivered
3351,2026-07-05,58,2,4,2,5.5,Delivered
3352,2026-07-05,5,1,5,1,6.0,Delivered
3353,2026-07-05,11,4,5,1,5.0,Delivered
3354,2026-07-05,17,2,5,1,5.5,Delivered
3355,2026-07-05,17,5,5,1,5.0,Delivered
3356,2026-07-05,23,2,5,1,5.5,Delivered
3357,2026-07-05,29,3,5,1,10.0,Delivered
3358,2026-07-05,29,4,5,1,5.0,Delivered
3359,2026-07-05,35,2,5,2,5.5,Delivered
3360,2026-07-05,35,6,5,1,5.0,Delivered
3361,2026-07-05,41,1,5,1,6.0,Delivered
3362,2026-07-05,47,1,5,1,6.0,Delivered
3363,2026-07-05,47,2,5,1,5.5,Delivered
3364,2026-07-05,47,5,5,1,5.0,Delivered
3365,2026-07-05,53,2,5,1,5.5,Delivered
3366,2026-07-05,53,3,5,1,10.0,Delivered
3367,2026-07-05,59,3,5,1,10.0,Delivered
3368,2026-07-05,63,2,5,1,5.5,Delivered
3369,2026-07-05,63,4,5,2,5.0,Delivered
3370,2026-07-05,6,6,5,1,5.0,Delivered
3371,2026-07-05,12,6,5,1,5.0,Delivered
3372,2026-07-05,18,4,5,1,5.0,Delivered
3373,2026-07-05,24,7,5,1,10.0,Delivered
3374,2026-07-05,30,3,5,1,10.0,Delivered
3375,2026-07-05,36,8,5,1,6.0,Delivered
3376,2026-07-05,42,1,5,1,6.0,Delivered
3377,2026-07-05,48,7,5,1,10.0,Delivered
3378,2026-07-05,54,4,5,1,5.0,Delivered
3379,2026-07-05,60,1,5,1,6.0,Delivered
3380,2026-07-05,60,3,5,1,10.0,Delivered
3381,2026-07-06,1,2,1,2,5.5,Delivered
3382,2026-07-06,1,4,1,1,5.0,Delivered
3383,2026-07-06,7,3,1,1,10.0,Delivered
3384,2026-07-06,7,8,1,1,6.0,Delivered
3385,2026-07-06,13,5,1,1,5.0,Delivered
3386,2026-07-06,19,1,1,2,6.0,Delivered
3387,2026-07-06,19,5,1,2,5.0,Delivered
3388,2026-07-06,19,6,1,1,5.0,Delivered
3389,2026-07-06,25,3,1,1,10.0,Delivered
3390,2026-07-06,25,7,1,1,10.0,Delivered
3391,2026-07-06,31,1,1,1,6.0,Delivered
3392,2026-07-06,31,4,1,1,5.0,Delivered
3393,2026-07-06,31,5,1,1,5.0,Delivered
3394,2026-07-06,37,4,1,2,5.0,Delivered
3395,2026-07-06,37,7,1,1,10.0,Delivered
3396,2026-07-06,43,6,1,1,5.0,Delivered
3397,2026-07-06,49,4,1,1,5.0,Delivered
3398,2026-07-06,49,7,1,1,10.0,Delivered
3399,2026-07-06,55,5,1,1,5.0,Delivered
3400,2026-07-06,61,1,1,1,6.0,Delivered
3401,2026-07-06,2,1,2,1,6.0,Delivered
3402,2026-07-06,2,3,2,1,10.0,Delivered
3403,2026-07-06,8,5,2,1,5.0,Delivered
3404,2026-07-06,14,4,2,1,5.0,Delivered
3405,2026-07-06,20,1,2,1,6.0,Delivered
3406,2026-07-06,20,2,2,1,5.5,Delivered
3407,2026-07-06,20,7,2,1,10.0,Delivered
3408,2026-07-06,26,2,2,1,5.5,Delivered
3409,2026-07-06,32,3,2,1,10.0,Delivered
3410,2026-07-06,32,4,2,1,5.0,Delivered
3411,2026-07-06,38,4,2,1,5.0,Delivered
3412,2026-07-06,38,5,2,2,5.0,Delivered
3413,2026-07-06,44,1,2,1,6.0,Delivered
3414,2026-07-06,50,3,2,1,10.0,Delivered
3415,2026-07-06,50,4,2,1,5.0,Delivered
3416,2026-07-06,62,3,2,1,10.0,Delivered
3417,2026-07-06,3,1,3,1,6.0,Delivered
3418,2026-07-06,3,2,3,1,5.5,Delivered
3419,2026-07-06,3,6,3,1,5.0,Delivered
3420,2026-07-06,9,7,3,2,10.0,Delivered
3421,2026-07-06,15,2,3,1,5.5,Delivered
3422,2026-07-06,15,4,3,2,5.0,Delivered
3423,2026-07-06,15,5,3,1,5.0,Delivered
3424,2026-07-06,21,1,3,2,6.0,Delivered
3425,2026-07-06,27,1,3,1,6.0,Delivered
3426,2026-07-06,27,4,3,1,5.0,Delivered
3427,2026-07-06,27,5,3,1,5.0,Delivered
3428,2026-07-06,33,6,3,1,5.0,Delivered
3429,2026-07-06,39,3,3,1,10.0,Delivered
3430,2026-07-06,45,1,3,1,6.0,Delivered
3431,2026-07-06,45,2,3,1,5.5,Delivered
3432,2026-07-06,51,3,3,1,10.0,Delivered
3433,2026-07-06,51,4,3,1,5.0,Delivered
3434,2026-07-06,57,1,3,1,6.0,Delivered
3435,2026-07-06,4,2,4,1,5.5,Delivered
3436,2026-07-06,10,1,4,1,6.0,Delivered
3437,2026-07-06,10,3,4,1,10.0,Delivered
3438,2026-07-06,10,5,4,1,5.0,Delivered
3439,2026-07-06,16,2,4,1,5.5,Delivered
3440,2026-07-06,28,1,4,1,6.0,Delivered
3441,2026-07-06,28,5,4,1,5.0,Delivered
3442,2026-07-06,34,3,4,1,10.0,Delivered
3443,2026-07-06,40,4,4,1,5.0,Delivered
3444,2026-07-06,46,3,4,1,10.0,Delivered
3445,2026-07-06,52,4,4,1,5.0,Failed
3446,2026-07-06,52,5,4,1,5.0,Delivered
3447,2026-07-06,58,2,4,2,5.5,Delivered
3448,2026-07-06,5,1,5,1,6.0,Delivered
3449,2026-07-06,11,4,5,1,5.0,Delivered
3450,2026-07-06,17,2,5,1,5.5,Delivered
3451,2026-07-06,17,5,5,1,5.0,Delivered
3452,2026-07-06,23,2,5,1,5.5,Delivered
3453,2026-07-06,29,3,5,1,10.0,Delivered
3454,2026-07-06,29,4,5,1,5.0,Delivered
3455,2026-07-06,35,2,5,2,5.5,Delivered
3456,2026-07-06,35,6,5,1,5.0,Delivered
3457,2026-07-06,41,1,5,1,6.0,Delivered
3458,2026-07-06,47,1,5,1,6.0,Delivered
3459,2026-07-06,47,2,5,1,5.5,Delivered
3460,2026-07-06,47,5,5,1,5.0,Delivered
3461,2026-07-06,53,2,5,1,5.5,Delivered
3462,2026-07-06,53,3,5,1,10.0,Delivered
3463,2026-07-06,59,3,5,1,10.0,Delivered
3464,2026-07-06,63,2,5,1,5.5,Delivered
3465,2026-07-06,63,4,5,2,5.0,Delivered
3466,2026-07-06,6,6,5,1,5.0,Delivered
3467,2026-07-06,12,6,5,1,5.0,Delivered
3468,2026-07-06,18,4,5,1,5.0,Delivered
3469,2026-07-06,24,7,5,1,10.0,Delivered
3470,2026-07-06,30,3,5,1,10.0,Delivered
3471,2026-07-06,36,8,5,1,6.0,Delivered
3472,2026-07-06,42,1,5,1,6.0,Delivered
3473,2026-07-06,48,7,5,1,10.0,Delivered
3474,2026-07-06,54,4,5,1,5.0,Failed
3475,2026-07-06,60,1,5,1,6.0,Delivered
3476,2026-07-06,60,3,5,1,10.0,Delivered
3477,2026-07-07,1,2,1,2,5.5,Delivered
3478,2026-07-07,1,4,1,1,5.0,Delivered
3479,2026-07-07,7,3,1,1,10.0,Delivered
3480,2026-07-07,7,8,1,1,6.0,Delivered
3481,2026-07-07,13,5,1,1,5.0,Delivered
3482,2026-07-07,19,1,1,2,6.0,Delivered
3483,2026-07-07,19,5,1,2,5.0,Delivered
3484,2026-07-07,19,6,1,1,5.0,Delivered
3485,2026-07-07,25,3,1,1,10.0,Delivered
3486,2026-07-07,25,7,1,1,10.0,Delivered
3487,2026-07-07,31,1,1,1,6.0,Delivered
3488,2026-07-07,31,4,1,1,5.0,Delivered
3489,2026-07-07,31,5,1,1,5.0,Delivered
3490,2026-07-07,37,4,1,2,5.0,Delivered
3491,2026-07-07,37,7,1,1,10.0,Delivered
3492,2026-07-07,43,6,1,1,5.0,Delivered
3493,2026-07-07,49,4,1,1,5.0,Delivered
3494,2026-07-07,49,7,1,1,10.0,Delivered
3495,2026-07-07,55,5,1,1,5.0,Delivered
3496,2026-07-07,61,1,1,1,6.0,Delivered
3497,2026-07-07,2,1,2,1,6.0,Delivered
3498,2026-07-07,2,3,2,1,10.0,Delivered
3499,2026-07-07,8,5,2,1,5.0,Delivered
3500,2026-07-07,14,4,2,1,5.0,Delivered
3501,2026-07-07,20,1,2,1,6.0,Delivered
3502,2026-07-07,20,2,2,1,5.5,Delivered
3503,2026-07-07,20,7,2,1,10.0,Delivered
3504,2026-07-07,26,2,2,1,5.5,Delivered
3505,2026-07-07,32,3,2,1,10.0,Delivered
3506,2026-07-07,32,4,2,1,5.0,Delivered
3507,2026-07-07,38,4,2,1,5.0,Delivered
3508,2026-07-07,38,5,2,2,5.0,Delivered
3509,2026-07-07,44,1,2,1,6.0,Delivered
3510,2026-07-07,50,3,2,1,10.0,Delivered
3511,2026-07-07,50,4,2,1,5.0,Delivered
3512,2026-07-07,56,1,2,1,6.0,Delivered
3513,2026-07-07,56,2,2,1,5.5,Delivered
3514,2026-07-07,62,3,2,1,10.0,Delivered
3515,2026-07-07,3,1,3,1,6.0,Delivered
3516,2026-07-07,3,2,3,1,5.5,Delivered
3517,2026-07-07,3,6,3,1,5.0,Delivered
3518,2026-07-07,9,7,3,2,10.0,Delivered
3519,2026-07-07,15,2,3,1,5.5,Delivered
3520,2026-07-07,15,4,3,2,5.0,Delivered
3521,2026-07-07,15,5,3,1,5.0,Delivered
3522,2026-07-07,21,1,3,2,6.0,Delivered
3523,2026-07-07,27,1,3,1,6.0,Delivered
3524,2026-07-07,27,4,3,1,5.0,Delivered
3525,2026-07-07,27,5,3,1,5.0,Delivered
3526,2026-07-07,33,6,3,1,5.0,Delivered
3527,2026-07-07,39,3,3,1,10.0,Delivered
3528,2026-07-07,45,1,3,1,6.0,Delivered
3529,2026-07-07,45,2,3,1,5.5,Delivered
3530,2026-07-07,51,3,3,1,10.0,Delivered
3531,2026-07-07,51,4,3,1,5.0,Delivered
3532,2026-07-07,57,1,3,1,6.0,Delivered
3533,2026-07-07,4,2,4,1,5.5,Delivered
3534,2026-07-07,10,1,4,1,6.0,Delivered
3535,2026-07-07,10,3,4,1,10.0,Delivered
3536,2026-07-07,10,5,4,1,5.0,Delivered
3537,2026-07-07,16,2,4,1,5.5,Delivered
3538,2026-07-07,28,1,4,1,6.0,Delivered
3539,2026-07-07,28,5,4,1,5.0,Delivered
3540,2026-07-07,34,3,4,1,10.0,Delivered
3541,2026-07-07,40,4,4,1,5.0,Delivered
3542,2026-07-07,46,3,4,1,10.0,Delivered
3543,2026-07-07,52,4,4,1,5.0,Delivered
3544,2026-07-07,52,5,4,1,5.0,Delivered
3545,2026-07-07,58,2,4,2,5.5,Delivered
3546,2026-07-07,5,1,5,1,6.0,Delivered
3547,2026-07-07,11,4,5,1,5.0,Delivered
3548,2026-07-07,17,2,5,1,5.5,Delivered
3549,2026-07-07,17,5,5,1,5.0,Delivered
3550,2026-07-07,23,2,5,1,5.5,Delivered
3551,2026-07-07,29,3,5,1,10.0,Delivered
3552,2026-07-07,29,4,5,1,5.0,Delivered
3553,2026-07-07,35,2,5,2,5.5,Delivered
3554,2026-07-07,35,6,5,1,5.0,Delivered
3555,2026-07-07,41,1,5,1,6.0,Delivered
3556,2026-07-07,47,1,5,1,6.0,Delivered
3557,2026-07-07,47,2,5,1,5.5,Delivered
3558,2026-07-07,47,5,5,1,5.0,Delivered
3559,2026-07-07,53,2,5,1,5.5,Delivered
3560,2026-07-07,53,3,5,1,10.0,Delivered
3561,2026-07-07,59,3,5,1,10.0,Delivered
3562,2026-07-07,63,2,5,1,5.5,Delivered
3563,2026-07-07,63,4,5,2,5.0,Delivered
3564,2026-07-07,6,6,5,1,5.0,Delivered
3565,2026-07-07,12,6,5,1,5.0,Delivered
3566,2026-07-07,18,4,5,1,5.0,Delivered
3567,2026-07-07,24,7,5,1,10.0,Delivered
3568,2026-07-07,30,3,5,1,10.0,Delivered
3569,2026-07-07,36,8,5,1,6.0,Delivered
3570,2026-07-07,42,1,5,1,6.0,Delivered
3571,2026-07-07,48,7,5,1,10.0,Delivered
3572,2026-07-07,54,4,5,1,5.0,Delivered
3573,2026-07-07,60,1,5,1,6.0,Delivered
3574,2026-07-07,60,3,5,1,10.0,Delivered
3575,2026-07-08,1,2,1,2,5.5,Delivered
3576,2026-07-08,1,4,1,1,5.0,Delivered
3577,2026-07-08,7,3,1,1,10.0,Delivered
3578,2026-07-08,7,8,1,1,6.0,Delivered
3579,2026-07-08,13,5,1,1,5.0,Delivered
3580,2026-07-08,19,1,1,2,6.0,Delivered
3581,2026-07-08,19,5,1,2,5.0,Delivered
3582,2026-07-08,19,6,1,1,5.0,Delivered
3583,2026-07-08,25,3,1,1,10.0,Delivered
3584,2026-07-08,25,7,1,1,10.0,Delivered
3585,2026-07-08,31,1,1,1,6.0,Delivered
3586,2026-07-08,31,4,1,1,5.0,Delivered
3587,2026-07-08,31,5,1,1,5.0,Delivered
3588,2026-07-08,37,4,1,2,5.0,Delivered
3589,2026-07-08,37,7,1,1,10.0,Delivered
3590,2026-07-08,43,6,1,1,5.0,Delivered
3591,2026-07-08,49,4,1,1,5.0,Failed
3592,2026-07-08,49,7,1,1,10.0,Delivered
3593,2026-07-08,55,5,1,1,5.0,Delivered
3594,2026-07-08,61,1,1,1,6.0,Delivered
3595,2026-07-08,2,1,2,1,6.0,Delivered
3596,2026-07-08,2,3,2,1,10.0,Delivered
3597,2026-07-08,8,5,2,1,5.0,Delivered
3598,2026-07-08,14,4,2,1,5.0,Delivered
3599,2026-07-08,20,1,2,1,6.0,Delivered
3600,2026-07-08,20,2,2,1,5.5,Delivered
3601,2026-07-08,20,7,2,1,10.0,Delivered
3602,2026-07-08,26,2,2,1,5.5,Delivered
3603,2026-07-08,32,3,2,1,10.0,Delivered
3604,2026-07-08,32,4,2,1,5.0,Delivered
3605,2026-07-08,38,4,2,1,5.0,Delivered
3606,2026-07-08,38,5,2,2,5.0,Delivered
3607,2026-07-08,44,1,2,1,6.0,Failed
3608,2026-07-08,50,3,2,1,10.0,Delivered
3609,2026-07-08,50,4,2,1,5.0,Delivered
3610,2026-07-08,56,1,2,1,6.0,Delivered
3611,2026-07-08,56,2,2,1,5.5,Delivered
3612,2026-07-08,62,3,2,1,10.0,Delivered
3613,2026-07-08,3,1,3,1,6.0,Delivered
3614,2026-07-08,3,2,3,1,5.5,Delivered
3615,2026-07-08,3,6,3,1,5.0,Delivered
3616,2026-07-08,9,7,3,2,10.0,Delivered
3617,2026-07-08,15,2,3,1,5.5,Delivered
3618,2026-07-08,15,4,3,2,5.0,Delivered
3619,2026-07-08,15,5,3,1,5.0,Delivered
3620,2026-07-08,21,1,3,2,6.0,Delivered
3621,2026-07-08,27,1,3,1,6.0,Delivered
3622,2026-07-08,27,4,3,1,5.0,Delivered
3623,2026-07-08,27,5,3,1,5.0,Delivered
3624,2026-07-08,33,6,3,1,5.0,Delivered
3625,2026-07-08,39,3,3,1,10.0,Delivered
3626,2026-07-08,45,1,3,1,6.0,Delivered
3627,2026-07-08,45,2,3,1,5.5,Delivered
3628,2026-07-08,51,3,3,1,10.0,Delivered
3629,2026-07-08,51,4,3,1,5.0,Delivered
3630,2026-07-08,57,1,3,1,6.0,Delivered
3631,2026-07-08,4,2,4,1,5.5,Delivered
3632,2026-07-08,10,1,4,1,6.0,Delivered
3633,2026-07-08,10,3,4,1,10.0,Delivered
3634,2026-07-08,10,5,4,1,5.0,Delivered
3635,2026-07-08,16,2,4,1,5.5,Delivered
3636,2026-07-08,28,1,4,1,6.0,Delivered
3637,2026-07-08,28,5,4,1,5.0,Delivered
3638,2026-07-08,34,3,4,1,10.0,Delivered
3639,2026-07-08,40,4,4,1,5.0,Delivered
3640,2026-07-08,46,3,4,1,10.0,Delivered
3641,2026-07-08,52,4,4,1,5.0,Delivered
3642,2026-07-08,52,5,4,1,5.0,Delivered
3643,2026-07-08,58,2,4,2,5.5,Delivered
3644,2026-07-08,5,1,5,1,6.0,Delivered
3645,2026-07-08,11,4,5,1,5.0,Delivered
3646,2026-07-08,17,2,5,1,5.5,Delivered
3647,2026-07-08,17,5,5,1,5.0,Delivered
3648,2026-07-08,23,2,5,1,5.5,Delivered
3649,2026-07-08,29,3,5,1,10.0,Delivered
3650,2026-07-08,29,4,5,1,5.0,Delivered
3651,2026-07-08,35,2,5,2,5.5,Delivered
3652,2026-07-08,35,6,5,1,5.0,Delivered
3653,2026-07-08,41,1,5,1,6.0,Delivered
3654,2026-07-08,47,1,5,1,6.0,Delivered
3655,2026-07-08,47,2,5,1,5.5,Delivered
3656,2026-07-08,47,5,5,1,5.0,Delivered
3657,2026-07-08,53,2,5,1,5.5,Delivered
3658,2026-07-08,53,3,5,1,10.0,Delivered
3659,2026-07-08,59,3,5,1,10.0,Delivered
3660,2026-07-08,63,2,5,1,5.5,Delivered
3661,2026-07-08,63,4,5,2,5.0,Delivered
3662,2026-07-08,6,6,5,1,5.0,Delivered
3663,2026-07-08,12,6,5,1,5.0,Delivered
3664,2026-07-08,18,4,5,1,5.0,Delivered
3665,2026-07-08,24,7,5,1,10.0,Delivered
3666,2026-07-08,30,3,5,1,10.0,Delivered
3667,2026-07-08,36,8,5,1,6.0,Delivered
3668,2026-07-08,42,1,5,1,6.0,Delivered
3669,2026-07-08,48,7,5,1,10.0,Delivered
3670,2026-07-08,54,4,5,1,5.0,Delivered
3671,2026-07-08,60,1,5,1,6.0,Delivered
3672,2026-07-08,60,3,5,1,10.0,Delivered
3673,2026-07-09,1,2,1,2,5.5,Delivered
3674,2026-07-09,1,4,1,1,5.0,Delivered
3675,2026-07-09,7,3,1,1,10.0,Delivered
3676,2026-07-09,7,8,1,1,6.0,Delivered
3677,2026-07-09,13,5,1,1,5.0,Delivered
3678,2026-07-09,19,1,1,2,6.0,Delivered
3679,2026-07-09,19,5,1,2,5.0,Delivered
3680,2026-07-09,19,6,1,1,5.0,Delivered
3681,2026-07-09,25,3,1,1,10.0,Delivered
3682,2026-07-09,25,7,1,1,10.0,Delivered
3683,2026-07-09,31,1,1,1,6.0,Delivered
3684,2026-07-09,31,4,1,1,5.0,Delivered
3685,2026-07-09,31,5,1,1,5.0,Delivered
3686,2026-07-09,37,4,1,2,5.0,Delivered
3687,2026-07-09,37,7,1,1,10.0,Delivered
3688,2026-07-09,43,6,1,1,5.0,Delivered
3689,2026-07-09,49,4,1,1,5.0,Delivered
3690,2026-07-09,49,7,1,1,10.0,Delivered
3691,2026-07-09,55,5,1,1,5.0,Delivered
3692,2026-07-09,61,1,1,1,6.0,Delivered
3693,2026-07-09,2,1,2,1,6.0,Delivered
3694,2026-07-09,2,3,2,1,10.0,Delivered
3695,2026-07-09,8,5,2,1,5.0,Delivered
3696,2026-07-09,14,4,2,1,5.0,Delivered
3697,2026-07-09,20,1,2,1,6.0,Delivered
3698,2026-07-09,20,2,2,1,5.5,Delivered
3699,2026-07-09,20,7,2,1,10.0,Delivered
3700,2026-07-09,26,2,2,1,5.5,Delivered
3701,2026-07-09,32,3,2,1,10.0,Delivered
3702,2026-07-09,32,4,2,1,5.0,Delivered
3703,2026-07-09,38,4,2,1,5.0,Delivered
3704,2026-07-09,38,5,2,2,5.0,Delivered
3705,2026-07-09,44,1,2,1,6.0,Delivered
3706,2026-07-09,50,3,2,1,10.0,Delivered
3707,2026-07-09,50,4,2,1,5.0,Delivered
3708,2026-07-09,56,1,2,1,6.0,Delivered
3709,2026-07-09,56,2,2,1,5.5,Delivered
3710,2026-07-09,62,3,2,1,10.0,Delivered
3711,2026-07-09,64,1,2,1,6.0,Delivered
3712,2026-07-09,64,2,2,1,5.5,Delivered
3713,2026-07-09,3,1,3,1,6.0,Delivered
3714,2026-07-09,3,2,3,1,5.5,Delivered
3715,2026-07-09,3,6,3,1,5.0,Delivered
3716,2026-07-09,9,7,3,2,10.0,Delivered
3717,2026-07-09,15,2,3,1,5.5,Delivered
3718,2026-07-09,15,4,3,2,5.0,Delivered
3719,2026-07-09,15,5,3,1,5.0,Delivered
3720,2026-07-09,21,1,3,2,6.0,Delivered
3721,2026-07-09,27,1,3,1,6.0,Delivered
3722,2026-07-09,27,4,3,1,5.0,Delivered
3723,2026-07-09,27,5,3,1,5.0,Delivered
3724,2026-07-09,33,6,3,1,5.0,Delivered
3725,2026-07-09,39,3,3,1,10.0,Delivered
3726,2026-07-09,45,1,3,1,6.0,Delivered
3727,2026-07-09,45,2,3,1,5.5,Delivered
3728,2026-07-09,51,3,3,1,10.0,Delivered
3729,2026-07-09,51,4,3,1,5.0,Delivered
3730,2026-07-09,57,1,3,1,6.0,Delivered
3731,2026-07-09,4,2,4,1,5.5,Delivered
3732,2026-07-09,10,1,4,1,6.0,Delivered
3733,2026-07-09,10,3,4,1,10.0,Delivered
3734,2026-07-09,10,5,4,1,5.0,Delivered
3735,2026-07-09,16,2,4,1,5.5,Delivered
3736,2026-07-09,28,1,4,1,6.0,Delivered
3737,2026-07-09,28,5,4,1,5.0,Delivered
3738,2026-07-09,34,3,4,1,10.0,Delivered
3739,2026-07-09,40,4,4,1,5.0,Delivered
3740,2026-07-09,46,3,4,1,10.0,Delivered
3741,2026-07-09,58,2,4,2,5.5,Delivered
3742,2026-07-09,5,1,5,1,6.0,Delivered
3743,2026-07-09,11,4,5,1,5.0,Delivered
3744,2026-07-09,17,2,5,1,5.5,Delivered
3745,2026-07-09,17,5,5,1,5.0,Delivered
3746,2026-07-09,23,2,5,1,5.5,Delivered
3747,2026-07-09,29,3,5,1,10.0,Delivered
3748,2026-07-09,29,4,5,1,5.0,Delivered
3749,2026-07-09,35,2,5,2,5.5,Delivered
3750,2026-07-09,35,6,5,1,5.0,Delivered
3751,2026-07-09,41,1,5,1,6.0,Delivered
3752,2026-07-09,47,1,5,1,6.0,Delivered
3753,2026-07-09,47,2,5,1,5.5,Delivered
3754,2026-07-09,47,5,5,1,5.0,Delivered
3755,2026-07-09,53,2,5,1,5.5,Delivered
3756,2026-07-09,53,3,5,1,10.0,Delivered
3757,2026-07-09,59,3,5,1,10.0,Delivered
3758,2026-07-09,63,2,5,1,5.5,Delivered
3759,2026-07-09,63,4,5,2,5.0,Delivered
3760,2026-07-09,6,6,5,1,5.0,Delivered
3761,2026-07-09,12,6,5,1,5.0,Delivered
3762,2026-07-09,18,4,5,1,5.0,Delivered
3763,2026-07-09,24,7,5,1,10.0,Delivered
3764,2026-07-09,30,3,5,1,10.0,Delivered
3765,2026-07-09,36,8,5,1,6.0,Delivered
3766,2026-07-09,42,1,5,1,6.0,Delivered
3767,2026-07-09,48,7,5,1,10.0,Delivered
3768,2026-07-09,54,4,5,1,5.0,Delivered
3769,2026-07-09,60,1,5,1,6.0,Delivered
3770,2026-07-09,60,3,5,1,10.0,Delivered
3771,2026-07-10,1,2,1,2,5.5,Delivered
3772,2026-07-10,1,4,1,1,5.0,Delivered
3773,2026-07-10,7,3,1,1,10.0,Delivered
3774,2026-07-10,7,8,1,1,6.0,Delivered
3775,2026-07-10,13,5,1,1,5.0,Delivered
3776,2026-07-10,19,1,1,2,6.0,Delivered
3777,2026-07-10,19,5,1,2,5.0,Delivered
3778,2026-07-10,19,6,1,1,5.0,Delivered
3779,2026-07-10,25,3,1,1,10.0,Delivered
3780,2026-07-10,25,7,1,1,10.0,Delivered
3781,2026-07-10,31,1,1,1,6.0,Delivered
3782,2026-07-10,31,4,1,1,5.0,Delivered
3783,2026-07-10,31,5,1,1,5.0,Delivered
3784,2026-07-10,37,4,1,2,5.0,Delivered
3785,2026-07-10,37,7,1,1,10.0,Delivered
3786,2026-07-10,43,6,1,1,5.0,Delivered
3787,2026-07-10,49,4,1,1,5.0,Delivered
3788,2026-07-10,49,7,1,1,10.0,Delivered
3789,2026-07-10,55,5,1,1,5.0,Delivered
3790,2026-07-10,61,1,1,1,6.0,Failed
3791,2026-07-10,2,1,2,1,6.0,Delivered
3792,2026-07-10,2,3,2,1,10.0,Delivered
3793,2026-07-10,8,5,2,1,5.0,Delivered
3794,2026-07-10,14,4,2,1,5.0,Delivered
3795,2026-07-10,20,1,2,1,6.0,Delivered
3796,2026-07-10,20,2,2,1,5.5,Delivered
3797,2026-07-10,20,7,2,1,10.0,Delivered
3798,2026-07-10,26,2,2,1,5.5,Delivered
3799,2026-07-10,32,3,2,1,10.0,Delivered
3800,2026-07-10,32,4,2,1,5.0,Delivered
3801,2026-07-10,38,4,2,1,5.0,Delivered
3802,2026-07-10,38,5,2,2,5.0,Delivered
3803,2026-07-10,44,1,2,1,6.0,Delivered
3804,2026-07-10,50,3,2,1,10.0,Delivered
3805,2026-07-10,50,4,2,1,5.0,Delivered
3806,2026-07-10,56,1,2,1,6.0,Delivered
3807,2026-07-10,56,2,2,1,5.5,Delivered
3808,2026-07-10,62,3,2,1,10.0,Delivered
3809,2026-07-10,64,1,2,1,6.0,Delivered
3810,2026-07-10,64,2,2,1,5.5,Delivered
3811,2026-07-10,3,1,3,1,6.0,Delivered
3812,2026-07-10,3,2,3,1,5.5,Delivered
3813,2026-07-10,3,6,3,1,5.0,Delivered
3814,2026-07-10,9,7,3,2,10.0,Delivered
3815,2026-07-10,15,2,3,1,5.5,Delivered
3816,2026-07-10,15,4,3,2,5.0,Delivered
3817,2026-07-10,15,5,3,1,5.0,Delivered
3818,2026-07-10,21,1,3,2,6.0,Delivered
3819,2026-07-10,27,1,3,1,6.0,Delivered
3820,2026-07-10,27,4,3,1,5.0,Delivered
3821,2026-07-10,27,5,3,1,5.0,Delivered
3822,2026-07-10,33,6,3,1,5.0,Delivered
3823,2026-07-10,39,3,3,1,10.0,Delivered
3824,2026-07-10,45,1,3,1,6.0,Delivered
3825,2026-07-10,45,2,3,1,5.5,Delivered
3826,2026-07-10,51,3,3,1,10.0,Delivered
3827,2026-07-10,51,4,3,1,5.0,Delivered
3828,2026-07-10,57,1,3,1,6.0,Delivered
3829,2026-07-10,4,2,4,1,5.5,Delivered
3830,2026-07-10,10,1,4,1,6.0,Delivered
3831,2026-07-10,10,3,4,1,10.0,Delivered
3832,2026-07-10,10,5,4,1,5.0,Delivered
3833,2026-07-10,16,2,4,1,5.5,Delivered
3834,2026-07-10,28,1,4,1,6.0,Delivered
3835,2026-07-10,28,5,4,1,5.0,Delivered
3836,2026-07-10,34,3,4,1,10.0,Delivered
3837,2026-07-10,40,4,4,1,5.0,Delivered
3838,2026-07-10,46,3,4,1,10.0,Delivered
3839,2026-07-10,58,2,4,2,5.5,Delivered
3840,2026-07-10,5,1,5,1,6.0,Delivered
3841,2026-07-10,11,4,5,1,5.0,Delivered
3842,2026-07-10,17,2,5,1,5.5,Delivered
3843,2026-07-10,17,5,5,1,5.0,Delivered
3844,2026-07-10,23,2,5,1,5.5,Delivered
3845,2026-07-10,29,3,5,1,10.0,Delivered
3846,2026-07-10,29,4,5,1,5.0,Delivered
3847,2026-07-10,35,2,5,2,5.5,Delivered
3848,2026-07-10,35,6,5,1,5.0,Delivered
3849,2026-07-10,41,1,5,1,6.0,Delivered
3850,2026-07-10,47,1,5,1,6.0,Delivered
3851,2026-07-10,47,2,5,1,5.5,Delivered
3852,2026-07-10,47,5,5,1,5.0,Delivered
3853,2026-07-10,53,2,5,1,5.5,Delivered
3854,2026-07-10,53,3,5,1,10.0,Delivered
3855,2026-07-10,59,3,5,1,10.0,Delivered
3856,2026-07-10,63,2,5,1,5.5,Delivered
3857,2026-07-10,63,4,5,2,5.0,Delivered
3858,2026-07-10,6,6,5,1,5.0,Delivered
3859,2026-07-10,12,6,5,1,5.0,Delivered
3860,2026-07-10,18,4,5,1,5.0,Delivered
3861,2026-07-10,24,7,5,1,10.0,Delivered
3862,2026-07-10,30,3,5,1,10.0,Delivered
3863,2026-07-10,36,8,5,1,6.0,Delivered
3864,2026-07-10,42,1,5,1,6.0,Delivered
3865,2026-07-10,48,7,5,1,10.0,Delivered
3866,2026-07-10,54,4,5,1,5.0,Delivered
3867,2026-07-10,60,1,5,1,6.0,Delivered
3868,2026-07-10,60,3,5,1,10.0,Delivered
3869,2026-07-11,1,2,1,2,5.5,Delivered
3870,2026-07-11,1,4,1,1,5.0,Delivered
3871,2026-07-11,7,3,1,1,10.0,Delivered
3872,2026-07-11,7,8,1,1,6.0,Delivered
3873,2026-07-11,13,5,1,1,5.0,Delivered
3874,2026-07-11,19,1,1,2,6.0,Delivered
3875,2026-07-11,19,5,1,2,5.0,Delivered
3876,2026-07-11,19,6,1,1,5.0,Delivered
3877,2026-07-11,25,3,1,1,10.0,Delivered
3878,2026-07-11,25,7,1,1,10.0,Delivered
3879,2026-07-11,31,1,1,1,6.0,Delivered
3880,2026-07-11,31,4,1,1,5.0,Delivered
3881,2026-07-11,31,5,1,1,5.0,Delivered
3882,2026-07-11,37,4,1,2,5.0,Delivered
3883,2026-07-11,37,7,1,1,10.0,Delivered
3884,2026-07-11,43,6,1,1,5.0,Delivered
3885,2026-07-11,49,4,1,1,5.0,Delivered
3886,2026-07-11,49,7,1,1,10.0,Delivered
3887,2026-07-11,55,5,1,1,5.0,Delivered
3888,2026-07-11,61,1,1,1,6.0,Delivered
3889,2026-07-11,2,1,2,1,6.0,Delivered
3890,2026-07-11,2,3,2,1,10.0,Delivered
3891,2026-07-11,8,5,2,1,5.0,Delivered
3892,2026-07-11,14,4,2,1,5.0,Delivered
3893,2026-07-11,20,1,2,1,6.0,Delivered
3894,2026-07-11,20,2,2,1,5.5,Delivered
3895,2026-07-11,20,7,2,1,10.0,Delivered
3896,2026-07-11,26,2,2,1,5.5,Delivered
3897,2026-07-11,32,3,2,1,10.0,Delivered
3898,2026-07-11,32,4,2,1,5.0,Delivered
3899,2026-07-11,38,4,2,1,5.0,Delivered
3900,2026-07-11,38,5,2,2,5.0,Delivered
3901,2026-07-11,44,1,2,1,6.0,Delivered
3902,2026-07-11,50,3,2,1,10.0,Delivered
3903,2026-07-11,50,4,2,1,5.0,Delivered
3904,2026-07-11,56,1,2,1,6.0,Delivered
3905,2026-07-11,56,2,2,1,5.5,Delivered
3906,2026-07-11,62,3,2,1,10.0,Delivered
3907,2026-07-11,64,1,2,1,6.0,Delivered
3908,2026-07-11,64,2,2,1,5.5,Delivered
3909,2026-07-11,3,1,3,1,6.0,Delivered
3910,2026-07-11,3,2,3,1,5.5,Delivered
3911,2026-07-11,3,6,3,1,5.0,Delivered
3912,2026-07-11,9,7,3,2,10.0,Delivered
3913,2026-07-11,15,2,3,1,5.5,Delivered
3914,2026-07-11,15,4,3,2,5.0,Delivered
3915,2026-07-11,15,5,3,1,5.0,Delivered
3916,2026-07-11,21,1,3,2,6.0,Delivered
3917,2026-07-11,27,1,3,1,6.0,Delivered
3918,2026-07-11,27,4,3,1,5.0,Delivered
3919,2026-07-11,27,5,3,1,5.0,Delivered
3920,2026-07-11,33,6,3,1,5.0,Delivered
3921,2026-07-11,39,3,3,1,10.0,Delivered
3922,2026-07-11,45,1,3,1,6.0,Delivered
3923,2026-07-11,45,2,3,1,5.5,Delivered
3924,2026-07-11,51,3,3,1,10.0,Delivered
3925,2026-07-11,51,4,3,1,5.0,Delivered
3926,2026-07-11,57,1,3,1,6.0,Delivered
3927,2026-07-11,4,2,4,1,5.5,Delivered
3928,2026-07-11,10,1,4,1,6.0,Delivered
3929,2026-07-11,10,3,4,1,10.0,Delivered
3930,2026-07-11,10,5,4,1,5.0,Delivered
3931,2026-07-11,16,2,4,1,5.5,Delivered
3932,2026-07-11,22,1,4,1,6.0,Delivered
3933,2026-07-11,22,5,4,1,5.0,Delivered
3934,2026-07-11,28,1,4,1,6.0,Delivered
3935,2026-07-11,28,5,4,1,5.0,Delivered
3936,2026-07-11,34,3,4,1,10.0,Delivered
3937,2026-07-11,40,4,4,1,5.0,Delivered
3938,2026-07-11,46,3,4,1,10.0,Delivered
3939,2026-07-11,58,2,4,2,5.5,Delivered
3940,2026-07-11,5,1,5,1,6.0,Delivered
3941,2026-07-11,11,4,5,1,5.0,Delivered
3942,2026-07-11,17,2,5,1,5.5,Delivered
3943,2026-07-11,17,5,5,1,5.0,Delivered
3944,2026-07-11,23,2,5,1,5.5,Delivered
3945,2026-07-11,29,3,5,1,10.0,Delivered
3946,2026-07-11,29,4,5,1,5.0,Delivered
3947,2026-07-11,35,2,5,2,5.5,Delivered
3948,2026-07-11,35,6,5,1,5.0,Delivered
3949,2026-07-11,41,1,5,1,6.0,Delivered
3950,2026-07-11,47,1,5,1,6.0,Delivered
3951,2026-07-11,47,2,5,1,5.5,Delivered
3952,2026-07-11,47,5,5,1,5.0,Delivered
3953,2026-07-11,53,2,5,1,5.5,Delivered
3954,2026-07-11,53,3,5,1,10.0,Delivered
3955,2026-07-11,59,3,5,1,10.0,Delivered
3956,2026-07-11,63,2,5,1,5.5,Delivered
3957,2026-07-11,63,4,5,2,5.0,Delivered
3958,2026-07-11,6,6,5,1,5.0,Delivered
3959,2026-07-11,12,6,5,1,5.0,Delivered
3960,2026-07-11,18,4,5,1,5.0,Delivered
3961,2026-07-11,24,7,5,1,10.0,Delivered
3962,2026-07-11,30,3,5,1,10.0,Delivered
3963,2026-07-11,36,8,5,1,6.0,Delivered
3964,2026-07-11,42,1,5,1,6.0,Delivered
3965,2026-07-11,48,7,5,1,10.0,Delivered
3966,2026-07-11,54,4,5,1,5.0,Delivered
3967,2026-07-11,60,1,5,1,6.0,Delivered
3968,2026-07-11,60,3,5,1,10.0,Delivered
3969,2026-07-12,1,2,1,2,5.5,Delivered
3970,2026-07-12,1,4,1,1,5.0,Delivered
3971,2026-07-12,7,3,1,1,10.0,Delivered
3972,2026-07-12,7,8,1,1,6.0,Delivered
3973,2026-07-12,13,5,1,1,5.0,Delivered
3974,2026-07-12,19,1,1,2,6.0,Delivered
3975,2026-07-12,19,5,1,2,5.0,Delivered
3976,2026-07-12,19,6,1,1,5.0,Delivered
3977,2026-07-12,25,3,1,1,10.0,Delivered
3978,2026-07-12,25,7,1,1,10.0,Delivered
3979,2026-07-12,31,1,1,1,6.0,Delivered
3980,2026-07-12,31,4,1,1,5.0,Delivered
3981,2026-07-12,31,5,1,1,5.0,Delivered
3982,2026-07-12,37,4,1,2,5.0,Delivered
3983,2026-07-12,37,7,1,1,10.0,Delivered
3984,2026-07-12,43,6,1,1,5.0,Delivered
3985,2026-07-12,49,4,1,1,5.0,Delivered
3986,2026-07-12,49,7,1,1,10.0,Delivered
3987,2026-07-12,55,5,1,1,5.0,Delivered
3988,2026-07-12,61,1,1,1,6.0,Delivered
3989,2026-07-12,2,1,2,1,6.0,Delivered
3990,2026-07-12,2,3,2,1,10.0,Delivered
3991,2026-07-12,8,5,2,1,5.0,Delivered
3992,2026-07-12,14,4,2,1,5.0,Delivered
3993,2026-07-12,20,1,2,1,6.0,Delivered
3994,2026-07-12,20,2,2,1,5.5,Delivered
3995,2026-07-12,20,7,2,1,10.0,Delivered
3996,2026-07-12,26,2,2,1,5.5,Delivered
3997,2026-07-12,32,3,2,1,10.0,Delivered
3998,2026-07-12,32,4,2,1,5.0,Delivered
3999,2026-07-12,38,4,2,1,5.0,Delivered
4000,2026-07-12,38,5,2,2,5.0,Delivered
4001,2026-07-12,44,1,2,1,6.0,Delivered
4002,2026-07-12,50,3,2,1,10.0,Delivered
4003,2026-07-12,50,4,2,1,5.0,Delivered
4004,2026-07-12,56,1,2,1,6.0,Delivered
4005,2026-07-12,56,2,2,1,5.5,Delivered
4006,2026-07-12,62,3,2,1,10.0,Delivered
4007,2026-07-12,64,1,2,1,6.0,Delivered
4008,2026-07-12,64,2,2,1,5.5,Delivered
4009,2026-07-12,3,1,3,1,6.0,Delivered
4010,2026-07-12,3,2,3,1,5.5,Delivered
4011,2026-07-12,3,6,3,1,5.0,Delivered
4012,2026-07-12,9,7,3,2,10.0,Delivered
4013,2026-07-12,15,2,3,1,5.5,Delivered
4014,2026-07-12,15,4,3,2,5.0,Delivered
4015,2026-07-12,15,5,3,1,5.0,Delivered
4016,2026-07-12,21,1,3,2,6.0,Delivered
4017,2026-07-12,27,1,3,1,6.0,Delivered
4018,2026-07-12,27,4,3,1,5.0,Delivered
4019,2026-07-12,27,5,3,1,5.0,Delivered
4020,2026-07-12,33,6,3,1,5.0,Delivered
4021,2026-07-12,39,3,3,1,10.0,Delivered
4022,2026-07-12,45,1,3,1,6.0,Delivered
4023,2026-07-12,45,2,3,1,5.5,Delivered
4024,2026-07-12,51,3,3,1,10.0,Delivered
4025,2026-07-12,51,4,3,1,5.0,Delivered
4026,2026-07-12,57,1,3,1,6.0,Delivered
4027,2026-07-12,4,2,4,1,5.5,Delivered
4028,2026-07-12,10,1,4,1,6.0,Delivered
4029,2026-07-12,10,3,4,1,10.0,Delivered
4030,2026-07-12,10,5,4,1,5.0,Delivered
4031,2026-07-12,16,2,4,1,5.5,Delivered
4032,2026-07-12,22,1,4,1,6.0,Delivered
4033,2026-07-12,22,5,4,1,5.0,Delivered
4034,2026-07-12,34,3,4,1,10.0,Delivered
4035,2026-07-12,40,4,4,1,5.0,Delivered
4036,2026-07-12,46,3,4,1,10.0,Delivered
4037,2026-07-12,58,2,4,2,5.5,Delivered
4038,2026-07-12,5,1,5,1,6.0,Delivered
4039,2026-07-12,11,4,5,1,5.0,Delivered
4040,2026-07-12,17,2,5,1,5.5,Delivered
4041,2026-07-12,17,5,5,1,5.0,Delivered
4042,2026-07-12,23,2,5,1,5.5,Delivered
4043,2026-07-12,29,3,5,1,10.0,Delivered
4044,2026-07-12,29,4,5,1,5.0,Delivered
4045,2026-07-12,35,2,5,2,5.5,Delivered
4046,2026-07-12,35,6,5,1,5.0,Delivered
4047,2026-07-12,41,1,5,1,6.0,Delivered
4048,2026-07-12,47,1,5,1,6.0,Delivered
4049,2026-07-12,47,2,5,1,5.5,Delivered
4050,2026-07-12,47,5,5,1,5.0,Delivered
4051,2026-07-12,53,2,5,1,5.5,Delivered
4052,2026-07-12,53,3,5,1,10.0,Delivered
4053,2026-07-12,59,3,5,1,10.0,Delivered
4054,2026-07-12,63,2,5,1,5.5,Delivered
4055,2026-07-12,63,4,5,2,5.0,Delivered
4056,2026-07-12,6,6,5,1,5.0,Delivered
4057,2026-07-12,12,6,5,1,5.0,Delivered
4058,2026-07-12,18,4,5,1,5.0,Delivered
4059,2026-07-12,24,7,5,1,10.0,Delivered
4060,2026-07-12,30,3,5,1,10.0,Delivered
4061,2026-07-12,36,8,5,1,6.0,Delivered
4062,2026-07-12,42,1,5,1,6.0,Delivered
4063,2026-07-12,48,7,5,1,10.0,Delivered
4064,2026-07-12,54,4,5,1,5.0,Delivered
4065,2026-07-12,60,1,5,1,6.0,Delivered
4066,2026-07-12,60,3,5,1,10.0,Delivered
4067,2026-07-13,1,2,1,2,5.5,Delivered
4068,2026-07-13,1,4,1,1,5.0,Delivered
4069,2026-07-13,7,3,1,1,10.0,Delivered
4070,2026-07-13,7,8,1,1,6.0,Delivered
4071,2026-07-13,13,5,1,1,5.0,Delivered
4072,2026-07-13,19,1,1,2,6.0,Delivered
4073,2026-07-13,19,5,1,2,5.0,Delivered
4074,2026-07-13,19,6,1,1,5.0,Delivered
4075,2026-07-13,25,3,1,1,10.0,Delivered
4076,2026-07-13,25,7,1,1,10.0,Delivered
4077,2026-07-13,31,1,1,1,6.0,Delivered
4078,2026-07-13,31,4,1,1,5.0,Delivered
4079,2026-07-13,31,5,1,1,5.0,Delivered
4080,2026-07-13,37,4,1,2,5.0,Delivered
4081,2026-07-13,37,7,1,1,10.0,Delivered
4082,2026-07-13,43,6,1,1,5.0,Delivered
4083,2026-07-13,49,4,1,1,5.0,Delivered
4084,2026-07-13,49,7,1,1,10.0,Delivered
4085,2026-07-13,55,5,1,1,5.0,Delivered
4086,2026-07-13,61,1,1,1,6.0,Delivered
4087,2026-07-13,2,1,2,1,6.0,Delivered
4088,2026-07-13,2,3,2,1,10.0,Delivered
4089,2026-07-13,8,5,2,1,5.0,Delivered
4090,2026-07-13,14,4,2,1,5.0,Delivered
4091,2026-07-13,20,1,2,1,6.0,Delivered
4092,2026-07-13,20,2,2,1,5.5,Delivered
4093,2026-07-13,20,7,2,1,10.0,Delivered
4094,2026-07-13,26,2,2,1,5.5,Delivered
4095,2026-07-13,32,3,2,1,10.0,Delivered
4096,2026-07-13,32,4,2,1,5.0,Delivered
4097,2026-07-13,38,4,2,1,5.0,Delivered
4098,2026-07-13,38,5,2,2,5.0,Delivered
4099,2026-07-13,44,1,2,1,6.0,Delivered
4100,2026-07-13,50,3,2,1,10.0,Delivered
4101,2026-07-13,50,4,2,1,5.0,Delivered
4102,2026-07-13,56,1,2,1,6.0,Delivered
4103,2026-07-13,56,2,2,1,5.5,Delivered
4104,2026-07-13,62,3,2,1,10.0,Delivered
4105,2026-07-13,64,1,2,1,6.0,Delivered
4106,2026-07-13,64,2,2,1,5.5,Delivered
4107,2026-07-13,3,1,3,1,6.0,Delivered
4108,2026-07-13,3,2,3,1,5.5,Delivered
4109,2026-07-13,3,6,3,1,5.0,Delivered
4110,2026-07-13,9,7,3,2,10.0,Delivered
4111,2026-07-13,15,2,3,1,5.5,Delivered
4112,2026-07-13,15,4,3,2,5.0,Delivered
4113,2026-07-13,15,5,3,1,5.0,Delivered
4114,2026-07-13,21,1,3,2,6.0,Delivered
4115,2026-07-13,27,1,3,1,6.0,Delivered
4116,2026-07-13,27,4,3,1,5.0,Delivered
4117,2026-07-13,27,5,3,1,5.0,Delivered
4118,2026-07-13,33,6,3,1,5.0,Delivered
4119,2026-07-13,39,3,3,1,10.0,Delivered
4120,2026-07-13,45,1,3,1,6.0,Delivered
4121,2026-07-13,45,2,3,1,5.5,Delivered
4122,2026-07-13,51,3,3,1,10.0,Delivered
4123,2026-07-13,51,4,3,1,5.0,Delivered
4124,2026-07-13,57,1,3,1,6.0,Delivered
4125,2026-07-13,4,2,4,1,5.5,Delivered
4126,2026-07-13,10,1,4,1,6.0,Delivered
4127,2026-07-13,10,3,4,1,10.0,Delivered
4128,2026-07-13,10,5,4,1,5.0,Delivered
4129,2026-07-13,16,2,4,1,5.5,Delivered
4130,2026-07-13,22,1,4,1,6.0,Delivered
4131,2026-07-13,22,5,4,1,5.0,Delivered
4132,2026-07-13,34,3,4,1,10.0,Delivered
4133,2026-07-13,40,4,4,1,5.0,Delivered
4134,2026-07-13,46,3,4,1,10.0,Delivered
4135,2026-07-13,58,2,4,2,5.5,Delivered
4136,2026-07-13,5,1,5,1,6.0,Delivered
4137,2026-07-13,11,4,5,1,5.0,Delivered
4138,2026-07-13,17,2,5,1,5.5,Delivered
4139,2026-07-13,17,5,5,1,5.0,Delivered
4140,2026-07-13,23,2,5,1,5.5,Delivered
4141,2026-07-13,29,3,5,1,10.0,Delivered
4142,2026-07-13,29,4,5,1,5.0,Delivered
4143,2026-07-13,35,2,5,2,5.5,Delivered
4144,2026-07-13,35,6,5,1,5.0,Delivered
4145,2026-07-13,41,1,5,1,6.0,Delivered
4146,2026-07-13,47,1,5,1,6.0,Delivered
4147,2026-07-13,47,2,5,1,5.5,Delivered
4148,2026-07-13,47,5,5,1,5.0,Delivered
4149,2026-07-13,53,2,5,1,5.5,Delivered
4150,2026-07-13,53,3,5,1,10.0,Delivered
4151,2026-07-13,59,3,5,1,10.0,Delivered
4152,2026-07-13,63,2,5,1,5.5,Delivered
4153,2026-07-13,63,4,5,2,5.0,Delivered
4154,2026-07-13,6,6,5,1,5.0,Delivered
4155,2026-07-13,12,6,5,1,5.0,Delivered
4156,2026-07-13,18,4,5,1,5.0,Delivered
4157,2026-07-13,24,7,5,1,10.0,Delivered
4158,2026-07-13,30,3,5,1,10.0,Delivered
4159,2026-07-13,36,8,5,1,6.0,Delivered
4160,2026-07-13,42,1,5,1,6.0,Delivered
4161,2026-07-13,48,7,5,1,10.0,Delivered
4162,2026-07-13,54,4,5,1,5.0,Delivered
4163,2026-07-13,60,1,5,1,6.0,Delivered
4164,2026-07-13,60,3,5,1,10.0,Delivered
4165,2026-07-14,1,2,1,2,5.5,Delivered
4166,2026-07-14,1,4,1,1,5.0,Delivered
4167,2026-07-14,7,3,1,1,10.0,Delivered
4168,2026-07-14,7,8,1,1,6.0,Delivered
4169,2026-07-14,13,5,1,1,5.0,Delivered
4170,2026-07-14,19,1,1,2,6.0,Delivered
4171,2026-07-14,19,5,1,2,5.0,Delivered
4172,2026-07-14,19,6,1,1,5.0,Delivered
4173,2026-07-14,25,3,1,1,10.0,Delivered
4174,2026-07-14,25,7,1,1,10.0,Delivered
4175,2026-07-14,31,1,1,1,6.0,Delivered
4176,2026-07-14,31,4,1,1,5.0,Delivered
4177,2026-07-14,31,5,1,1,5.0,Delivered
4178,2026-07-14,37,4,1,2,5.0,Delivered
4179,2026-07-14,37,7,1,1,10.0,Delivered
4180,2026-07-14,43,6,1,1,5.0,Delivered
4181,2026-07-14,49,4,1,1,5.0,Delivered
4182,2026-07-14,49,7,1,1,10.0,Delivered
4183,2026-07-14,55,5,1,1,5.0,Delivered
4184,2026-07-14,61,1,1,1,6.0,Delivered
4185,2026-07-14,2,1,2,1,6.0,Delivered
4186,2026-07-14,2,3,2,1,10.0,Delivered
4187,2026-07-14,8,5,2,1,5.0,Delivered
4188,2026-07-14,14,4,2,1,5.0,Delivered
4189,2026-07-14,20,1,2,1,6.0,Delivered
4190,2026-07-14,20,2,2,1,5.5,Delivered
4191,2026-07-14,20,7,2,1,10.0,Delivered
4192,2026-07-14,26,2,2,1,5.5,Delivered
4193,2026-07-14,32,3,2,1,10.0,Delivered
4194,2026-07-14,32,4,2,1,5.0,Delivered
4195,2026-07-14,38,4,2,1,5.0,Delivered
4196,2026-07-14,38,5,2,2,5.0,Delivered
4197,2026-07-14,44,1,2,1,6.0,Delivered
4198,2026-07-14,50,3,2,1,10.0,Delivered
4199,2026-07-14,50,4,2,1,5.0,Delivered
4200,2026-07-14,56,1,2,1,6.0,Delivered
4201,2026-07-14,56,2,2,1,5.5,Delivered
4202,2026-07-14,62,3,2,1,10.0,Delivered
4203,2026-07-14,64,1,2,1,6.0,Delivered
4204,2026-07-14,64,2,2,1,5.5,Delivered
4205,2026-07-14,3,1,3,1,6.0,Delivered
4206,2026-07-14,3,2,3,1,5.5,Delivered
4207,2026-07-14,3,6,3,1,5.0,Delivered
4208,2026-07-14,9,7,3,2,10.0,Delivered
4209,2026-07-14,15,2,3,1,5.5,Delivered
4210,2026-07-14,15,4,3,2,5.0,Delivered
4211,2026-07-14,15,5,3,1,5.0,Delivered
4212,2026-07-14,21,1,3,2,6.0,Delivered
4213,2026-07-14,27,1,3,1,6.0,Delivered
4214,2026-07-14,27,4,3,1,5.0,Delivered
4215,2026-07-14,27,5,3,1,5.0,Delivered
4216,2026-07-14,33,6,3,1,5.0,Delivered
4217,2026-07-14,39,3,3,1,10.0,Delivered
4218,2026-07-14,45,1,3,1,6.0,Delivered
4219,2026-07-14,45,2,3,1,5.5,Delivered
4220,2026-07-14,51,3,3,1,10.0,Delivered
4221,2026-07-14,51,4,3,1,5.0,Delivered
4222,2026-07-14,57,1,3,1,6.0,Delivered
4223,2026-07-14,4,2,4,1,5.5,Failed
4224,2026-07-14,10,1,4,1,6.0,Delivered
4225,2026-07-14,10,3,4,1,10.0,Delivered
4226,2026-07-14,10,5,4,1,5.0,Delivered
4227,2026-07-14,16,2,4,1,5.5,Delivered
4228,2026-07-14,22,1,4,1,6.0,Delivered
4229,2026-07-14,22,5,4,1,5.0,Delivered
4230,2026-07-14,34,3,4,1,10.0,Delivered
4231,2026-07-14,40,4,4,1,5.0,Delivered
4232,2026-07-14,46,3,4,1,10.0,Delivered
4233,2026-07-14,58,2,4,2,5.5,Delivered
4234,2026-07-14,5,1,5,1,6.0,Delivered
4235,2026-07-14,11,4,5,1,5.0,Delivered
4236,2026-07-14,17,2,5,1,5.5,Delivered
4237,2026-07-14,17,5,5,1,5.0,Delivered
4238,2026-07-14,23,2,5,1,5.5,Delivered
4239,2026-07-14,29,3,5,1,10.0,Delivered
4240,2026-07-14,29,4,5,1,5.0,Delivered
4241,2026-07-14,35,2,5,2,5.5,Delivered
4242,2026-07-14,35,6,5,1,5.0,Delivered
4243,2026-07-14,41,1,5,1,6.0,Delivered
4244,2026-07-14,47,1,5,1,6.0,Delivered
4245,2026-07-14,47,2,5,1,5.5,Delivered
4246,2026-07-14,47,5,5,1,5.0,Delivered
4247,2026-07-14,53,2,5,1,5.5,Delivered
4248,2026-07-14,53,3,5,1,10.0,Delivered
4249,2026-07-14,59,3,5,1,10.0,Delivered
4250,2026-07-14,63,2,5,1,5.5,Delivered
4251,2026-07-14,63,4,5,2,5.0,Delivered
4252,2026-07-14,6,6,5,1,5.0,Delivered
4253,2026-07-14,12,6,5,1,5.0,Delivered
4254,2026-07-14,18,4,5,1,5.0,Delivered
4255,2026-07-14,24,7,5,1,10.0,Delivered
4256,2026-07-14,30,3,5,1,10.0,Delivered
4257,2026-07-14,36,8,5,1,6.0,Delivered
4258,2026-07-14,42,1,5,1,6.0,Delivered
4259,2026-07-14,48,7,5,1,10.0,Delivered
4260,2026-07-14,54,4,5,1,5.0,Delivered
4261,2026-07-14,60,1,5,1,6.0,Delivered
4262,2026-07-14,60,3,5,1,10.0,Failed
4263,2026-07-15,1,2,1,2,5.5,Delivered
4264,2026-07-15,1,4,1,1,5.0,Delivered
4265,2026-07-15,7,3,1,1,10.0,Delivered
4266,2026-07-15,7,8,1,1,6.0,Delivered
4267,2026-07-15,13,5,1,1,5.0,Delivered
4268,2026-07-15,19,1,1,2,6.0,Delivered
4269,2026-07-15,19,5,1,2,5.0,Delivered
4270,2026-07-15,19,6,1,1,5.0,Delivered
4271,2026-07-15,25,3,1,1,10.0,Delivered
4272,2026-07-15,25,7,1,1,10.0,Delivered
4273,2026-07-15,31,1,1,1,6.0,Delivered
4274,2026-07-15,31,4,1,1,5.0,Delivered
4275,2026-07-15,31,5,1,1,5.0,Delivered
4276,2026-07-15,37,4,1,2,5.0,Failed
4277,2026-07-15,37,7,1,1,10.0,Delivered
4278,2026-07-15,43,6,1,1,5.0,Delivered
4279,2026-07-15,49,4,1,1,5.0,Delivered
4280,2026-07-15,49,7,1,1,10.0,Delivered
4281,2026-07-15,55,5,1,1,5.0,Delivered
4282,2026-07-15,61,1,1,1,6.0,Delivered
4283,2026-07-15,2,1,2,1,6.0,Delivered
4284,2026-07-15,2,3,2,1,10.0,Delivered
4285,2026-07-15,8,5,2,1,5.0,Delivered
4286,2026-07-15,14,4,2,1,5.0,Delivered
4287,2026-07-15,20,1,2,1,6.0,Delivered
4288,2026-07-15,20,2,2,1,5.5,Delivered
4289,2026-07-15,20,7,2,1,10.0,Delivered
4290,2026-07-15,26,2,2,1,5.5,Delivered
4291,2026-07-15,32,3,2,1,10.0,Delivered
4292,2026-07-15,32,4,2,1,5.0,Delivered
4293,2026-07-15,38,4,2,1,5.0,Delivered
4294,2026-07-15,38,5,2,2,5.0,Delivered
4295,2026-07-15,44,1,2,1,6.0,Delivered
4296,2026-07-15,50,3,2,1,10.0,Delivered
4297,2026-07-15,50,4,2,1,5.0,Delivered
4298,2026-07-15,56,1,2,1,6.0,Delivered
4299,2026-07-15,56,2,2,1,5.5,Delivered
4300,2026-07-15,62,3,2,1,10.0,Delivered
4301,2026-07-15,64,1,2,1,6.0,Delivered
4302,2026-07-15,64,2,2,1,5.5,Delivered
4303,2026-07-15,3,1,3,1,6.0,Delivered
4304,2026-07-15,3,2,3,1,5.5,Delivered
4305,2026-07-15,3,6,3,1,5.0,Delivered
4306,2026-07-15,9,7,3,2,10.0,Delivered
4307,2026-07-15,15,2,3,1,5.5,Delivered
4308,2026-07-15,15,4,3,2,5.0,Delivered
4309,2026-07-15,15,5,3,1,5.0,Delivered
4310,2026-07-15,21,1,3,2,6.0,Delivered
4311,2026-07-15,27,1,3,1,6.0,Delivered
4312,2026-07-15,27,4,3,1,5.0,Delivered
4313,2026-07-15,27,5,3,1,5.0,Delivered
4314,2026-07-15,33,6,3,1,5.0,Delivered
4315,2026-07-15,39,3,3,1,10.0,Delivered
4316,2026-07-15,45,1,3,1,6.0,Delivered
4317,2026-07-15,45,2,3,1,5.5,Delivered
4318,2026-07-15,51,3,3,1,10.0,Delivered
4319,2026-07-15,51,4,3,1,5.0,Delivered
4320,2026-07-15,57,1,3,1,6.0,Delivered
4321,2026-07-15,4,2,4,1,5.5,Delivered
4322,2026-07-15,10,1,4,1,6.0,Delivered
4323,2026-07-15,10,3,4,1,10.0,Delivered
4324,2026-07-15,10,5,4,1,5.0,Delivered
4325,2026-07-15,16,2,4,1,5.5,Delivered
4326,2026-07-15,22,1,4,1,6.0,Delivered
4327,2026-07-15,22,5,4,1,5.0,Delivered
4328,2026-07-15,34,3,4,1,10.0,Delivered
4329,2026-07-15,40,4,4,1,5.0,Delivered
4330,2026-07-15,46,3,4,1,10.0,Delivered
4331,2026-07-15,58,2,4,2,5.5,Delivered
4332,2026-07-15,5,1,5,1,6.0,Delivered
4333,2026-07-15,11,4,5,1,5.0,Delivered
4334,2026-07-15,17,2,5,1,5.5,Delivered
4335,2026-07-15,17,5,5,1,5.0,Delivered
4336,2026-07-15,23,2,5,1,5.5,Delivered
4337,2026-07-15,29,3,5,1,10.0,Delivered
4338,2026-07-15,29,4,5,1,5.0,Delivered
4339,2026-07-15,35,2,5,2,5.5,Delivered
4340,2026-07-15,35,6,5,1,5.0,Delivered
4341,2026-07-15,41,1,5,1,6.0,Delivered
4342,2026-07-15,47,1,5,1,6.0,Delivered
4343,2026-07-15,47,2,5,1,5.5,Delivered
4344,2026-07-15,47,5,5,1,5.0,Delivered
4345,2026-07-15,53,2,5,1,5.5,Delivered
4346,2026-07-15,53,3,5,1,10.0,Delivered
4347,2026-07-15,59,3,5,1,10.0,Delivered
4348,2026-07-15,63,2,5,1,5.5,Delivered
4349,2026-07-15,63,4,5,2,5.0,Delivered
4350,2026-07-15,6,6,5,1,5.0,Delivered
4351,2026-07-15,12,6,5,1,5.0,Delivered
4352,2026-07-15,18,4,5,1,5.0,Delivered
4353,2026-07-15,24,7,5,1,10.0,Delivered
4354,2026-07-15,30,3,5,1,10.0,Delivered
4355,2026-07-15,36,8,5,1,6.0,Delivered
4356,2026-07-15,42,1,5,1,6.0,Delivered
4357,2026-07-15,48,7,5,1,10.0,Delivered
4358,2026-07-15,54,4,5,1,5.0,Delivered
4359,2026-07-15,60,1,5,1,6.0,Failed
4360,2026-07-15,60,3,5,1,10.0,Delivered
4361,2026-07-16,1,2,1,2,5.5,Delivered
4362,2026-07-16,1,4,1,1,5.0,Delivered
4363,2026-07-16,7,3,1,1,10.0,Delivered
4364,2026-07-16,7,8,1,1,6.0,Delivered
4365,2026-07-16,13,5,1,1,5.0,Failed
4366,2026-07-16,19,1,1,2,6.0,Delivered
4367,2026-07-16,19,5,1,2,5.0,Delivered
4368,2026-07-16,19,6,1,1,5.0,Delivered
4369,2026-07-16,25,3,1,1,10.0,Delivered
4370,2026-07-16,25,7,1,1,10.0,Delivered
4371,2026-07-16,31,1,1,1,6.0,Delivered
4372,2026-07-16,31,4,1,1,5.0,Delivered
4373,2026-07-16,31,5,1,1,5.0,Delivered
4374,2026-07-16,37,4,1,2,5.0,Delivered
4375,2026-07-16,37,7,1,1,10.0,Delivered
4376,2026-07-16,43,6,1,1,5.0,Delivered
4377,2026-07-16,49,4,1,1,5.0,Delivered
4378,2026-07-16,49,7,1,1,10.0,Delivered
4379,2026-07-16,55,5,1,1,5.0,Delivered
4380,2026-07-16,61,1,1,1,6.0,Delivered
4381,2026-07-16,2,1,2,1,6.0,Delivered
4382,2026-07-16,2,3,2,1,10.0,Delivered
4383,2026-07-16,8,5,2,1,5.0,Delivered
4384,2026-07-16,14,4,2,1,5.0,Delivered
4385,2026-07-16,20,1,2,1,6.0,Delivered
4386,2026-07-16,20,2,2,1,5.5,Delivered
4387,2026-07-16,20,7,2,1,10.0,Delivered
4388,2026-07-16,26,2,2,1,5.5,Delivered
4389,2026-07-16,32,3,2,1,10.0,Delivered
4390,2026-07-16,32,4,2,1,5.0,Delivered
4391,2026-07-16,38,4,2,1,5.0,Delivered
4392,2026-07-16,38,5,2,2,5.0,Delivered
4393,2026-07-16,44,1,2,1,6.0,Delivered
4394,2026-07-16,50,3,2,1,10.0,Delivered
4395,2026-07-16,50,4,2,1,5.0,Delivered
4396,2026-07-16,56,1,2,1,6.0,Delivered
4397,2026-07-16,56,2,2,1,5.5,Delivered
4398,2026-07-16,62,3,2,1,10.0,Delivered
4399,2026-07-16,64,1,2,1,6.0,Delivered
4400,2026-07-16,64,2,2,1,5.5,Delivered
4401,2026-07-16,65,3,2,2,10.0,Delivered
4402,2026-07-16,3,1,3,1,6.0,Delivered
4403,2026-07-16,3,2,3,1,5.5,Delivered
4404,2026-07-16,3,6,3,1,5.0,Delivered
4405,2026-07-16,9,7,3,2,10.0,Delivered
4406,2026-07-16,15,2,3,1,5.5,Delivered
4407,2026-07-16,15,4,3,2,5.0,Delivered
4408,2026-07-16,15,5,3,1,5.0,Delivered
4409,2026-07-16,21,1,3,2,6.0,Delivered
4410,2026-07-16,27,1,3,1,6.0,Delivered
4411,2026-07-16,27,4,3,1,5.0,Delivered
4412,2026-07-16,27,5,3,1,5.0,Delivered
4413,2026-07-16,33,6,3,1,5.0,Delivered
4414,2026-07-16,39,3,3,1,10.0,Delivered
4415,2026-07-16,45,1,3,1,6.0,Delivered
4416,2026-07-16,45,2,3,1,5.5,Delivered
4417,2026-07-16,51,3,3,1,10.0,Delivered
4418,2026-07-16,51,4,3,1,5.0,Delivered
4419,2026-07-16,57,1,3,1,6.0,Delivered
4420,2026-07-16,4,2,4,1,5.5,Delivered
4421,2026-07-16,10,1,4,1,6.0,Delivered
4422,2026-07-16,10,3,4,1,10.0,Delivered
4423,2026-07-16,10,5,4,1,5.0,Delivered
4424,2026-07-16,16,2,4,1,5.5,Delivered
4425,2026-07-16,22,1,4,1,6.0,Delivered
4426,2026-07-16,22,5,4,1,5.0,Delivered
4427,2026-07-16,34,3,4,1,10.0,Delivered
4428,2026-07-16,40,4,4,1,5.0,Delivered
4429,2026-07-16,46,3,4,1,10.0,Delivered
4430,2026-07-16,58,2,4,2,5.5,Delivered
4431,2026-07-16,5,1,5,1,6.0,Delivered
4432,2026-07-16,11,4,5,1,5.0,Delivered
4433,2026-07-16,17,2,5,1,5.5,Delivered
4434,2026-07-16,17,5,5,1,5.0,Delivered
4435,2026-07-16,23,2,5,1,5.5,Delivered
4436,2026-07-16,29,3,5,1,10.0,Delivered
4437,2026-07-16,29,4,5,1,5.0,Delivered
4438,2026-07-16,35,2,5,2,5.5,Delivered
4439,2026-07-16,35,6,5,1,5.0,Delivered
4440,2026-07-16,41,1,5,1,6.0,Delivered
4441,2026-07-16,47,1,5,1,6.0,Delivered
4442,2026-07-16,47,2,5,1,5.5,Delivered
4443,2026-07-16,47,5,5,1,5.0,Delivered
4444,2026-07-16,53,2,5,1,5.5,Delivered
4445,2026-07-16,53,3,5,1,10.0,Delivered
4446,2026-07-16,59,3,5,1,10.0,Delivered
4447,2026-07-16,63,2,5,1,5.5,Delivered
4448,2026-07-16,63,4,5,2,5.0,Delivered
4449,2026-07-16,6,6,5,1,5.0,Delivered
4450,2026-07-16,12,6,5,1,5.0,Delivered
4451,2026-07-16,18,4,5,1,5.0,Delivered
4452,2026-07-16,24,7,5,1,10.0,Delivered
4453,2026-07-16,30,3,5,1,10.0,Delivered
4454,2026-07-16,36,8,5,1,6.0,Delivered
4455,2026-07-16,42,1,5,1,6.0,Delivered
4456,2026-07-16,48,7,5,1,10.0,Failed
4457,2026-07-16,54,4,5,1,5.0,Delivered
4458,2026-07-16,60,1,5,1,6.0,Delivered
4459,2026-07-16,60,3,5,1,10.0,Delivered
4460,2026-07-17,1,2,1,2,5.5,Delivered
4461,2026-07-17,1,4,1,1,5.0,Delivered
4462,2026-07-17,7,3,1,1,10.0,Delivered
4463,2026-07-17,7,8,1,1,6.0,Delivered
4464,2026-07-17,13,5,1,1,5.0,Delivered
4465,2026-07-17,19,1,1,2,6.0,Delivered
4466,2026-07-17,19,5,1,2,5.0,Delivered
4467,2026-07-17,19,6,1,1,5.0,Delivered
4468,2026-07-17,25,3,1,1,10.0,Delivered
4469,2026-07-17,25,7,1,1,10.0,Delivered
4470,2026-07-17,31,1,1,1,6.0,Delivered
4471,2026-07-17,31,4,1,1,5.0,Delivered
4472,2026-07-17,31,5,1,1,5.0,Delivered
4473,2026-07-17,37,4,1,2,5.0,Delivered
4474,2026-07-17,37,7,1,1,10.0,Delivered
4475,2026-07-17,43,6,1,1,5.0,Delivered
4476,2026-07-17,49,4,1,1,5.0,Delivered
4477,2026-07-17,49,7,1,1,10.0,Delivered
4478,2026-07-17,55,5,1,1,5.0,Delivered
4479,2026-07-17,61,1,1,1,6.0,Delivered
4480,2026-07-17,2,1,2,1,6.0,Delivered
4481,2026-07-17,2,3,2,1,10.0,Delivered
4482,2026-07-17,8,5,2,1,5.0,Delivered
4483,2026-07-17,14,4,2,1,5.0,Delivered
4484,2026-07-17,20,1,2,1,6.0,Delivered
4485,2026-07-17,20,2,2,1,5.5,Delivered
4486,2026-07-17,20,7,2,1,10.0,Delivered
4487,2026-07-17,26,2,2,1,5.5,Delivered
4488,2026-07-17,32,3,2,1,10.0,Delivered
4489,2026-07-17,32,4,2,1,5.0,Delivered
4490,2026-07-17,38,4,2,1,5.0,Delivered
4491,2026-07-17,38,5,2,2,5.0,Delivered
4492,2026-07-17,44,1,2,1,6.0,Delivered
4493,2026-07-17,50,3,2,1,10.0,Delivered
4494,2026-07-17,50,4,2,1,5.0,Delivered
4495,2026-07-17,56,1,2,1,6.0,Delivered
4496,2026-07-17,56,2,2,1,5.5,Delivered
4497,2026-07-17,62,3,2,1,10.0,Delivered
4498,2026-07-17,64,1,2,1,6.0,Delivered
4499,2026-07-17,64,2,2,1,5.5,Delivered
4500,2026-07-17,65,3,2,2,10.0,Delivered
4501,2026-07-17,3,1,3,1,6.0,Delivered
4502,2026-07-17,3,2,3,1,5.5,Delivered
4503,2026-07-17,3,6,3,1,5.0,Delivered
4504,2026-07-17,9,7,3,2,10.0,Delivered
4505,2026-07-17,15,2,3,1,5.5,Delivered
4506,2026-07-17,15,4,3,2,5.0,Delivered
4507,2026-07-17,15,5,3,1,5.0,Delivered
4508,2026-07-17,21,1,3,2,6.0,Delivered
4509,2026-07-17,27,1,3,1,6.0,Delivered
4510,2026-07-17,27,4,3,1,5.0,Delivered
4511,2026-07-17,27,5,3,1,5.0,Delivered
4512,2026-07-17,33,6,3,1,5.0,Delivered
4513,2026-07-17,39,3,3,1,10.0,Delivered
4514,2026-07-17,45,1,3,1,6.0,Delivered
4515,2026-07-17,45,2,3,1,5.5,Delivered
4516,2026-07-17,51,3,3,1,10.0,Delivered
4517,2026-07-17,51,4,3,1,5.0,Delivered
4518,2026-07-17,57,1,3,1,6.0,Delivered
4519,2026-07-17,4,2,4,1,5.5,Delivered
4520,2026-07-17,10,1,4,1,6.0,Delivered
4521,2026-07-17,10,3,4,1,10.0,Delivered
4522,2026-07-17,10,5,4,1,5.0,Delivered
4523,2026-07-17,16,2,4,1,5.5,Failed
4524,2026-07-17,22,1,4,1,6.0,Delivered
4525,2026-07-17,22,5,4,1,5.0,Delivered
4526,2026-07-17,34,3,4,1,10.0,Delivered
4527,2026-07-17,40,4,4,1,5.0,Delivered
4528,2026-07-17,46,3,4,1,10.0,Delivered
4529,2026-07-17,58,2,4,2,5.5,Delivered
4530,2026-07-17,5,1,5,1,6.0,Delivered
4531,2026-07-17,11,4,5,1,5.0,Delivered
4532,2026-07-17,17,2,5,1,5.5,Delivered
4533,2026-07-17,17,5,5,1,5.0,Delivered
4534,2026-07-17,23,2,5,1,5.5,Delivered
4535,2026-07-17,29,3,5,1,10.0,Delivered
4536,2026-07-17,29,4,5,1,5.0,Delivered
4537,2026-07-17,35,2,5,2,5.5,Delivered
4538,2026-07-17,35,6,5,1,5.0,Delivered
4539,2026-07-17,41,1,5,1,6.0,Delivered
4540,2026-07-17,47,1,5,1,6.0,Delivered
4541,2026-07-17,47,2,5,1,5.5,Delivered
4542,2026-07-17,47,5,5,1,5.0,Delivered
4543,2026-07-17,53,2,5,1,5.5,Delivered
4544,2026-07-17,53,3,5,1,10.0,Delivered
4545,2026-07-17,59,3,5,1,10.0,Delivered
4546,2026-07-17,63,2,5,1,5.5,Delivered
4547,2026-07-17,63,4,5,2,5.0,Delivered
4548,2026-07-17,6,6,5,1,5.0,Delivered
4549,2026-07-17,12,6,5,1,5.0,Delivered
4550,2026-07-17,18,4,5,1,5.0,Delivered
4551,2026-07-17,24,7,5,1,10.0,Delivered
4552,2026-07-17,30,3,5,1,10.0,Delivered
4553,2026-07-17,36,8,5,1,6.0,Delivered
4554,2026-07-17,42,1,5,1,6.0,Delivered
4555,2026-07-17,48,7,5,1,10.0,Delivered
4556,2026-07-17,54,4,5,1,5.0,Delivered
4557,2026-07-17,60,1,5,1,6.0,Delivered
4558,2026-07-17,60,3,5,1,10.0,Delivered
4559,2026-07-18,1,2,1,2,5.5,Delivered
4560,2026-07-18,1,4,1,1,5.0,Delivered
4561,2026-07-18,7,3,1,1,10.0,Delivered
4562,2026-07-18,7,8,1,1,6.0,Delivered
4563,2026-07-18,13,5,1,1,5.0,Delivered
4564,2026-07-18,19,1,1,2,6.0,Delivered
4565,2026-07-18,19,5,1,2,5.0,Delivered
4566,2026-07-18,19,6,1,1,5.0,Delivered
4567,2026-07-18,25,3,1,1,10.0,Delivered
4568,2026-07-18,25,7,1,1,10.0,Delivered
4569,2026-07-18,31,1,1,1,6.0,Delivered
4570,2026-07-18,31,4,1,1,5.0,Delivered
4571,2026-07-18,31,5,1,1,5.0,Delivered
4572,2026-07-18,37,4,1,2,5.0,Delivered
4573,2026-07-18,37,7,1,1,10.0,Delivered
4574,2026-07-18,43,6,1,1,5.0,Delivered
4575,2026-07-18,49,4,1,1,5.0,Delivered
4576,2026-07-18,49,7,1,1,10.0,Delivered
4577,2026-07-18,55,5,1,1,5.0,Delivered
4578,2026-07-18,61,1,1,1,6.0,Delivered
4579,2026-07-18,2,1,2,1,6.0,Delivered
4580,2026-07-18,2,3,2,1,10.0,Delivered
4581,2026-07-18,8,5,2,1,5.0,Delivered
4582,2026-07-18,14,4,2,1,5.0,Delivered
4583,2026-07-18,20,1,2,1,6.0,Delivered
4584,2026-07-18,20,2,2,1,5.5,Delivered
4585,2026-07-18,20,7,2,1,10.0,Delivered
4586,2026-07-18,26,2,2,1,5.5,Delivered
4587,2026-07-18,32,3,2,1,10.0,Delivered
4588,2026-07-18,32,4,2,1,5.0,Delivered
4589,2026-07-18,38,4,2,1,5.0,Delivered
4590,2026-07-18,38,5,2,2,5.0,Delivered
4591,2026-07-18,44,1,2,1,6.0,Delivered
4592,2026-07-18,50,3,2,1,10.0,Delivered
4593,2026-07-18,50,4,2,1,5.0,Delivered
4594,2026-07-18,56,1,2,1,6.0,Delivered
4595,2026-07-18,56,2,2,1,5.5,Delivered
4596,2026-07-18,62,3,2,1,10.0,Delivered
4597,2026-07-18,64,1,2,1,6.0,Delivered
4598,2026-07-18,64,2,2,1,5.5,Delivered
4599,2026-07-18,65,3,2,2,10.0,Delivered
4600,2026-07-18,3,1,3,1,6.0,Delivered
4601,2026-07-18,3,2,3,1,5.5,Delivered
4602,2026-07-18,3,6,3,1,5.0,Delivered
4603,2026-07-18,9,7,3,2,10.0,Delivered
4604,2026-07-18,15,2,3,1,5.5,Delivered
4605,2026-07-18,15,4,3,2,5.0,Delivered
4606,2026-07-18,15,5,3,1,5.0,Delivered
4607,2026-07-18,21,1,3,2,6.0,Delivered
4608,2026-07-18,27,1,3,1,6.0,Delivered
4609,2026-07-18,27,4,3,1,5.0,Delivered
4610,2026-07-18,27,5,3,1,5.0,Delivered
4611,2026-07-18,33,6,3,1,5.0,Delivered
4612,2026-07-18,39,3,3,1,10.0,Delivered
4613,2026-07-18,45,1,3,1,6.0,Delivered
4614,2026-07-18,45,2,3,1,5.5,Delivered
4615,2026-07-18,51,3,3,1,10.0,Delivered
4616,2026-07-18,51,4,3,1,5.0,Delivered
4617,2026-07-18,57,1,3,1,6.0,Delivered
4618,2026-07-18,4,2,4,1,5.5,Delivered
4619,2026-07-18,10,1,4,1,6.0,Delivered
4620,2026-07-18,10,3,4,1,10.0,Delivered
4621,2026-07-18,10,5,4,1,5.0,Delivered
4622,2026-07-18,16,2,4,1,5.5,Delivered
4623,2026-07-18,22,1,4,1,6.0,Delivered
4624,2026-07-18,22,5,4,1,5.0,Delivered
4625,2026-07-18,34,3,4,1,10.0,Delivered
4626,2026-07-18,40,4,4,1,5.0,Delivered
4627,2026-07-18,46,3,4,1,10.0,Delivered
4628,2026-07-18,58,2,4,2,5.5,Delivered
4629,2026-07-18,5,1,5,1,6.0,Delivered
4630,2026-07-18,11,4,5,1,5.0,Delivered
4631,2026-07-18,17,2,5,1,5.5,Delivered
4632,2026-07-18,17,5,5,1,5.0,Delivered
4633,2026-07-18,23,2,5,1,5.5,Delivered
4634,2026-07-18,29,3,5,1,10.0,Delivered
4635,2026-07-18,29,4,5,1,5.0,Delivered
4636,2026-07-18,35,2,5,2,5.5,Delivered
4637,2026-07-18,35,6,5,1,5.0,Delivered
4638,2026-07-18,41,1,5,1,6.0,Delivered
4639,2026-07-18,47,1,5,1,6.0,Delivered
4640,2026-07-18,47,2,5,1,5.5,Delivered
4641,2026-07-18,47,5,5,1,5.0,Delivered
4642,2026-07-18,53,2,5,1,5.5,Delivered
4643,2026-07-18,53,3,5,1,10.0,Delivered
4644,2026-07-18,59,3,5,1,10.0,Delivered
4645,2026-07-18,63,2,5,1,5.5,Delivered
4646,2026-07-18,63,4,5,2,5.0,Delivered
4647,2026-07-18,6,6,5,1,5.0,Delivered
4648,2026-07-18,12,6,5,1,5.0,Delivered
4649,2026-07-18,18,4,5,1,5.0,Delivered
4650,2026-07-18,24,7,5,1,10.0,Delivered
4651,2026-07-18,30,3,5,1,10.0,Delivered
4652,2026-07-18,36,8,5,1,6.0,Delivered
4653,2026-07-18,42,1,5,1,6.0,Delivered
4654,2026-07-18,48,7,5,1,10.0,Delivered
4655,2026-07-18,54,4,5,1,5.0,Delivered
4656,2026-07-18,60,1,5,1,6.0,Delivered
4657,2026-07-18,60,3,5,1,10.0,Delivered
4658,2026-07-19,1,2,1,2,5.5,Delivered
4659,2026-07-19,1,4,1,1,5.0,Delivered
4660,2026-07-19,7,3,1,1,10.0,Delivered
4661,2026-07-19,7,8,1,1,6.0,Delivered
4662,2026-07-19,13,5,1,1,5.0,Delivered
4663,2026-07-19,19,1,1,2,6.0,Delivered
4664,2026-07-19,19,5,1,2,5.0,Delivered
4665,2026-07-19,19,6,1,1,5.0,Delivered
4666,2026-07-19,25,3,1,1,10.0,Delivered
4667,2026-07-19,25,7,1,1,10.0,Delivered
4668,2026-07-19,31,1,1,1,6.0,Delivered
4669,2026-07-19,31,4,1,1,5.0,Delivered
4670,2026-07-19,31,5,1,1,5.0,Delivered
4671,2026-07-19,37,4,1,2,5.0,Delivered
4672,2026-07-19,37,7,1,1,10.0,Delivered
4673,2026-07-19,43,6,1,1,5.0,Delivered
4674,2026-07-19,49,4,1,1,5.0,Delivered
4675,2026-07-19,49,7,1,1,10.0,Delivered
4676,2026-07-19,55,5,1,1,5.0,Delivered
4677,2026-07-19,61,1,1,1,6.0,Delivered
4678,2026-07-19,2,1,2,1,6.0,Delivered
4679,2026-07-19,2,3,2,1,10.0,Delivered
4680,2026-07-19,8,5,2,1,5.0,Delivered
4681,2026-07-19,14,4,2,1,5.0,Delivered
4682,2026-07-19,20,1,2,1,6.0,Delivered
4683,2026-07-19,20,2,2,1,5.5,Delivered
4684,2026-07-19,20,7,2,1,10.0,Delivered
4685,2026-07-19,26,2,2,1,5.5,Delivered
4686,2026-07-19,32,3,2,1,10.0,Delivered
4687,2026-07-19,32,4,2,1,5.0,Delivered
4688,2026-07-19,38,4,2,1,5.0,Delivered
4689,2026-07-19,38,5,2,2,5.0,Delivered
4690,2026-07-19,44,1,2,1,6.0,Delivered
4691,2026-07-19,50,3,2,1,10.0,Delivered
4692,2026-07-19,50,4,2,1,5.0,Delivered
4693,2026-07-19,56,1,2,1,6.0,Delivered
4694,2026-07-19,56,2,2,1,5.5,Delivered
4695,2026-07-19,62,3,2,1,10.0,Delivered
4696,2026-07-19,64,1,2,1,6.0,Delivered
4697,2026-07-19,64,2,2,1,5.5,Delivered
4698,2026-07-19,65,3,2,2,10.0,Delivered
4699,2026-07-19,3,1,3,1,6.0,Delivered
4700,2026-07-19,3,2,3,1,5.5,Delivered
4701,2026-07-19,3,6,3,1,5.0,Delivered
4702,2026-07-19,9,7,3,2,10.0,Delivered
4703,2026-07-19,15,2,3,1,5.5,Delivered
4704,2026-07-19,15,4,3,2,5.0,Delivered
4705,2026-07-19,15,5,3,1,5.0,Delivered
4706,2026-07-19,21,1,3,2,6.0,Delivered
4707,2026-07-19,27,1,3,1,6.0,Delivered
4708,2026-07-19,27,4,3,1,5.0,Delivered
4709,2026-07-19,27,5,3,1,5.0,Delivered
4710,2026-07-19,33,6,3,1,5.0,Delivered
4711,2026-07-19,39,3,3,1,10.0,Delivered
4712,2026-07-19,45,1,3,1,6.0,Delivered
4713,2026-07-19,45,2,3,1,5.5,Delivered
4714,2026-07-19,51,3,3,1,10.0,Delivered
4715,2026-07-19,51,4,3,1,5.0,Delivered
4716,2026-07-19,57,1,3,1,6.0,Delivered
4717,2026-07-19,4,2,4,1,5.5,Delivered
4718,2026-07-19,10,1,4,1,6.0,Delivered
4719,2026-07-19,10,3,4,1,10.0,Delivered
4720,2026-07-19,10,5,4,1,5.0,Delivered
4721,2026-07-19,16,2,4,1,5.5,Delivered
4722,2026-07-19,22,1,4,1,6.0,Delivered
4723,2026-07-19,22,5,4,1,5.0,Delivered
4724,2026-07-19,34,3,4,1,10.0,Delivered
4725,2026-07-19,40,4,4,1,5.0,Delivered
4726,2026-07-19,46,3,4,1,10.0,Delivered
4727,2026-07-19,52,4,4,1,5.0,Delivered
4728,2026-07-19,52,5,4,1,5.0,Delivered
4729,2026-07-19,58,2,4,2,5.5,Delivered
4730,2026-07-19,5,1,5,1,6.0,Delivered
4731,2026-07-19,11,4,5,1,5.0,Delivered
4732,2026-07-19,17,2,5,1,5.5,Delivered
4733,2026-07-19,17,5,5,1,5.0,Delivered
4734,2026-07-19,23,2,5,1,5.5,Delivered
4735,2026-07-19,29,3,5,1,10.0,Delivered
4736,2026-07-19,29,4,5,1,5.0,Delivered
4737,2026-07-19,35,2,5,2,5.5,Delivered
4738,2026-07-19,35,6,5,1,5.0,Delivered
4739,2026-07-19,41,1,5,1,6.0,Delivered
4740,2026-07-19,47,1,5,1,6.0,Delivered
4741,2026-07-19,47,2,5,1,5.5,Delivered
4742,2026-07-19,47,5,5,1,5.0,Delivered
4743,2026-07-19,53,2,5,1,5.5,Delivered
4744,2026-07-19,53,3,5,1,10.0,Delivered
4745,2026-07-19,59,3,5,1,10.0,Delivered
4746,2026-07-19,63,2,5,1,5.5,Delivered
4747,2026-07-19,63,4,5,2,5.0,Delivered
4748,2026-07-19,6,6,5,1,5.0,Delivered
4749,2026-07-19,12,6,5,1,5.0,Delivered
4750,2026-07-19,18,4,5,1,5.0,Delivered
4751,2026-07-19,24,7,5,1,10.0,Failed
4752,2026-07-19,30,3,5,1,10.0,Delivered
4753,2026-07-19,36,8,5,1,6.0,Delivered
4754,2026-07-19,42,1,5,1,6.0,Delivered
4755,2026-07-19,48,7,5,1,10.0,Delivered
4756,2026-07-19,54,4,5,1,5.0,Delivered
4757,2026-07-19,60,1,5,1,6.0,Delivered
4758,2026-07-19,60,3,5,1,10.0,Delivered
4759,2026-07-20,1,2,1,2,5.5,Delivered
4760,2026-07-20,1,4,1,1,5.0,Delivered
4761,2026-07-20,7,3,1,1,10.0,Delivered
4762,2026-07-20,7,8,1,1,6.0,Delivered
4763,2026-07-20,13,5,1,1,5.0,Delivered
4764,2026-07-20,19,1,1,2,6.0,Delivered
4765,2026-07-20,19,5,1,2,5.0,Delivered
4766,2026-07-20,19,6,1,1,5.0,Delivered
4767,2026-07-20,25,3,1,1,10.0,Delivered
4768,2026-07-20,25,7,1,1,10.0,Delivered
4769,2026-07-20,31,1,1,1,6.0,Delivered
4770,2026-07-20,31,4,1,1,5.0,Delivered
4771,2026-07-20,31,5,1,1,5.0,Delivered
4772,2026-07-20,37,4,1,2,5.0,Delivered
4773,2026-07-20,37,7,1,1,10.0,Delivered
4774,2026-07-20,43,6,1,1,5.0,Delivered
4775,2026-07-20,49,4,1,1,5.0,Delivered
4776,2026-07-20,49,7,1,1,10.0,Delivered
4777,2026-07-20,55,5,1,1,5.0,Delivered
4778,2026-07-20,61,1,1,1,6.0,Delivered
4779,2026-07-20,2,1,2,1,6.0,Delivered
4780,2026-07-20,2,3,2,1,10.0,Delivered
4781,2026-07-20,8,5,2,1,5.0,Delivered
4782,2026-07-20,14,4,2,1,5.0,Delivered
4783,2026-07-20,20,1,2,1,6.0,Delivered
4784,2026-07-20,20,2,2,1,5.5,Delivered
4785,2026-07-20,20,7,2,1,10.0,Delivered
4786,2026-07-20,26,2,2,1,5.5,Delivered
4787,2026-07-20,32,3,2,1,10.0,Delivered
4788,2026-07-20,32,4,2,1,5.0,Delivered
4789,2026-07-20,44,1,2,1,6.0,Delivered
4790,2026-07-20,50,3,2,1,10.0,Delivered
4791,2026-07-20,50,4,2,1,5.0,Delivered
4792,2026-07-20,56,1,2,1,6.0,Delivered
4793,2026-07-20,56,2,2,1,5.5,Delivered
4794,2026-07-20,62,3,2,1,10.0,Delivered
4795,2026-07-20,64,1,2,1,6.0,Delivered
4796,2026-07-20,64,2,2,1,5.5,Delivered
4797,2026-07-20,65,3,2,2,10.0,Delivered
4798,2026-07-20,3,1,3,1,6.0,Delivered
4799,2026-07-20,3,2,3,1,5.5,Failed
4800,2026-07-20,3,6,3,1,5.0,Delivered
4801,2026-07-20,9,7,3,2,10.0,Delivered
4802,2026-07-20,15,2,3,1,5.5,Delivered
4803,2026-07-20,15,4,3,2,5.0,Delivered
4804,2026-07-20,15,5,3,1,5.0,Delivered
4805,2026-07-20,21,1,3,2,6.0,Delivered
4806,2026-07-20,27,1,3,1,6.0,Delivered
4807,2026-07-20,27,4,3,1,5.0,Delivered
4808,2026-07-20,27,5,3,1,5.0,Delivered
4809,2026-07-20,33,6,3,1,5.0,Delivered
4810,2026-07-20,39,3,3,1,10.0,Delivered
4811,2026-07-20,45,1,3,1,6.0,Delivered
4812,2026-07-20,45,2,3,1,5.5,Delivered
4813,2026-07-20,51,3,3,1,10.0,Delivered
4814,2026-07-20,51,4,3,1,5.0,Delivered
4815,2026-07-20,57,1,3,1,6.0,Delivered
4816,2026-07-20,4,2,4,1,5.5,Delivered
4817,2026-07-20,10,1,4,1,6.0,Delivered
4818,2026-07-20,10,3,4,1,10.0,Delivered
4819,2026-07-20,10,5,4,1,5.0,Delivered
4820,2026-07-20,16,2,4,1,5.5,Delivered
4821,2026-07-20,22,1,4,1,6.0,Delivered
4822,2026-07-20,22,5,4,1,5.0,Delivered
4823,2026-07-20,28,1,4,1,6.0,Delivered
4824,2026-07-20,28,5,4,1,5.0,Delivered
4825,2026-07-20,34,3,4,1,10.0,Delivered
4826,2026-07-20,40,4,4,1,5.0,Delivered
4827,2026-07-20,46,3,4,1,10.0,Delivered
4828,2026-07-20,52,4,4,1,5.0,Delivered
4829,2026-07-20,52,5,4,1,5.0,Delivered
4830,2026-07-20,58,2,4,2,5.5,Delivered
4831,2026-07-20,5,1,5,1,6.0,Delivered
4832,2026-07-20,11,4,5,1,5.0,Delivered
4833,2026-07-20,17,2,5,1,5.5,Delivered
4834,2026-07-20,17,5,5,1,5.0,Delivered
4835,2026-07-20,23,2,5,1,5.5,Delivered
4836,2026-07-20,29,3,5,1,10.0,Delivered
4837,2026-07-20,29,4,5,1,5.0,Delivered
4838,2026-07-20,35,2,5,2,5.5,Delivered
4839,2026-07-20,35,6,5,1,5.0,Delivered
4840,2026-07-20,41,1,5,1,6.0,Delivered
4841,2026-07-20,47,1,5,1,6.0,Delivered
4842,2026-07-20,47,2,5,1,5.5,Delivered
4843,2026-07-20,47,5,5,1,5.0,Delivered
4844,2026-07-20,53,2,5,1,5.5,Delivered
4845,2026-07-20,53,3,5,1,10.0,Delivered
4846,2026-07-20,59,3,5,1,10.0,Delivered
4847,2026-07-20,63,2,5,1,5.5,Delivered
4848,2026-07-20,63,4,5,2,5.0,Delivered
4849,2026-07-20,6,6,5,1,5.0,Delivered
4850,2026-07-20,12,6,5,1,5.0,Delivered
4851,2026-07-20,18,4,5,1,5.0,Delivered
4852,2026-07-20,24,7,5,1,10.0,Delivered
4853,2026-07-20,30,3,5,1,10.0,Delivered
4854,2026-07-20,36,8,5,1,6.0,Delivered
4855,2026-07-20,42,1,5,1,6.0,Delivered
4856,2026-07-20,48,7,5,1,10.0,Delivered
4857,2026-07-20,54,4,5,1,5.0,Delivered
4858,2026-07-20,60,1,5,1,6.0,Delivered
4859,2026-07-20,60,3,5,1,10.0,Delivered
4860,2026-07-21,1,2,1,2,5.5,Delivered
4861,2026-07-21,1,4,1,1,5.0,Delivered
4862,2026-07-21,7,3,1,1,10.0,Delivered
4863,2026-07-21,7,8,1,1,6.0,Delivered
4864,2026-07-21,13,5,1,1,5.0,Delivered
4865,2026-07-21,19,1,1,2,6.0,Delivered
4866,2026-07-21,19,5,1,2,5.0,Delivered
4867,2026-07-21,19,6,1,1,5.0,Delivered
4868,2026-07-21,25,3,1,1,10.0,Delivered
4869,2026-07-21,25,7,1,1,10.0,Delivered
4870,2026-07-21,31,1,1,1,6.0,Delivered
4871,2026-07-21,31,4,1,1,5.0,Delivered
4872,2026-07-21,31,5,1,1,5.0,Delivered
4873,2026-07-21,37,4,1,2,5.0,Delivered
4874,2026-07-21,37,7,1,1,10.0,Delivered
4875,2026-07-21,43,6,1,1,5.0,Delivered
4876,2026-07-21,49,4,1,1,5.0,Delivered
4877,2026-07-21,49,7,1,1,10.0,Delivered
4878,2026-07-21,55,5,1,1,5.0,Delivered
4879,2026-07-21,61,1,1,1,6.0,Delivered
4880,2026-07-21,2,1,2,1,6.0,Delivered
4881,2026-07-21,2,3,2,1,10.0,Delivered
4882,2026-07-21,8,5,2,1,5.0,Delivered
4883,2026-07-21,14,4,2,1,5.0,Delivered
4884,2026-07-21,20,1,2,1,6.0,Delivered
4885,2026-07-21,20,2,2,1,5.5,Delivered
4886,2026-07-21,20,7,2,1,10.0,Delivered
4887,2026-07-21,26,2,2,1,5.5,Delivered
4888,2026-07-21,32,3,2,1,10.0,Delivered
4889,2026-07-21,32,4,2,1,5.0,Delivered
4890,2026-07-21,44,1,2,1,6.0,Delivered
4891,2026-07-21,50,3,2,1,10.0,Delivered
4892,2026-07-21,50,4,2,1,5.0,Delivered
4893,2026-07-21,56,1,2,1,6.0,Delivered
4894,2026-07-21,56,2,2,1,5.5,Delivered
4895,2026-07-21,62,3,2,1,10.0,Delivered
4896,2026-07-21,64,1,2,1,6.0,Delivered
4897,2026-07-21,64,2,2,1,5.5,Delivered
4898,2026-07-21,65,3,2,2,10.0,Delivered
4899,2026-07-21,3,1,3,1,6.0,Delivered
4900,2026-07-21,3,2,3,1,5.5,Delivered
4901,2026-07-21,3,6,3,1,5.0,Delivered
4902,2026-07-21,9,7,3,2,10.0,Delivered
4903,2026-07-21,15,2,3,1,5.5,Delivered
4904,2026-07-21,15,4,3,2,5.0,Delivered
4905,2026-07-21,15,5,3,1,5.0,Delivered
4906,2026-07-21,21,1,3,2,6.0,Delivered
4907,2026-07-21,27,1,3,1,6.0,Delivered
4908,2026-07-21,27,4,3,1,5.0,Delivered
4909,2026-07-21,27,5,3,1,5.0,Delivered
4910,2026-07-21,33,6,3,1,5.0,Delivered
4911,2026-07-21,39,3,3,1,10.0,Delivered
4912,2026-07-21,45,1,3,1,6.0,Delivered
4913,2026-07-21,45,2,3,1,5.5,Delivered
4914,2026-07-21,51,3,3,1,10.0,Delivered
4915,2026-07-21,51,4,3,1,5.0,Delivered
4916,2026-07-21,57,1,3,1,6.0,Delivered
4917,2026-07-21,4,2,4,1,5.5,Delivered
4918,2026-07-21,10,1,4,1,6.0,Delivered
4919,2026-07-21,10,3,4,1,10.0,Delivered
4920,2026-07-21,10,5,4,1,5.0,Delivered
4921,2026-07-21,16,2,4,1,5.5,Delivered
4922,2026-07-21,22,1,4,1,6.0,Delivered
4923,2026-07-21,22,5,4,1,5.0,Delivered
4924,2026-07-21,28,1,4,1,6.0,Delivered
4925,2026-07-21,28,5,4,1,5.0,Delivered
4926,2026-07-21,34,3,4,1,10.0,Delivered
4927,2026-07-21,40,4,4,1,5.0,Delivered
4928,2026-07-21,46,3,4,1,10.0,Delivered
4929,2026-07-21,52,4,4,1,5.0,Failed
4930,2026-07-21,52,5,4,1,5.0,Delivered
4931,2026-07-21,58,2,4,2,5.5,Delivered
4932,2026-07-21,5,1,5,1,6.0,Delivered
4933,2026-07-21,11,4,5,1,5.0,Delivered
4934,2026-07-21,17,2,5,1,5.5,Delivered
4935,2026-07-21,17,5,5,1,5.0,Delivered
4936,2026-07-21,23,2,5,1,5.5,Delivered
4937,2026-07-21,29,3,5,1,10.0,Delivered
4938,2026-07-21,29,4,5,1,5.0,Delivered
4939,2026-07-21,35,2,5,2,5.5,Delivered
4940,2026-07-21,35,6,5,1,5.0,Delivered
4941,2026-07-21,41,1,5,1,6.0,Delivered
4942,2026-07-21,47,1,5,1,6.0,Delivered
4943,2026-07-21,47,2,5,1,5.5,Delivered
4944,2026-07-21,47,5,5,1,5.0,Delivered
4945,2026-07-21,53,2,5,1,5.5,Delivered
4946,2026-07-21,53,3,5,1,10.0,Delivered
4947,2026-07-21,59,3,5,1,10.0,Delivered
4948,2026-07-21,63,2,5,1,5.5,Delivered
4949,2026-07-21,63,4,5,2,5.0,Delivered
4950,2026-07-21,6,6,5,1,5.0,Delivered
4951,2026-07-21,12,6,5,1,5.0,Delivered
4952,2026-07-21,18,4,5,1,5.0,Delivered
4953,2026-07-21,24,7,5,1,10.0,Delivered
4954,2026-07-21,30,3,5,1,10.0,Delivered
4955,2026-07-21,36,8,5,1,6.0,Delivered
4956,2026-07-21,42,1,5,1,6.0,Delivered
4957,2026-07-21,48,7,5,1,10.0,Delivered
4958,2026-07-21,54,4,5,1,5.0,Delivered
4959,2026-07-21,60,1,5,1,6.0,Delivered
4960,2026-07-21,60,3,5,1,10.0,Delivered
4961,2026-07-22,1,2,1,2,5.5,Delivered
4962,2026-07-22,1,4,1,1,5.0,Delivered
4963,2026-07-22,7,3,1,1,10.0,Delivered
4964,2026-07-22,7,8,1,1,6.0,Delivered
4965,2026-07-22,13,5,1,1,5.0,Delivered
4966,2026-07-22,19,1,1,2,6.0,Delivered
4967,2026-07-22,19,5,1,2,5.0,Delivered
4968,2026-07-22,19,6,1,1,5.0,Delivered
4969,2026-07-22,25,3,1,1,10.0,Delivered
4970,2026-07-22,25,7,1,1,10.0,Delivered
4971,2026-07-22,31,1,1,1,6.0,Delivered
4972,2026-07-22,31,4,1,1,5.0,Delivered
4973,2026-07-22,31,5,1,1,5.0,Delivered
4974,2026-07-22,37,4,1,2,5.0,Delivered
4975,2026-07-22,37,7,1,1,10.0,Delivered
4976,2026-07-22,43,6,1,1,5.0,Delivered
4977,2026-07-22,49,4,1,1,5.0,Delivered
4978,2026-07-22,49,7,1,1,10.0,Delivered
4979,2026-07-22,55,5,1,1,5.0,Delivered
4980,2026-07-22,61,1,1,1,6.0,Delivered
4981,2026-07-22,2,1,2,1,6.0,Delivered
4982,2026-07-22,2,3,2,1,10.0,Delivered
4983,2026-07-22,8,5,2,1,5.0,Delivered
4984,2026-07-22,14,4,2,1,5.0,Delivered
4985,2026-07-22,20,1,2,1,6.0,Delivered
4986,2026-07-22,20,2,2,1,5.5,Delivered
4987,2026-07-22,20,7,2,1,10.0,Delivered
4988,2026-07-22,26,2,2,1,5.5,Delivered
4989,2026-07-22,32,3,2,1,10.0,Delivered
4990,2026-07-22,32,4,2,1,5.0,Delivered
4991,2026-07-22,44,1,2,1,6.0,Delivered
4992,2026-07-22,50,3,2,1,10.0,Delivered
4993,2026-07-22,50,4,2,1,5.0,Delivered
4994,2026-07-22,56,1,2,1,6.0,Delivered
4995,2026-07-22,56,2,2,1,5.5,Delivered
4996,2026-07-22,62,3,2,1,10.0,Delivered
4997,2026-07-22,64,1,2,1,6.0,Delivered
4998,2026-07-22,64,2,2,1,5.5,Delivered
4999,2026-07-22,65,3,2,2,10.0,Delivered
5000,2026-07-22,3,1,3,1,6.0,Delivered
5001,2026-07-22,3,2,3,1,5.5,Delivered
5002,2026-07-22,3,6,3,1,5.0,Delivered
5003,2026-07-22,9,7,3,2,10.0,Delivered
5004,2026-07-22,15,2,3,1,5.5,Delivered
5005,2026-07-22,15,4,3,2,5.0,Delivered
5006,2026-07-22,15,5,3,1,5.0,Delivered
5007,2026-07-22,21,1,3,2,6.0,Delivered
5008,2026-07-22,27,1,3,1,6.0,Delivered
5009,2026-07-22,27,4,3,1,5.0,Delivered
5010,2026-07-22,27,5,3,1,5.0,Delivered
5011,2026-07-22,33,6,3,1,5.0,Delivered
5012,2026-07-22,39,3,3,1,10.0,Delivered
5013,2026-07-22,45,1,3,1,6.0,Delivered
5014,2026-07-22,45,2,3,1,5.5,Failed
5015,2026-07-22,51,3,3,1,10.0,Delivered
5016,2026-07-22,51,4,3,1,5.0,Delivered
5017,2026-07-22,57,1,3,1,6.0,Delivered
5018,2026-07-22,4,2,4,1,5.5,Delivered
5019,2026-07-22,10,1,4,1,6.0,Delivered
5020,2026-07-22,10,3,4,1,10.0,Delivered
5021,2026-07-22,10,5,4,1,5.0,Delivered
5022,2026-07-22,16,2,4,1,5.5,Delivered
5023,2026-07-22,22,1,4,1,6.0,Delivered
5024,2026-07-22,22,5,4,1,5.0,Delivered
5025,2026-07-22,28,1,4,1,6.0,Delivered
5026,2026-07-22,28,5,4,1,5.0,Delivered
5027,2026-07-22,34,3,4,1,10.0,Delivered
5028,2026-07-22,40,4,4,1,5.0,Delivered
5029,2026-07-22,46,3,4,1,10.0,Delivered
5030,2026-07-22,52,4,4,1,5.0,Delivered
5031,2026-07-22,52,5,4,1,5.0,Delivered
5032,2026-07-22,58,2,4,2,5.5,Delivered
5033,2026-07-22,5,1,5,1,6.0,Delivered
5034,2026-07-22,11,4,5,1,5.0,Delivered
5035,2026-07-22,17,2,5,1,5.5,Delivered
5036,2026-07-22,17,5,5,1,5.0,Delivered
5037,2026-07-22,23,2,5,1,5.5,Delivered
5038,2026-07-22,29,3,5,1,10.0,Delivered
5039,2026-07-22,29,4,5,1,5.0,Delivered
5040,2026-07-22,35,2,5,2,5.5,Delivered
5041,2026-07-22,35,6,5,1,5.0,Delivered
5042,2026-07-22,41,1,5,1,6.0,Delivered
5043,2026-07-22,47,1,5,1,6.0,Delivered
5044,2026-07-22,47,2,5,1,5.5,Delivered
5045,2026-07-22,47,5,5,1,5.0,Delivered
5046,2026-07-22,53,2,5,1,5.5,Delivered
5047,2026-07-22,53,3,5,1,10.0,Delivered
5048,2026-07-22,59,3,5,1,10.0,Delivered
5049,2026-07-22,63,2,5,1,5.5,Delivered
5050,2026-07-22,63,4,5,2,5.0,Delivered
5051,2026-07-22,6,6,5,1,5.0,Delivered
5052,2026-07-22,12,6,5,1,5.0,Delivered
5053,2026-07-22,18,4,5,1,5.0,Delivered
5054,2026-07-22,24,7,5,1,10.0,Delivered
5055,2026-07-22,30,3,5,1,10.0,Delivered
5056,2026-07-22,36,8,5,1,6.0,Delivered
5057,2026-07-22,42,1,5,1,6.0,Delivered
5058,2026-07-22,48,7,5,1,10.0,Delivered
5059,2026-07-22,54,4,5,1,5.0,Delivered
5060,2026-07-22,60,1,5,1,6.0,Delivered
5061,2026-07-22,60,3,5,1,10.0,Delivered
5062,2026-07-22,66,3,5,1,10.0,Delivered
5063,2026-07-22,66,6,5,1,5.0,Delivered
5064,2026-07-23,1,2,1,2,5.5,Delivered
5065,2026-07-23,1,4,1,1,5.0,Delivered
5066,2026-07-23,7,3,1,1,10.0,Delivered
5067,2026-07-23,7,8,1,1,6.0,Delivered
5068,2026-07-23,13,5,1,1,5.0,Delivered
5069,2026-07-23,19,1,1,2,6.0,Delivered
5070,2026-07-23,19,5,1,2,5.0,Delivered
5071,2026-07-23,19,6,1,1,5.0,Delivered
5072,2026-07-23,25,3,1,1,10.0,Delivered
5073,2026-07-23,25,7,1,1,10.0,Delivered
5074,2026-07-23,31,1,1,1,6.0,Delivered
5075,2026-07-23,31,4,1,1,5.0,Delivered
5076,2026-07-23,31,5,1,1,5.0,Delivered
5077,2026-07-23,37,4,1,2,5.0,Delivered
5078,2026-07-23,37,7,1,1,10.0,Delivered
5079,2026-07-23,43,6,1,1,5.0,Delivered
5080,2026-07-23,49,4,1,1,5.0,Delivered
5081,2026-07-23,49,7,1,1,10.0,Delivered
5082,2026-07-23,55,5,1,1,5.0,Delivered
5083,2026-07-23,61,1,1,1,6.0,Delivered
5084,2026-07-23,2,1,2,1,6.0,Delivered
5085,2026-07-23,2,3,2,1,10.0,Delivered
5086,2026-07-23,8,5,2,1,5.0,Delivered
5087,2026-07-23,14,4,2,1,5.0,Delivered
5088,2026-07-23,20,1,2,1,6.0,Delivered
5089,2026-07-23,20,2,2,1,5.5,Delivered
5090,2026-07-23,20,7,2,1,10.0,Delivered
5091,2026-07-23,26,2,2,1,5.5,Delivered
5092,2026-07-23,32,3,2,1,10.0,Delivered
5093,2026-07-23,32,4,2,1,5.0,Delivered
5094,2026-07-23,44,1,2,1,6.0,Delivered
5095,2026-07-23,50,3,2,1,10.0,Delivered
5096,2026-07-23,50,4,2,1,5.0,Delivered
5097,2026-07-23,56,1,2,1,6.0,Delivered
5098,2026-07-23,56,2,2,1,5.5,Delivered
5099,2026-07-23,62,3,2,1,10.0,Delivered
5100,2026-07-23,64,1,2,1,6.0,Delivered
5101,2026-07-23,64,2,2,1,5.5,Delivered
5102,2026-07-23,65,3,2,2,10.0,Delivered
5103,2026-07-23,3,1,3,1,6.0,Delivered
5104,2026-07-23,3,2,3,1,5.5,Delivered
5105,2026-07-23,3,6,3,1,5.0,Delivered
5106,2026-07-23,9,7,3,2,10.0,Delivered
5107,2026-07-23,15,2,3,1,5.5,Delivered
5108,2026-07-23,15,4,3,2,5.0,Delivered
5109,2026-07-23,15,5,3,1,5.0,Delivered
5110,2026-07-23,21,1,3,2,6.0,Delivered
5111,2026-07-23,27,1,3,1,6.0,Delivered
5112,2026-07-23,27,4,3,1,5.0,Delivered
5113,2026-07-23,27,5,3,1,5.0,Delivered
5114,2026-07-23,33,6,3,1,5.0,Delivered
5115,2026-07-23,39,3,3,1,10.0,Delivered
5116,2026-07-23,45,1,3,1,6.0,Delivered
5117,2026-07-23,45,2,3,1,5.5,Delivered
5118,2026-07-23,51,3,3,1,10.0,Delivered
5119,2026-07-23,51,4,3,1,5.0,Delivered
5120,2026-07-23,57,1,3,1,6.0,Delivered
5121,2026-07-23,4,2,4,1,5.5,Delivered
5122,2026-07-23,10,1,4,1,6.0,Delivered
5123,2026-07-23,10,3,4,1,10.0,Delivered
5124,2026-07-23,10,5,4,1,5.0,Delivered
5125,2026-07-23,16,2,4,1,5.5,Delivered
5126,2026-07-23,22,1,4,1,6.0,Delivered
5127,2026-07-23,22,5,4,1,5.0,Delivered
5128,2026-07-23,28,1,4,1,6.0,Delivered
5129,2026-07-23,28,5,4,1,5.0,Delivered
5130,2026-07-23,34,3,4,1,10.0,Delivered
5131,2026-07-23,40,4,4,1,5.0,Delivered
5132,2026-07-23,46,3,4,1,10.0,Delivered
5133,2026-07-23,52,4,4,1,5.0,Delivered
5134,2026-07-23,52,5,4,1,5.0,Delivered
5135,2026-07-23,58,2,4,2,5.5,Delivered
5136,2026-07-23,5,1,5,1,6.0,Delivered
5137,2026-07-23,11,4,5,1,5.0,Delivered
5138,2026-07-23,17,2,5,1,5.5,Delivered
5139,2026-07-23,17,5,5,1,5.0,Delivered
5140,2026-07-23,23,2,5,1,5.5,Delivered
5141,2026-07-23,29,3,5,1,10.0,Delivered
5142,2026-07-23,29,4,5,1,5.0,Delivered
5143,2026-07-23,35,2,5,2,5.5,Delivered
5144,2026-07-23,35,6,5,1,5.0,Delivered
5145,2026-07-23,41,1,5,1,6.0,Delivered
5146,2026-07-23,47,1,5,1,6.0,Delivered
5147,2026-07-23,47,2,5,1,5.5,Delivered
5148,2026-07-23,47,5,5,1,5.0,Delivered
5149,2026-07-23,53,2,5,1,5.5,Delivered
5150,2026-07-23,53,3,5,1,10.0,Delivered
5151,2026-07-23,59,3,5,1,10.0,Delivered
5152,2026-07-23,63,2,5,1,5.5,Delivered
5153,2026-07-23,63,4,5,2,5.0,Delivered
5154,2026-07-23,6,6,5,1,5.0,Delivered
5155,2026-07-23,12,6,5,1,5.0,Delivered
5156,2026-07-23,18,4,5,1,5.0,Delivered
5157,2026-07-23,24,7,5,1,10.0,Delivered
5158,2026-07-23,30,3,5,1,10.0,Delivered
5159,2026-07-23,36,8,5,1,6.0,Delivered
5160,2026-07-23,42,1,5,1,6.0,Delivered
5161,2026-07-23,48,7,5,1,10.0,Delivered
5162,2026-07-23,54,4,5,1,5.0,Delivered
5163,2026-07-23,60,1,5,1,6.0,Delivered
5164,2026-07-23,60,3,5,1,10.0,Delivered
5165,2026-07-23,66,3,5,1,10.0,Failed
5166,2026-07-23,66,6,5,1,5.0,Delivered
5167,2026-07-24,1,2,1,2,5.5,Delivered
5168,2026-07-24,1,4,1,1,5.0,Delivered
5169,2026-07-24,7,3,1,1,10.0,Delivered
5170,2026-07-24,7,8,1,1,6.0,Delivered
5171,2026-07-24,13,5,1,1,5.0,Delivered
5172,2026-07-24,19,1,1,2,6.0,Delivered
5173,2026-07-24,19,5,1,2,5.0,Delivered
5174,2026-07-24,19,6,1,1,5.0,Delivered
5175,2026-07-24,25,3,1,1,10.0,Delivered
5176,2026-07-24,25,7,1,1,10.0,Delivered
5177,2026-07-24,31,1,1,1,6.0,Delivered
5178,2026-07-24,31,4,1,1,5.0,Delivered
5179,2026-07-24,31,5,1,1,5.0,Delivered
5180,2026-07-24,37,4,1,2,5.0,Delivered
5181,2026-07-24,37,7,1,1,10.0,Delivered
5182,2026-07-24,43,6,1,1,5.0,Delivered
5183,2026-07-24,49,4,1,1,5.0,Delivered
5184,2026-07-24,49,7,1,1,10.0,Delivered
5185,2026-07-24,55,5,1,1,5.0,Delivered
5186,2026-07-24,61,1,1,1,6.0,Delivered
5187,2026-07-24,2,1,2,1,6.0,Delivered
5188,2026-07-24,2,3,2,1,10.0,Delivered
5189,2026-07-24,8,5,2,1,5.0,Delivered
5190,2026-07-24,14,4,2,1,5.0,Delivered
5191,2026-07-24,20,1,2,1,6.0,Failed
5192,2026-07-24,20,2,2,1,5.5,Delivered
5193,2026-07-24,20,7,2,1,10.0,Delivered
5194,2026-07-24,26,2,2,1,5.5,Delivered
5195,2026-07-24,32,3,2,1,10.0,Delivered
5196,2026-07-24,32,4,2,1,5.0,Delivered
5197,2026-07-24,44,1,2,1,6.0,Delivered
5198,2026-07-24,50,3,2,1,10.0,Delivered
5199,2026-07-24,50,4,2,1,5.0,Delivered
5200,2026-07-24,56,1,2,1,6.0,Delivered
5201,2026-07-24,56,2,2,1,5.5,Delivered
5202,2026-07-24,62,3,2,1,10.0,Delivered
5203,2026-07-24,64,1,2,1,6.0,Delivered
5204,2026-07-24,64,2,2,1,5.5,Delivered
5205,2026-07-24,65,3,2,2,10.0,Delivered
5206,2026-07-24,3,1,3,1,6.0,Delivered
5207,2026-07-24,3,2,3,1,5.5,Delivered
5208,2026-07-24,3,6,3,1,5.0,Delivered
5209,2026-07-24,9,7,3,2,10.0,Delivered
5210,2026-07-24,15,2,3,1,5.5,Delivered
5211,2026-07-24,15,4,3,2,5.0,Failed
5212,2026-07-24,15,5,3,1,5.0,Delivered
5213,2026-07-24,21,1,3,2,6.0,Delivered
5214,2026-07-24,27,1,3,1,6.0,Delivered
5215,2026-07-24,27,4,3,1,5.0,Delivered
5216,2026-07-24,27,5,3,1,5.0,Delivered
5217,2026-07-24,33,6,3,1,5.0,Delivered
5218,2026-07-24,39,3,3,1,10.0,Delivered
5219,2026-07-24,45,1,3,1,6.0,Delivered
5220,2026-07-24,45,2,3,1,5.5,Delivered
5221,2026-07-24,51,3,3,1,10.0,Delivered
5222,2026-07-24,51,4,3,1,5.0,Delivered
5223,2026-07-24,57,1,3,1,6.0,Delivered
5224,2026-07-24,4,2,4,1,5.5,Delivered
5225,2026-07-24,10,1,4,1,6.0,Delivered
5226,2026-07-24,10,3,4,1,10.0,Delivered
5227,2026-07-24,10,5,4,1,5.0,Delivered
5228,2026-07-24,16,2,4,1,5.5,Delivered
5229,2026-07-24,22,1,4,1,6.0,Delivered
5230,2026-07-24,22,5,4,1,5.0,Delivered
5231,2026-07-24,28,1,4,1,6.0,Delivered
5232,2026-07-24,28,5,4,1,5.0,Delivered
5233,2026-07-24,34,3,4,1,10.0,Delivered
5234,2026-07-24,40,4,4,1,5.0,Delivered
5235,2026-07-24,46,3,4,1,10.0,Delivered
5236,2026-07-24,52,4,4,1,5.0,Delivered
5237,2026-07-24,52,5,4,1,5.0,Delivered
5238,2026-07-24,58,2,4,2,5.5,Delivered
5239,2026-07-24,5,1,5,1,6.0,Delivered
5240,2026-07-24,11,4,5,1,5.0,Delivered
5241,2026-07-24,17,2,5,1,5.5,Delivered
5242,2026-07-24,17,5,5,1,5.0,Delivered
5243,2026-07-24,23,2,5,1,5.5,Delivered
5244,2026-07-24,29,3,5,1,10.0,Delivered
5245,2026-07-24,29,4,5,1,5.0,Delivered
5246,2026-07-24,35,2,5,2,5.5,Delivered
5247,2026-07-24,35,6,5,1,5.0,Delivered
5248,2026-07-24,41,1,5,1,6.0,Delivered
5249,2026-07-24,47,1,5,1,6.0,Delivered
5250,2026-07-24,47,2,5,1,5.5,Delivered
5251,2026-07-24,47,5,5,1,5.0,Delivered
5252,2026-07-24,53,2,5,1,5.5,Delivered
5253,2026-07-24,53,3,5,1,10.0,Delivered
5254,2026-07-24,59,3,5,1,10.0,Delivered
5255,2026-07-24,63,2,5,1,5.5,Delivered
5256,2026-07-24,63,4,5,2,5.0,Delivered
5257,2026-07-24,6,6,5,1,5.0,Delivered
5258,2026-07-24,12,6,5,1,5.0,Delivered
5259,2026-07-24,18,4,5,1,5.0,Delivered
5260,2026-07-24,24,7,5,1,10.0,Delivered
5261,2026-07-24,30,3,5,1,10.0,Delivered
5262,2026-07-24,36,8,5,1,6.0,Delivered
5263,2026-07-24,42,1,5,1,6.0,Delivered
5264,2026-07-24,48,7,5,1,10.0,Delivered
5265,2026-07-24,54,4,5,1,5.0,Delivered
5266,2026-07-24,60,1,5,1,6.0,Delivered
5267,2026-07-24,60,3,5,1,10.0,Delivered
5268,2026-07-24,66,3,5,1,10.0,Delivered
5269,2026-07-24,66,6,5,1,5.0,Delivered
5270,2026-07-25,1,2,1,2,5.5,Delivered
5271,2026-07-25,1,4,1,1,5.0,Delivered
5272,2026-07-25,7,3,1,1,10.0,Delivered
5273,2026-07-25,7,8,1,1,6.0,Delivered
5274,2026-07-25,13,5,1,1,5.0,Delivered
5275,2026-07-25,19,1,1,2,6.0,Delivered
5276,2026-07-25,19,5,1,2,5.0,Delivered
5277,2026-07-25,19,6,1,1,5.0,Delivered
5278,2026-07-25,25,3,1,1,10.0,Delivered
5279,2026-07-25,25,7,1,1,10.0,Failed
5280,2026-07-25,31,1,1,1,6.0,Delivered
5281,2026-07-25,31,4,1,1,5.0,Delivered
5282,2026-07-25,31,5,1,1,5.0,Delivered
5283,2026-07-25,37,4,1,2,5.0,Delivered
5284,2026-07-25,37,7,1,1,10.0,Delivered
5285,2026-07-25,43,6,1,1,5.0,Delivered
5286,2026-07-25,49,4,1,1,5.0,Delivered
5287,2026-07-25,49,7,1,1,10.0,Delivered
5288,2026-07-25,55,5,1,1,5.0,Delivered
5289,2026-07-25,61,1,1,1,6.0,Delivered
5290,2026-07-25,2,1,2,1,6.0,Delivered
5291,2026-07-25,2,3,2,1,10.0,Delivered
5292,2026-07-25,8,5,2,1,5.0,Delivered
5293,2026-07-25,14,4,2,1,5.0,Delivered
5294,2026-07-25,20,1,2,1,6.0,Delivered
5295,2026-07-25,20,2,2,1,5.5,Delivered
5296,2026-07-25,20,7,2,1,10.0,Delivered
5297,2026-07-25,26,2,2,1,5.5,Delivered
5298,2026-07-25,32,3,2,1,10.0,Delivered
5299,2026-07-25,32,4,2,1,5.0,Delivered
5300,2026-07-25,44,1,2,1,6.0,Delivered
5301,2026-07-25,50,3,2,1,10.0,Delivered
5302,2026-07-25,50,4,2,1,5.0,Delivered
5303,2026-07-25,56,1,2,1,6.0,Delivered
5304,2026-07-25,56,2,2,1,5.5,Delivered
5305,2026-07-25,62,3,2,1,10.0,Delivered
5306,2026-07-25,64,1,2,1,6.0,Delivered
5307,2026-07-25,64,2,2,1,5.5,Delivered
5308,2026-07-25,65,3,2,2,10.0,Delivered
5309,2026-07-25,3,1,3,1,6.0,Delivered
5310,2026-07-25,3,2,3,1,5.5,Delivered
5311,2026-07-25,3,6,3,1,5.0,Delivered
5312,2026-07-25,9,7,3,2,10.0,Delivered
5313,2026-07-25,15,2,3,1,5.5,Delivered
5314,2026-07-25,15,4,3,2,5.0,Delivered
5315,2026-07-25,15,5,3,1,5.0,Delivered
5316,2026-07-25,21,1,3,2,6.0,Delivered
5317,2026-07-25,27,1,3,1,6.0,Delivered
5318,2026-07-25,27,4,3,1,5.0,Delivered
5319,2026-07-25,27,5,3,1,5.0,Delivered
5320,2026-07-25,33,6,3,1,5.0,Delivered
5321,2026-07-25,39,3,3,1,10.0,Delivered
5322,2026-07-25,45,1,3,1,6.0,Delivered
5323,2026-07-25,45,2,3,1,5.5,Delivered
5324,2026-07-25,51,3,3,1,10.0,Delivered
5325,2026-07-25,51,4,3,1,5.0,Delivered
5326,2026-07-25,57,1,3,1,6.0,Delivered
5327,2026-07-25,4,2,4,1,5.5,Delivered
5328,2026-07-25,10,1,4,1,6.0,Delivered
5329,2026-07-25,10,3,4,1,10.0,Delivered
5330,2026-07-25,10,5,4,1,5.0,Delivered
5331,2026-07-25,16,2,4,1,5.5,Delivered
5332,2026-07-25,22,1,4,1,6.0,Delivered
5333,2026-07-25,22,5,4,1,5.0,Delivered
5334,2026-07-25,28,1,4,1,6.0,Delivered
5335,2026-07-25,28,5,4,1,5.0,Delivered
5336,2026-07-25,34,3,4,1,10.0,Delivered
5337,2026-07-25,40,4,4,1,5.0,Delivered
5338,2026-07-25,46,3,4,1,10.0,Delivered
5339,2026-07-25,52,4,4,1,5.0,Delivered
5340,2026-07-25,52,5,4,1,5.0,Delivered
5341,2026-07-25,58,2,4,2,5.5,Delivered
5342,2026-07-25,5,1,5,1,6.0,Delivered
5343,2026-07-25,11,4,5,1,5.0,Delivered
5344,2026-07-25,17,2,5,1,5.5,Delivered
5345,2026-07-25,17,5,5,1,5.0,Delivered
5346,2026-07-25,23,2,5,1,5.5,Delivered
5347,2026-07-25,29,3,5,1,10.0,Delivered
5348,2026-07-25,29,4,5,1,5.0,Delivered
5349,2026-07-25,35,2,5,2,5.5,Delivered
5350,2026-07-25,35,6,5,1,5.0,Delivered
5351,2026-07-25,41,1,5,1,6.0,Delivered
5352,2026-07-25,47,1,5,1,6.0,Delivered
5353,2026-07-25,47,2,5,1,5.5,Delivered
5354,2026-07-25,47,5,5,1,5.0,Delivered
5355,2026-07-25,53,2,5,1,5.5,Delivered
5356,2026-07-25,53,3,5,1,10.0,Delivered
5357,2026-07-25,59,3,5,1,10.0,Delivered
5358,2026-07-25,63,2,5,1,5.5,Delivered
5359,2026-07-25,63,4,5,2,5.0,Delivered
5360,2026-07-25,6,6,5,1,5.0,Delivered
5361,2026-07-25,12,6,5,1,5.0,Delivered
5362,2026-07-25,18,4,5,1,5.0,Delivered
5363,2026-07-25,24,7,5,1,10.0,Delivered
5364,2026-07-25,30,3,5,1,10.0,Delivered
5365,2026-07-25,36,8,5,1,6.0,Delivered
5366,2026-07-25,42,1,5,1,6.0,Delivered
5367,2026-07-25,48,7,5,1,10.0,Delivered
5368,2026-07-25,54,4,5,1,5.0,Delivered
5369,2026-07-25,60,1,5,1,6.0,Delivered
5370,2026-07-25,60,3,5,1,10.0,Delivered
5371,2026-07-25,66,3,5,1,10.0,Delivered
5372,2026-07-25,66,6,5,1,5.0,Delivered
5373,2026-07-26,1,2,1,2,5.5,Delivered
5374,2026-07-26,1,4,1,1,5.0,Delivered
5375,2026-07-26,7,3,1,1,10.0,Delivered
5376,2026-07-26,7,8,1,1,6.0,Delivered
5377,2026-07-26,13,5,1,1,5.0,Delivered
5378,2026-07-26,19,1,1,2,6.0,Delivered
5379,2026-07-26,19,5,1,2,5.0,Delivered
5380,2026-07-26,19,6,1,1,5.0,Delivered
5381,2026-07-26,25,3,1,1,10.0,Delivered
5382,2026-07-26,25,7,1,1,10.0,Delivered
5383,2026-07-26,31,1,1,1,6.0,Delivered
5384,2026-07-26,31,4,1,1,5.0,Delivered
5385,2026-07-26,31,5,1,1,5.0,Delivered
5386,2026-07-26,37,4,1,2,5.0,Delivered
5387,2026-07-26,37,7,1,1,10.0,Delivered
5388,2026-07-26,43,6,1,1,5.0,Delivered
5389,2026-07-26,49,4,1,1,5.0,Delivered
5390,2026-07-26,49,7,1,1,10.0,Delivered
5391,2026-07-26,55,5,1,1,5.0,Delivered
5392,2026-07-26,61,1,1,1,6.0,Delivered
5393,2026-07-26,2,1,2,1,6.0,Delivered
5394,2026-07-26,2,3,2,1,10.0,Delivered
5395,2026-07-26,8,5,2,1,5.0,Delivered
5396,2026-07-26,14,4,2,1,5.0,Delivered
5397,2026-07-26,20,1,2,1,6.0,Delivered
5398,2026-07-26,20,2,2,1,5.5,Delivered
5399,2026-07-26,20,7,2,1,10.0,Delivered
5400,2026-07-26,26,2,2,1,5.5,Delivered
5401,2026-07-26,32,3,2,1,10.0,Delivered
5402,2026-07-26,32,4,2,1,5.0,Delivered
5403,2026-07-26,44,1,2,1,6.0,Delivered
5404,2026-07-26,50,3,2,1,10.0,Delivered
5405,2026-07-26,50,4,2,1,5.0,Delivered
5406,2026-07-26,56,1,2,1,6.0,Delivered
5407,2026-07-26,56,2,2,1,5.5,Delivered
5408,2026-07-26,62,3,2,1,10.0,Delivered
5409,2026-07-26,64,1,2,1,6.0,Delivered
5410,2026-07-26,64,2,2,1,5.5,Delivered
5411,2026-07-26,65,3,2,2,10.0,Delivered
5412,2026-07-26,3,1,3,1,6.0,Delivered
5413,2026-07-26,3,2,3,1,5.5,Delivered
5414,2026-07-26,3,6,3,1,5.0,Delivered
5415,2026-07-26,9,7,3,2,10.0,Delivered
5416,2026-07-26,15,2,3,1,5.5,Delivered
5417,2026-07-26,15,4,3,2,5.0,Delivered
5418,2026-07-26,15,5,3,1,5.0,Delivered
5419,2026-07-26,21,1,3,2,6.0,Delivered
5420,2026-07-26,27,1,3,1,6.0,Delivered
5421,2026-07-26,27,4,3,1,5.0,Delivered
5422,2026-07-26,27,5,3,1,5.0,Delivered
5423,2026-07-26,33,6,3,1,5.0,Delivered
5424,2026-07-26,39,3,3,1,10.0,Delivered
5425,2026-07-26,45,1,3,1,6.0,Delivered
5426,2026-07-26,45,2,3,1,5.5,Delivered
5427,2026-07-26,51,3,3,1,10.0,Delivered
5428,2026-07-26,51,4,3,1,5.0,Delivered
5429,2026-07-26,57,1,3,1,6.0,Delivered
5430,2026-07-26,4,2,4,1,5.5,Delivered
5431,2026-07-26,10,1,4,1,6.0,Delivered
5432,2026-07-26,10,3,4,1,10.0,Failed
5433,2026-07-26,10,5,4,1,5.0,Delivered
5434,2026-07-26,16,2,4,1,5.5,Delivered
5435,2026-07-26,22,1,4,1,6.0,Delivered
5436,2026-07-26,22,5,4,1,5.0,Delivered
5437,2026-07-26,28,1,4,1,6.0,Delivered
5438,2026-07-26,28,5,4,1,5.0,Delivered
5439,2026-07-26,34,3,4,1,10.0,Delivered
5440,2026-07-26,40,4,4,1,5.0,Delivered
5441,2026-07-26,46,3,4,1,10.0,Delivered
5442,2026-07-26,52,4,4,1,5.0,Delivered
5443,2026-07-26,52,5,4,1,5.0,Delivered
5444,2026-07-26,58,2,4,2,5.5,Delivered
5445,2026-07-26,5,1,5,1,6.0,Delivered
5446,2026-07-26,11,4,5,1,5.0,Delivered
5447,2026-07-26,17,2,5,1,5.5,Delivered
5448,2026-07-26,17,5,5,1,5.0,Delivered
5449,2026-07-26,23,2,5,1,5.5,Delivered
5450,2026-07-26,29,3,5,1,10.0,Delivered
5451,2026-07-26,29,4,5,1,5.0,Delivered
5452,2026-07-26,35,2,5,2,5.5,Delivered
5453,2026-07-26,35,6,5,1,5.0,Delivered
5454,2026-07-26,41,1,5,1,6.0,Delivered
5455,2026-07-26,47,1,5,1,6.0,Delivered
5456,2026-07-26,47,2,5,1,5.5,Delivered
5457,2026-07-26,47,5,5,1,5.0,Delivered
5458,2026-07-26,53,2,5,1,5.5,Delivered
5459,2026-07-26,53,3,5,1,10.0,Delivered
5460,2026-07-26,59,3,5,1,10.0,Delivered
5461,2026-07-26,63,2,5,1,5.5,Delivered
5462,2026-07-26,63,4,5,2,5.0,Delivered
5463,2026-07-26,6,6,5,1,5.0,Delivered
5464,2026-07-26,12,6,5,1,5.0,Delivered
5465,2026-07-26,18,4,5,1,5.0,Delivered
5466,2026-07-26,24,7,5,1,10.0,Delivered
5467,2026-07-26,30,3,5,1,10.0,Delivered
5468,2026-07-26,36,8,5,1,6.0,Delivered
5469,2026-07-26,42,1,5,1,6.0,Delivered
5470,2026-07-26,48,7,5,1,10.0,Delivered
5471,2026-07-26,54,4,5,1,5.0,Delivered
5472,2026-07-26,60,1,5,1,6.0,Delivered
5473,2026-07-26,60,3,5,1,10.0,Delivered
5474,2026-07-26,66,3,5,1,10.0,Delivered
5475,2026-07-26,66,6,5,1,5.0,Delivered
5476,2026-07-27,1,2,1,2,5.5,Delivered
5477,2026-07-27,1,4,1,1,5.0,Delivered
5478,2026-07-27,7,3,1,1,10.0,Delivered
5479,2026-07-27,7,8,1,1,6.0,Delivered
5480,2026-07-27,13,5,1,1,5.0,Delivered
5481,2026-07-27,19,1,1,2,6.0,Delivered
5482,2026-07-27,19,5,1,2,5.0,Delivered
5483,2026-07-27,19,6,1,1,5.0,Delivered
5484,2026-07-27,25,3,1,1,10.0,Delivered
5485,2026-07-27,25,7,1,1,10.0,Delivered
5486,2026-07-27,31,1,1,1,6.0,Delivered
5487,2026-07-27,31,4,1,1,5.0,Failed
5488,2026-07-27,31,5,1,1,5.0,Delivered
5489,2026-07-27,37,4,1,2,5.0,Delivered
5490,2026-07-27,37,7,1,1,10.0,Delivered
5491,2026-07-27,43,6,1,1,5.0,Delivered
5492,2026-07-27,49,4,1,1,5.0,Delivered
5493,2026-07-27,49,7,1,1,10.0,Delivered
5494,2026-07-27,55,5,1,1,5.0,Delivered
5495,2026-07-27,61,1,1,1,6.0,Delivered
5496,2026-07-27,2,1,2,1,6.0,Delivered
5497,2026-07-27,2,3,2,1,10.0,Delivered
5498,2026-07-27,8,5,2,1,5.0,Delivered
5499,2026-07-27,14,4,2,1,5.0,Delivered
5500,2026-07-27,20,1,2,1,6.0,Delivered
5501,2026-07-27,20,2,2,1,5.5,Delivered
5502,2026-07-27,20,7,2,1,10.0,Delivered
5503,2026-07-27,26,2,2,1,5.5,Delivered
5504,2026-07-27,32,3,2,1,10.0,Delivered
5505,2026-07-27,32,4,2,1,5.0,Delivered
5506,2026-07-27,44,1,2,1,6.0,Delivered
5507,2026-07-27,50,3,2,1,10.0,Delivered
5508,2026-07-27,50,4,2,1,5.0,Delivered
5509,2026-07-27,56,1,2,1,6.0,Delivered
5510,2026-07-27,56,2,2,1,5.5,Delivered
5511,2026-07-27,62,3,2,1,10.0,Delivered
5512,2026-07-27,64,1,2,1,6.0,Delivered
5513,2026-07-27,64,2,2,1,5.5,Delivered
5514,2026-07-27,65,3,2,2,10.0,Delivered
5515,2026-07-27,3,1,3,1,6.0,Delivered
5516,2026-07-27,3,2,3,1,5.5,Delivered
5517,2026-07-27,3,6,3,1,5.0,Delivered
5518,2026-07-27,9,7,3,2,10.0,Delivered
5519,2026-07-27,15,2,3,1,5.5,Delivered
5520,2026-07-27,15,4,3,2,5.0,Failed
5521,2026-07-27,15,5,3,1,5.0,Delivered
5522,2026-07-27,21,1,3,2,6.0,Delivered
5523,2026-07-27,27,1,3,1,6.0,Delivered
5524,2026-07-27,27,4,3,1,5.0,Delivered
5525,2026-07-27,27,5,3,1,5.0,Delivered
5526,2026-07-27,33,6,3,1,5.0,Delivered
5527,2026-07-27,39,3,3,1,10.0,Delivered
5528,2026-07-27,45,1,3,1,6.0,Delivered
5529,2026-07-27,45,2,3,1,5.5,Delivered
5530,2026-07-27,51,3,3,1,10.0,Delivered
5531,2026-07-27,51,4,3,1,5.0,Delivered
5532,2026-07-27,57,1,3,1,6.0,Delivered
5533,2026-07-27,4,2,4,1,5.5,Delivered
5534,2026-07-27,10,1,4,1,6.0,Delivered
5535,2026-07-27,10,3,4,1,10.0,Delivered
5536,2026-07-27,10,5,4,1,5.0,Delivered
5537,2026-07-27,16,2,4,1,5.5,Delivered
5538,2026-07-27,22,1,4,1,6.0,Delivered
5539,2026-07-27,22,5,4,1,5.0,Delivered
5540,2026-07-27,28,1,4,1,6.0,Failed
5541,2026-07-27,28,5,4,1,5.0,Delivered
5542,2026-07-27,34,3,4,1,10.0,Delivered
5543,2026-07-27,40,4,4,1,5.0,Delivered
5544,2026-07-27,46,3,4,1,10.0,Delivered
5545,2026-07-27,52,4,4,1,5.0,Delivered
5546,2026-07-27,52,5,4,1,5.0,Delivered
5547,2026-07-27,58,2,4,2,5.5,Delivered
5548,2026-07-27,5,1,5,1,6.0,Delivered
5549,2026-07-27,11,4,5,1,5.0,Delivered
5550,2026-07-27,17,2,5,1,5.5,Delivered
5551,2026-07-27,17,5,5,1,5.0,Delivered
5552,2026-07-27,23,2,5,1,5.5,Delivered
5553,2026-07-27,29,3,5,1,10.0,Delivered
5554,2026-07-27,29,4,5,1,5.0,Delivered
5555,2026-07-27,35,2,5,2,5.5,Delivered
5556,2026-07-27,35,6,5,1,5.0,Delivered
5557,2026-07-27,41,1,5,1,6.0,Delivered
5558,2026-07-27,47,1,5,1,6.0,Delivered
5559,2026-07-27,47,2,5,1,5.5,Delivered
5560,2026-07-27,47,5,5,1,5.0,Delivered
5561,2026-07-27,53,2,5,1,5.5,Delivered
5562,2026-07-27,53,3,5,1,10.0,Delivered
5563,2026-07-27,59,3,5,1,10.0,Delivered
5564,2026-07-27,63,2,5,1,5.5,Delivered
5565,2026-07-27,63,4,5,2,5.0,Delivered
5566,2026-07-27,6,6,5,1,5.0,Delivered
5567,2026-07-27,12,6,5,1,5.0,Delivered
5568,2026-07-27,18,4,5,1,5.0,Delivered
5569,2026-07-27,24,7,5,1,10.0,Delivered
5570,2026-07-27,30,3,5,1,10.0,Delivered
5571,2026-07-27,36,8,5,1,6.0,Delivered
5572,2026-07-27,42,1,5,1,6.0,Delivered
5573,2026-07-27,48,7,5,1,10.0,Delivered
5574,2026-07-27,54,4,5,1,5.0,Delivered
5575,2026-07-27,60,1,5,1,6.0,Delivered
5576,2026-07-27,60,3,5,1,10.0,Delivered
5577,2026-07-27,66,3,5,1,10.0,Delivered
5578,2026-07-27,66,6,5,1,5.0,Delivered
5579,2026-07-28,1,2,1,2,5.5,Delivered
5580,2026-07-28,1,4,1,1,5.0,Delivered
5581,2026-07-28,7,3,1,1,10.0,Delivered
5582,2026-07-28,7,8,1,1,6.0,Delivered
5583,2026-07-28,13,5,1,1,5.0,Delivered
5584,2026-07-28,19,1,1,2,6.0,Delivered
5585,2026-07-28,19,5,1,2,5.0,Delivered
5586,2026-07-28,19,6,1,1,5.0,Delivered
5587,2026-07-28,25,3,1,1,10.0,Delivered
5588,2026-07-28,25,7,1,1,10.0,Delivered
5589,2026-07-28,31,1,1,1,6.0,Delivered
5590,2026-07-28,31,4,1,1,5.0,Delivered
5591,2026-07-28,31,5,1,1,5.0,Delivered
5592,2026-07-28,37,4,1,2,5.0,Delivered
5593,2026-07-28,37,7,1,1,10.0,Delivered
5594,2026-07-28,43,6,1,1,5.0,Delivered
5595,2026-07-28,49,4,1,1,5.0,Delivered
5596,2026-07-28,49,7,1,1,10.0,Delivered
5597,2026-07-28,55,5,1,1,5.0,Delivered
5598,2026-07-28,61,1,1,1,6.0,Delivered
5599,2026-07-28,2,1,2,1,6.0,Delivered
5600,2026-07-28,2,3,2,1,10.0,Delivered
5601,2026-07-28,8,5,2,1,5.0,Delivered
5602,2026-07-28,14,4,2,1,5.0,Delivered
5603,2026-07-28,20,1,2,1,6.0,Delivered
5604,2026-07-28,20,2,2,1,5.5,Delivered
5605,2026-07-28,20,7,2,1,10.0,Delivered
5606,2026-07-28,26,2,2,1,5.5,Delivered
5607,2026-07-28,32,3,2,1,10.0,Delivered
5608,2026-07-28,32,4,2,1,5.0,Delivered
5609,2026-07-28,44,1,2,1,6.0,Delivered
5610,2026-07-28,50,3,2,1,10.0,Delivered
5611,2026-07-28,50,4,2,1,5.0,Delivered
5612,2026-07-28,56,1,2,1,6.0,Delivered
5613,2026-07-28,56,2,2,1,5.5,Delivered
5614,2026-07-28,62,3,2,1,10.0,Delivered
5615,2026-07-28,64,1,2,1,6.0,Delivered
5616,2026-07-28,64,2,2,1,5.5,Delivered
5617,2026-07-28,65,3,2,2,10.0,Delivered
5618,2026-07-28,3,1,3,1,6.0,Delivered
5619,2026-07-28,3,2,3,1,5.5,Delivered
5620,2026-07-28,3,6,3,1,5.0,Delivered
5621,2026-07-28,9,7,3,2,10.0,Failed
5622,2026-07-28,15,2,3,1,5.5,Delivered
5623,2026-07-28,15,4,3,2,5.0,Delivered
5624,2026-07-28,15,5,3,1,5.0,Delivered
5625,2026-07-28,21,1,3,2,6.0,Delivered
5626,2026-07-28,27,1,3,1,6.0,Delivered
5627,2026-07-28,27,4,3,1,5.0,Delivered
5628,2026-07-28,27,5,3,1,5.0,Delivered
5629,2026-07-28,33,6,3,1,5.0,Delivered
5630,2026-07-28,39,3,3,1,10.0,Delivered
5631,2026-07-28,45,1,3,1,6.0,Delivered
5632,2026-07-28,45,2,3,1,5.5,Delivered
5633,2026-07-28,51,3,3,1,10.0,Delivered
5634,2026-07-28,51,4,3,1,5.0,Delivered
5635,2026-07-28,57,1,3,1,6.0,Delivered
5636,2026-07-28,4,2,4,1,5.5,Delivered
5637,2026-07-28,10,1,4,1,6.0,Delivered
5638,2026-07-28,10,3,4,1,10.0,Delivered
5639,2026-07-28,10,5,4,1,5.0,Delivered
5640,2026-07-28,16,2,4,1,5.5,Delivered
5641,2026-07-28,22,1,4,1,6.0,Delivered
5642,2026-07-28,22,5,4,1,5.0,Delivered
5643,2026-07-28,28,1,4,1,6.0,Delivered
5644,2026-07-28,28,5,4,1,5.0,Delivered
5645,2026-07-28,34,3,4,1,10.0,Delivered
5646,2026-07-28,40,4,4,1,5.0,Delivered
5647,2026-07-28,46,3,4,1,10.0,Delivered
5648,2026-07-28,52,4,4,1,5.0,Delivered
5649,2026-07-28,52,5,4,1,5.0,Delivered
5650,2026-07-28,58,2,4,2,5.5,Delivered
5651,2026-07-28,5,1,5,1,6.0,Delivered
5652,2026-07-28,11,4,5,1,5.0,Delivered
5653,2026-07-28,17,2,5,1,5.5,Delivered
5654,2026-07-28,17,5,5,1,5.0,Delivered
5655,2026-07-28,23,2,5,1,5.5,Delivered
5656,2026-07-28,29,3,5,1,10.0,Delivered
5657,2026-07-28,29,4,5,1,5.0,Delivered
5658,2026-07-28,35,2,5,2,5.5,Delivered
5659,2026-07-28,35,6,5,1,5.0,Delivered
5660,2026-07-28,41,1,5,1,6.0,Delivered
5661,2026-07-28,47,1,5,1,6.0,Delivered
5662,2026-07-28,47,2,5,1,5.5,Delivered
5663,2026-07-28,47,5,5,1,5.0,Delivered
5664,2026-07-28,53,2,5,1,5.5,Delivered
5665,2026-07-28,53,3,5,1,10.0,Delivered
5666,2026-07-28,59,3,5,1,10.0,Delivered
5667,2026-07-28,63,2,5,1,5.5,Delivered
5668,2026-07-28,63,4,5,2,5.0,Delivered
5669,2026-07-28,6,6,5,1,5.0,Delivered
5670,2026-07-28,12,6,5,1,5.0,Delivered
5671,2026-07-28,18,4,5,1,5.0,Delivered
5672,2026-07-28,24,7,5,1,10.0,Delivered
5673,2026-07-28,30,3,5,1,10.0,Delivered
5674,2026-07-28,36,8,5,1,6.0,Delivered
5675,2026-07-28,42,1,5,1,6.0,Delivered
5676,2026-07-28,48,7,5,1,10.0,Delivered
5677,2026-07-28,54,4,5,1,5.0,Delivered
5678,2026-07-28,60,1,5,1,6.0,Delivered
5679,2026-07-28,60,3,5,1,10.0,Delivered
5680,2026-07-28,66,3,5,1,10.0,Delivered
5681,2026-07-28,66,6,5,1,5.0,Delivered
5682,2026-07-29,1,2,1,2,5.5,Delivered
5683,2026-07-29,1,4,1,1,5.0,Delivered
5684,2026-07-29,7,3,1,1,10.0,Delivered
5685,2026-07-29,7,8,1,1,6.0,Delivered
5686,2026-07-29,13,5,1,1,5.0,Delivered
5687,2026-07-29,19,1,1,2,6.0,Delivered
5688,2026-07-29,19,5,1,2,5.0,Delivered
5689,2026-07-29,19,6,1,1,5.0,Delivered
5690,2026-07-29,25,3,1,1,10.0,Delivered
5691,2026-07-29,25,7,1,1,10.0,Delivered
5692,2026-07-29,31,1,1,1,6.0,Delivered
5693,2026-07-29,31,4,1,1,5.0,Delivered
5694,2026-07-29,31,5,1,1,5.0,Delivered
5695,2026-07-29,37,4,1,2,5.0,Delivered
5696,2026-07-29,37,7,1,1,10.0,Delivered
5697,2026-07-29,43,6,1,1,5.0,Delivered
5698,2026-07-29,49,4,1,1,5.0,Delivered
5699,2026-07-29,49,7,1,1,10.0,Delivered
5700,2026-07-29,55,5,1,1,5.0,Delivered
5701,2026-07-29,61,1,1,1,6.0,Delivered
5702,2026-07-29,2,1,2,1,6.0,Delivered
5703,2026-07-29,2,3,2,1,10.0,Delivered
5704,2026-07-29,8,5,2,1,5.0,Delivered
5705,2026-07-29,14,4,2,1,5.0,Delivered
5706,2026-07-29,20,1,2,1,6.0,Delivered
5707,2026-07-29,20,2,2,1,5.5,Delivered
5708,2026-07-29,20,7,2,1,10.0,Delivered
5709,2026-07-29,26,2,2,1,5.5,Delivered
5710,2026-07-29,32,3,2,1,10.0,Delivered
5711,2026-07-29,32,4,2,1,5.0,Delivered
5712,2026-07-29,44,1,2,1,6.0,Delivered
5713,2026-07-29,50,3,2,1,10.0,Delivered
5714,2026-07-29,50,4,2,1,5.0,Delivered
5715,2026-07-29,56,1,2,1,6.0,Delivered
5716,2026-07-29,56,2,2,1,5.5,Delivered
5717,2026-07-29,62,3,2,1,10.0,Delivered
5718,2026-07-29,64,1,2,1,6.0,Failed
5719,2026-07-29,64,2,2,1,5.5,Delivered
5720,2026-07-29,65,3,2,2,10.0,Delivered
5721,2026-07-29,3,1,3,1,6.0,Delivered
5722,2026-07-29,3,2,3,1,5.5,Delivered
5723,2026-07-29,3,6,3,1,5.0,Delivered
5724,2026-07-29,9,7,3,2,10.0,Delivered
5725,2026-07-29,15,2,3,1,5.5,Delivered
5726,2026-07-29,15,4,3,2,5.0,Delivered
5727,2026-07-29,15,5,3,1,5.0,Delivered
5728,2026-07-29,21,1,3,2,6.0,Delivered
5729,2026-07-29,27,1,3,1,6.0,Delivered
5730,2026-07-29,27,4,3,1,5.0,Delivered
5731,2026-07-29,27,5,3,1,5.0,Delivered
5732,2026-07-29,33,6,3,1,5.0,Delivered
5733,2026-07-29,39,3,3,1,10.0,Delivered
5734,2026-07-29,45,1,3,1,6.0,Delivered
5735,2026-07-29,45,2,3,1,5.5,Delivered
5736,2026-07-29,51,3,3,1,10.0,Delivered
5737,2026-07-29,51,4,3,1,5.0,Delivered
5738,2026-07-29,57,1,3,1,6.0,Delivered
5739,2026-07-29,4,2,4,1,5.5,Delivered
5740,2026-07-29,10,1,4,1,6.0,Delivered
5741,2026-07-29,10,3,4,1,10.0,Delivered
5742,2026-07-29,10,5,4,1,5.0,Delivered
5743,2026-07-29,16,2,4,1,5.5,Delivered
5744,2026-07-29,22,1,4,1,6.0,Delivered
5745,2026-07-29,22,5,4,1,5.0,Delivered
5746,2026-07-29,28,1,4,1,6.0,Delivered
5747,2026-07-29,28,5,4,1,5.0,Delivered
5748,2026-07-29,34,3,4,1,10.0,Delivered
5749,2026-07-29,40,4,4,1,5.0,Delivered
5750,2026-07-29,46,3,4,1,10.0,Delivered
5751,2026-07-29,52,4,4,1,5.0,Delivered
5752,2026-07-29,52,5,4,1,5.0,Delivered
5753,2026-07-29,58,2,4,2,5.5,Delivered
5754,2026-07-29,5,1,5,1,6.0,Delivered
5755,2026-07-29,11,4,5,1,5.0,Delivered
5756,2026-07-29,17,2,5,1,5.5,Delivered
5757,2026-07-29,17,5,5,1,5.0,Delivered
5758,2026-07-29,23,2,5,1,5.5,Delivered
5759,2026-07-29,29,3,5,1,10.0,Delivered
5760,2026-07-29,29,4,5,1,5.0,Delivered
5761,2026-07-29,35,2,5,2,5.5,Delivered
5762,2026-07-29,35,6,5,1,5.0,Delivered
5763,2026-07-29,41,1,5,1,6.0,Delivered
5764,2026-07-29,47,1,5,1,6.0,Delivered
5765,2026-07-29,47,2,5,1,5.5,Delivered
5766,2026-07-29,47,5,5,1,5.0,Delivered
5767,2026-07-29,53,2,5,1,5.5,Delivered
5768,2026-07-29,53,3,5,1,10.0,Delivered
5769,2026-07-29,59,3,5,1,10.0,Delivered
5770,2026-07-29,63,2,5,1,5.5,Delivered
5771,2026-07-29,63,4,5,2,5.0,Delivered
5772,2026-07-29,6,6,5,1,5.0,Delivered
5773,2026-07-29,12,6,5,1,5.0,Delivered
5774,2026-07-29,18,4,5,1,5.0,Delivered
5775,2026-07-29,24,7,5,1,10.0,Delivered
5776,2026-07-29,30,3,5,1,10.0,Delivered
5777,2026-07-29,36,8,5,1,6.0,Delivered
5778,2026-07-29,42,1,5,1,6.0,Delivered
5779,2026-07-29,48,7,5,1,10.0,Delivered
5780,2026-07-29,54,4,5,1,5.0,Delivered
5781,2026-07-29,60,1,5,1,6.0,Delivered
5782,2026-07-29,60,3,5,1,10.0,Delivered
5783,2026-07-29,66,3,5,1,10.0,Delivered
5784,2026-07-29,66,6,5,1,5.0,Delivered
5785,2026-07-30,1,2,1,2,5.5,Delivered
5786,2026-07-30,1,4,1,1,5.0,Delivered
5787,2026-07-30,7,3,1,1,10.0,Delivered
5788,2026-07-30,7,8,1,1,6.0,Delivered
5789,2026-07-30,13,5,1,1,5.0,Delivered
5790,2026-07-30,19,1,1,2,6.0,Delivered
5791,2026-07-30,19,5,1,2,5.0,Delivered
5792,2026-07-30,19,6,1,1,5.0,Delivered
5793,2026-07-30,25,3,1,1,10.0,Delivered
5794,2026-07-30,25,7,1,1,10.0,Delivered
5795,2026-07-30,31,1,1,1,6.0,Delivered
5796,2026-07-30,31,4,1,1,5.0,Delivered
5797,2026-07-30,31,5,1,1,5.0,Delivered
5798,2026-07-30,37,4,1,2,5.0,Delivered
5799,2026-07-30,37,7,1,1,10.0,Delivered
5800,2026-07-30,43,6,1,1,5.0,Delivered
5801,2026-07-30,49,4,1,1,5.0,Delivered
5802,2026-07-30,49,7,1,1,10.0,Delivered
5803,2026-07-30,55,5,1,1,5.0,Delivered
5804,2026-07-30,61,1,1,1,6.0,Delivered
5805,2026-07-30,2,1,2,1,6.0,Delivered
5806,2026-07-30,2,3,2,1,10.0,Delivered
5807,2026-07-30,8,5,2,1,5.0,Delivered
5808,2026-07-30,14,4,2,1,5.0,Delivered
5809,2026-07-30,20,1,2,1,6.0,Delivered
5810,2026-07-30,20,2,2,1,5.5,Delivered
5811,2026-07-30,20,7,2,1,10.0,Delivered
5812,2026-07-30,26,2,2,1,5.5,Delivered
5813,2026-07-30,32,3,2,1,10.0,Delivered
5814,2026-07-30,32,4,2,1,5.0,Delivered
5815,2026-07-30,38,4,2,1,5.0,Delivered
5816,2026-07-30,38,5,2,2,5.0,Delivered
5817,2026-07-30,44,1,2,1,6.0,Delivered
5818,2026-07-30,50,3,2,1,10.0,Delivered
5819,2026-07-30,50,4,2,1,5.0,Delivered
5820,2026-07-30,56,1,2,1,6.0,Delivered
5821,2026-07-30,56,2,2,1,5.5,Delivered
5822,2026-07-30,62,3,2,1,10.0,Delivered
5823,2026-07-30,64,1,2,1,6.0,Delivered
5824,2026-07-30,64,2,2,1,5.5,Delivered
5825,2026-07-30,65,3,2,2,10.0,Delivered
5826,2026-07-30,3,1,3,1,6.0,Delivered
5827,2026-07-30,3,2,3,1,5.5,Delivered
5828,2026-07-30,3,6,3,1,5.0,Delivered
5829,2026-07-30,9,7,3,2,10.0,Delivered
5830,2026-07-30,15,2,3,1,5.5,Delivered
5831,2026-07-30,15,4,3,2,5.0,Delivered
5832,2026-07-30,15,5,3,1,5.0,Delivered
5833,2026-07-30,21,1,3,2,6.0,Delivered
5834,2026-07-30,27,1,3,1,6.0,Delivered
5835,2026-07-30,27,4,3,1,5.0,Delivered
5836,2026-07-30,27,5,3,1,5.0,Delivered
5837,2026-07-30,33,6,3,1,5.0,Delivered
5838,2026-07-30,39,3,3,1,10.0,Delivered
5839,2026-07-30,45,1,3,1,6.0,Delivered
5840,2026-07-30,45,2,3,1,5.5,Delivered
5841,2026-07-30,51,3,3,1,10.0,Delivered
5842,2026-07-30,51,4,3,1,5.0,Delivered
5843,2026-07-30,57,1,3,1,6.0,Delivered
5844,2026-07-30,4,2,4,1,5.5,Delivered
5845,2026-07-30,10,1,4,1,6.0,Delivered
5846,2026-07-30,10,3,4,1,10.0,Delivered
5847,2026-07-30,10,5,4,1,5.0,Delivered
5848,2026-07-30,16,2,4,1,5.5,Delivered
5849,2026-07-30,22,1,4,1,6.0,Delivered
5850,2026-07-30,22,5,4,1,5.0,Delivered
5851,2026-07-30,28,1,4,1,6.0,Delivered
5852,2026-07-30,28,5,4,1,5.0,Delivered
5853,2026-07-30,34,3,4,1,10.0,Delivered
5854,2026-07-30,40,4,4,1,5.0,Delivered
5855,2026-07-30,46,3,4,1,10.0,Delivered
5856,2026-07-30,52,4,4,1,5.0,Delivered
5857,2026-07-30,52,5,4,1,5.0,Delivered
5858,2026-07-30,58,2,4,2,5.5,Delivered
5859,2026-07-30,5,1,5,1,6.0,Delivered
5860,2026-07-30,11,4,5,1,5.0,Delivered
5861,2026-07-30,17,2,5,1,5.5,Delivered
5862,2026-07-30,17,5,5,1,5.0,Delivered
5863,2026-07-30,23,2,5,1,5.5,Delivered
5864,2026-07-30,29,3,5,1,10.0,Delivered
5865,2026-07-30,29,4,5,1,5.0,Delivered
5866,2026-07-30,35,2,5,2,5.5,Delivered
5867,2026-07-30,35,6,5,1,5.0,Delivered
5868,2026-07-30,41,1,5,1,6.0,Delivered
5869,2026-07-30,47,1,5,1,6.0,Delivered
5870,2026-07-30,47,2,5,1,5.5,Delivered
5871,2026-07-30,47,5,5,1,5.0,Delivered
5872,2026-07-30,53,2,5,1,5.5,Delivered
5873,2026-07-30,53,3,5,1,10.0,Delivered
5874,2026-07-30,59,3,5,1,10.0,Delivered
5875,2026-07-30,63,2,5,1,5.5,Delivered
5876,2026-07-30,63,4,5,2,5.0,Delivered
5877,2026-07-30,6,6,5,1,5.0,Delivered
5878,2026-07-30,12,6,5,1,5.0,Delivered
5879,2026-07-30,18,4,5,1,5.0,Delivered
5880,2026-07-30,24,7,5,1,10.0,Delivered
5881,2026-07-30,30,3,5,1,10.0,Delivered
5882,2026-07-30,36,8,5,1,6.0,Delivered
5883,2026-07-30,42,1,5,1,6.0,Delivered
5884,2026-07-30,48,7,5,1,10.0,Delivered
5885,2026-07-30,54,4,5,1,5.0,Delivered
5886,2026-07-30,60,1,5,1,6.0,Delivered
5887,2026-07-30,60,3,5,1,10.0,Delivered
5888,2026-07-30,66,3,5,1,10.0,Delivered
5889,2026-07-30,66,6,5,1,5.0,Delivered
5890,2026-07-31,1,2,1,2,5.5,Delivered
5891,2026-07-31,1,4,1,1,5.0,Delivered
5892,2026-07-31,7,3,1,1,10.0,Delivered
5893,2026-07-31,7,8,1,1,6.0,Delivered
5894,2026-07-31,13,5,1,1,5.0,Delivered
5895,2026-07-31,19,1,1,2,6.0,Delivered
5896,2026-07-31,19,5,1,2,5.0,Delivered
5897,2026-07-31,19,6,1,1,5.0,Delivered
5898,2026-07-31,25,3,1,1,10.0,Delivered
5899,2026-07-31,25,7,1,1,10.0,Delivered
5900,2026-07-31,31,1,1,1,6.0,Delivered
5901,2026-07-31,31,4,1,1,5.0,Delivered
5902,2026-07-31,31,5,1,1,5.0,Delivered
5903,2026-07-31,37,4,1,2,5.0,Delivered
5904,2026-07-31,37,7,1,1,10.0,Delivered
5905,2026-07-31,43,6,1,1,5.0,Delivered
5906,2026-07-31,49,4,1,1,5.0,Delivered
5907,2026-07-31,49,7,1,1,10.0,Delivered
5908,2026-07-31,55,5,1,1,5.0,Delivered
5909,2026-07-31,61,1,1,1,6.0,Delivered
5910,2026-07-31,2,1,2,1,6.0,Delivered
5911,2026-07-31,2,3,2,1,10.0,Delivered
5912,2026-07-31,8,5,2,1,5.0,Delivered
5913,2026-07-31,14,4,2,1,5.0,Delivered
5914,2026-07-31,20,1,2,1,6.0,Delivered
5915,2026-07-31,20,2,2,1,5.5,Delivered
5916,2026-07-31,20,7,2,1,10.0,Delivered
5917,2026-07-31,26,2,2,1,5.5,Delivered
5918,2026-07-31,32,3,2,1,10.0,Delivered
5919,2026-07-31,32,4,2,1,5.0,Delivered
5920,2026-07-31,38,4,2,1,5.0,Delivered
5921,2026-07-31,38,5,2,2,5.0,Delivered
5922,2026-07-31,44,1,2,1,6.0,Delivered
5923,2026-07-31,50,3,2,1,10.0,Delivered
5924,2026-07-31,50,4,2,1,5.0,Delivered
5925,2026-07-31,56,1,2,1,6.0,Delivered
5926,2026-07-31,56,2,2,1,5.5,Delivered
5927,2026-07-31,62,3,2,1,10.0,Delivered
5928,2026-07-31,64,1,2,1,6.0,Delivered
5929,2026-07-31,64,2,2,1,5.5,Delivered
5930,2026-07-31,65,3,2,2,10.0,Delivered
5931,2026-07-31,3,1,3,1,6.0,Delivered
5932,2026-07-31,3,2,3,1,5.5,Delivered
5933,2026-07-31,3,6,3,1,5.0,Delivered
5934,2026-07-31,9,7,3,2,10.0,Delivered
5935,2026-07-31,15,2,3,1,5.5,Delivered
5936,2026-07-31,15,4,3,2,5.0,Delivered
5937,2026-07-31,15,5,3,1,5.0,Delivered
5938,2026-07-31,21,1,3,2,6.0,Delivered
5939,2026-07-31,27,1,3,1,6.0,Delivered
5940,2026-07-31,27,4,3,1,5.0,Delivered
5941,2026-07-31,27,5,3,1,5.0,Delivered
5942,2026-07-31,33,6,3,1,5.0,Delivered
5943,2026-07-31,39,3,3,1,10.0,Delivered
5944,2026-07-31,45,1,3,1,6.0,Delivered
5945,2026-07-31,45,2,3,1,5.5,Delivered
5946,2026-07-31,51,3,3,1,10.0,Delivered
5947,2026-07-31,51,4,3,1,5.0,Delivered
5948,2026-07-31,57,1,3,1,6.0,Delivered
5949,2026-07-31,4,2,4,1,5.5,Delivered
5950,2026-07-31,10,1,4,1,6.0,Delivered
5951,2026-07-31,10,3,4,1,10.0,Delivered
5952,2026-07-31,10,5,4,1,5.0,Delivered
5953,2026-07-31,16,2,4,1,5.5,Delivered
5954,2026-07-31,22,1,4,1,6.0,Delivered
5955,2026-07-31,22,5,4,1,5.0,Delivered
5956,2026-07-31,28,1,4,1,6.0,Delivered
5957,2026-07-31,28,5,4,1,5.0,Delivered
5958,2026-07-31,34,3,4,1,10.0,Delivered
5959,2026-07-31,40,4,4,1,5.0,Delivered
5960,2026-07-31,46,3,4,1,10.0,Delivered
5961,2026-07-31,52,4,4,1,5.0,Delivered
5962,2026-07-31,52,5,4,1,5.0,Delivered
5963,2026-07-31,58,2,4,2,5.5,Delivered
5964,2026-07-31,5,1,5,1,6.0,Delivered
5965,2026-07-31,11,4,5,1,5.0,Delivered
5966,2026-07-31,17,2,5,1,5.5,Delivered
5967,2026-07-31,17,5,5,1,5.0,Delivered
5968,2026-07-31,23,2,5,1,5.5,Delivered
5969,2026-07-31,29,3,5,1,10.0,Delivered
5970,2026-07-31,29,4,5,1,5.0,Delivered
5971,2026-07-31,35,2,5,2,5.5,Delivered
5972,2026-07-31,35,6,5,1,5.0,Delivered
5973,2026-07-31,41,1,5,1,6.0,Delivered
5974,2026-07-31,47,1,5,1,6.0,Delivered
5975,2026-07-31,47,2,5,1,5.5,Delivered
5976,2026-07-31,47,5,5,1,5.0,Delivered
5977,2026-07-31,53,2,5,1,5.5,Delivered
5978,2026-07-31,53,3,5,1,10.0,Delivered
5979,2026-07-31,59,3,5,1,10.0,Delivered
5980,2026-07-31,63,2,5,1,5.5,Delivered
5981,2026-07-31,63,4,5,2,5.0,Delivered
5982,2026-07-31,6,6,5,1,5.0,Delivered
5983,2026-07-31,12,6,5,1,5.0,Delivered
5984,2026-07-31,18,4,5,1,5.0,Delivered
5985,2026-07-31,24,7,5,1,10.0,Delivered
5986,2026-07-31,30,3,5,1,10.0,Delivered
5987,2026-07-31,36,8,5,1,6.0,Delivered
5988,2026-07-31,42,1,5,1,6.0,Delivered
5989,2026-07-31,48,7,5,1,10.0,Delivered
5990,2026-07-31,54,4,5,1,5.0,Delivered
5991,2026-07-31,60,1,5,1,6.0,Delivered
5992,2026-07-31,60,3,5,1,10.0,Delivered
5993,2026-07-31,66,3,5,1,10.0,Delivered
5994,2026-07-31,66,6,5,1,5.0,Delivered
5995,2026-08-01,1,2,1,2,5.5,Delivered
5996,2026-08-01,1,4,1,1,5.0,Delivered
5997,2026-08-01,7,3,1,1,10.0,Delivered
5998,2026-08-01,7,8,1,1,6.0,Delivered
5999,2026-08-01,13,5,1,1,5.0,Delivered
6000,2026-08-01,19,1,1,2,7.0,Delivered
6001,2026-08-01,19,5,1,2,5.0,Delivered
6002,2026-08-01,19,6,1,1,5.0,Delivered
6003,2026-08-01,25,3,1,1,10.0,Delivered
6004,2026-08-01,25,7,1,1,10.0,Delivered
6005,2026-08-01,31,1,1,1,7.0,Delivered
6006,2026-08-01,31,4,1,1,5.0,Delivered
6007,2026-08-01,31,5,1,1,5.0,Delivered
6008,2026-08-01,37,4,1,2,5.0,Delivered
6009,2026-08-01,37,7,1,1,10.0,Delivered
6010,2026-08-01,43,6,1,1,5.0,Delivered
6011,2026-08-01,49,4,1,1,5.0,Delivered
6012,2026-08-01,49,7,1,1,10.0,Delivered
6013,2026-08-01,55,5,1,1,5.0,Delivered
6014,2026-08-01,61,1,1,1,7.0,Delivered
6015,2026-08-01,2,1,2,1,7.0,Delivered
6016,2026-08-01,2,3,2,1,10.0,Delivered
6017,2026-08-01,8,5,2,1,5.0,Delivered
6018,2026-08-01,14,4,2,1,5.0,Delivered
6019,2026-08-01,20,1,2,1,7.0,Delivered
6020,2026-08-01,20,2,2,1,5.5,Delivered
6021,2026-08-01,20,7,2,1,10.0,Delivered
6022,2026-08-01,26,2,2,1,5.5,Delivered
6023,2026-08-01,32,3,2,1,10.0,Delivered
6024,2026-08-01,32,4,2,1,5.0,Delivered
6025,2026-08-01,38,4,2,1,5.0,Delivered
6026,2026-08-01,38,5,2,2,5.0,Delivered
6027,2026-08-01,44,1,2,1,7.0,Delivered
6028,2026-08-01,50,3,2,1,10.0,Delivered
6029,2026-08-01,50,4,2,1,5.0,Delivered
6030,2026-08-01,56,1,2,1,7.0,Delivered
6031,2026-08-01,56,2,2,1,5.5,Delivered
6032,2026-08-01,62,3,2,1,10.0,Delivered
6033,2026-08-01,64,1,2,1,7.0,Delivered
6034,2026-08-01,64,2,2,1,5.5,Delivered
6035,2026-08-01,65,3,2,2,10.0,Delivered
6036,2026-08-01,3,1,3,1,7.0,Delivered
6037,2026-08-01,3,2,3,1,5.5,Delivered
6038,2026-08-01,3,6,3,1,5.0,Delivered
6039,2026-08-01,9,7,3,2,10.0,Delivered
6040,2026-08-01,15,2,3,1,5.5,Delivered
6041,2026-08-01,15,4,3,2,5.0,Delivered
6042,2026-08-01,15,5,3,1,5.0,Delivered
6043,2026-08-01,21,1,3,2,7.0,Delivered
6044,2026-08-01,27,1,3,1,7.0,Delivered
6045,2026-08-01,27,4,3,1,5.0,Delivered
6046,2026-08-01,27,5,3,1,5.0,Delivered
6047,2026-08-01,33,6,3,1,5.0,Delivered
6048,2026-08-01,39,3,3,1,10.0,Delivered
6049,2026-08-01,45,1,3,1,7.0,Delivered
6050,2026-08-01,45,2,3,1,5.5,Delivered
6051,2026-08-01,51,3,3,1,10.0,Delivered
6052,2026-08-01,51,4,3,1,5.0,Delivered
6053,2026-08-01,57,1,3,1,7.0,Delivered
6054,2026-08-01,4,2,4,1,5.5,Delivered
6055,2026-08-01,10,1,4,1,7.0,Delivered
6056,2026-08-01,10,3,4,1,10.0,Delivered
6057,2026-08-01,10,5,4,1,5.0,Delivered
6058,2026-08-01,16,2,4,1,5.5,Delivered
6059,2026-08-01,22,1,4,1,7.0,Delivered
6060,2026-08-01,22,5,4,1,5.0,Delivered
6061,2026-08-01,28,1,4,1,7.0,Delivered
6062,2026-08-01,28,5,4,1,5.0,Delivered
6063,2026-08-01,34,3,4,1,10.0,Delivered
6064,2026-08-01,40,4,4,1,5.0,Delivered
6065,2026-08-01,46,3,4,1,10.0,Delivered
6066,2026-08-01,52,4,4,1,5.0,Delivered
6067,2026-08-01,52,5,4,1,5.0,Delivered
6068,2026-08-01,58,2,4,2,5.5,Delivered
6069,2026-08-01,67,2,4,1,5.5,Delivered
6070,2026-08-01,5,1,5,1,7.0,Delivered
6071,2026-08-01,11,4,5,1,5.0,Delivered
6072,2026-08-01,17,2,5,1,5.5,Delivered
6073,2026-08-01,17,5,5,1,5.0,Delivered
6074,2026-08-01,23,2,5,1,5.5,Delivered
6075,2026-08-01,29,3,5,1,10.0,Delivered
6076,2026-08-01,29,4,5,1,5.0,Delivered
6077,2026-08-01,35,2,5,2,5.5,Delivered
6078,2026-08-01,35,6,5,1,5.0,Delivered
6079,2026-08-01,41,1,5,1,7.0,Delivered
6080,2026-08-01,47,1,5,1,7.0,Delivered
6081,2026-08-01,47,2,5,1,5.5,Delivered
6082,2026-08-01,47,5,5,1,5.0,Delivered
6083,2026-08-01,53,2,5,1,5.5,Delivered
6084,2026-08-01,53,3,5,1,10.0,Delivered
6085,2026-08-01,59,3,5,1,10.0,Delivered
6086,2026-08-01,63,2,5,1,5.5,Delivered
6087,2026-08-01,63,4,5,2,5.0,Delivered
6088,2026-08-01,6,6,5,1,5.0,Delivered
6089,2026-08-01,12,6,5,1,5.0,Delivered
6090,2026-08-01,18,4,5,1,5.0,Delivered
6091,2026-08-01,24,7,5,1,10.0,Delivered
6092,2026-08-01,30,3,5,1,10.0,Delivered
6093,2026-08-01,36,8,5,1,6.0,Delivered
6094,2026-08-01,42,1,5,1,7.0,Delivered
6095,2026-08-01,48,7,5,1,10.0,Delivered
6096,2026-08-01,54,4,5,1,5.0,Delivered
6097,2026-08-01,60,1,5,1,7.0,Delivered
6098,2026-08-01,60,3,5,1,10.0,Delivered
6099,2026-08-01,66,3,5,1,10.0,Delivered
6100,2026-08-01,66,6,5,1,5.0,Delivered
6101,2026-08-02,1,2,1,2,5.5,Delivered
6102,2026-08-02,1,4,1,1,5.0,Delivered
6103,2026-08-02,7,3,1,1,10.0,Delivered
6104,2026-08-02,7,8,1,1,6.0,Delivered
6105,2026-08-02,13,5,1,1,5.0,Delivered
6106,2026-08-02,19,1,1,2,7.0,Delivered
6107,2026-08-02,19,5,1,2,5.0,Delivered
6108,2026-08-02,19,6,1,1,5.0,Delivered
6109,2026-08-02,25,3,1,1,10.0,Delivered
6110,2026-08-02,25,7,1,1,10.0,Delivered
6111,2026-08-02,31,1,1,1,7.0,Delivered
6112,2026-08-02,31,4,1,1,5.0,Delivered
6113,2026-08-02,31,5,1,1,5.0,Delivered
6114,2026-08-02,37,4,1,2,5.0,Delivered
6115,2026-08-02,37,7,1,1,10.0,Delivered
6116,2026-08-02,43,6,1,1,5.0,Delivered
6117,2026-08-02,49,4,1,1,5.0,Delivered
6118,2026-08-02,49,7,1,1,10.0,Delivered
6119,2026-08-02,55,5,1,1,5.0,Delivered
6120,2026-08-02,61,1,1,1,7.0,Delivered
6121,2026-08-02,2,1,2,1,7.0,Delivered
6122,2026-08-02,2,3,2,1,10.0,Delivered
6123,2026-08-02,8,5,2,1,5.0,Delivered
6124,2026-08-02,14,4,2,1,5.0,Delivered
6125,2026-08-02,20,1,2,1,7.0,Delivered
6126,2026-08-02,20,2,2,1,5.5,Delivered
6127,2026-08-02,20,7,2,1,10.0,Delivered
6128,2026-08-02,26,2,2,1,5.5,Delivered
6129,2026-08-02,32,3,2,1,10.0,Delivered
6130,2026-08-02,32,4,2,1,5.0,Delivered
6131,2026-08-02,38,4,2,1,5.0,Delivered
6132,2026-08-02,38,5,2,2,5.0,Delivered
6133,2026-08-02,44,1,2,1,7.0,Delivered
6134,2026-08-02,50,3,2,1,10.0,Delivered
6135,2026-08-02,50,4,2,1,5.0,Delivered
6136,2026-08-02,56,1,2,1,7.0,Delivered
6137,2026-08-02,56,2,2,1,5.5,Delivered
6138,2026-08-02,62,3,2,1,10.0,Delivered
6139,2026-08-02,64,1,2,1,7.0,Delivered
6140,2026-08-02,64,2,2,1,5.5,Delivered
6141,2026-08-02,65,3,2,2,10.0,Delivered
6142,2026-08-02,3,1,3,1,7.0,Delivered
6143,2026-08-02,3,2,3,1,5.5,Delivered
6144,2026-08-02,3,6,3,1,5.0,Delivered
6145,2026-08-02,9,7,3,2,10.0,Delivered
6146,2026-08-02,15,2,3,1,5.5,Delivered
6147,2026-08-02,15,4,3,2,5.0,Delivered
6148,2026-08-02,15,5,3,1,5.0,Delivered
6149,2026-08-02,21,1,3,2,7.0,Delivered
6150,2026-08-02,27,1,3,1,7.0,Delivered
6151,2026-08-02,27,4,3,1,5.0,Delivered
6152,2026-08-02,27,5,3,1,5.0,Delivered
6153,2026-08-02,33,6,3,1,5.0,Delivered
6154,2026-08-02,39,3,3,1,10.0,Delivered
6155,2026-08-02,45,1,3,1,7.0,Delivered
6156,2026-08-02,45,2,3,1,5.5,Delivered
6157,2026-08-02,51,3,3,1,10.0,Delivered
6158,2026-08-02,51,4,3,1,5.0,Delivered
6159,2026-08-02,57,1,3,1,7.0,Delivered
6160,2026-08-02,4,2,4,1,5.5,Delivered
6161,2026-08-02,10,1,4,1,7.0,Delivered
6162,2026-08-02,10,3,4,1,10.0,Delivered
6163,2026-08-02,10,5,4,1,5.0,Delivered
6164,2026-08-02,16,2,4,1,5.5,Delivered
6165,2026-08-02,22,1,4,1,7.0,Delivered
6166,2026-08-02,22,5,4,1,5.0,Delivered
6167,2026-08-02,28,1,4,1,7.0,Delivered
6168,2026-08-02,28,5,4,1,5.0,Delivered
6169,2026-08-02,34,3,4,1,10.0,Delivered
6170,2026-08-02,40,4,4,1,5.0,Delivered
6171,2026-08-02,46,3,4,1,10.0,Delivered
6172,2026-08-02,52,4,4,1,5.0,Delivered
6173,2026-08-02,52,5,4,1,5.0,Delivered
6174,2026-08-02,58,2,4,2,5.5,Delivered
6175,2026-08-02,67,2,4,1,5.5,Delivered
6176,2026-08-02,5,1,5,1,7.0,Delivered
6177,2026-08-02,11,4,5,1,5.0,Delivered
6178,2026-08-02,17,2,5,1,5.5,Delivered
6179,2026-08-02,17,5,5,1,5.0,Delivered
6180,2026-08-02,23,2,5,1,5.5,Delivered
6181,2026-08-02,29,3,5,1,10.0,Delivered
6182,2026-08-02,29,4,5,1,5.0,Delivered
6183,2026-08-02,35,2,5,2,5.5,Delivered
6184,2026-08-02,35,6,5,1,5.0,Delivered
6185,2026-08-02,41,1,5,1,7.0,Delivered
6186,2026-08-02,47,1,5,1,7.0,Delivered
6187,2026-08-02,47,2,5,1,5.5,Delivered
6188,2026-08-02,47,5,5,1,5.0,Delivered
6189,2026-08-02,53,2,5,1,5.5,Delivered
6190,2026-08-02,53,3,5,1,10.0,Delivered
6191,2026-08-02,59,3,5,1,10.0,Delivered
6192,2026-08-02,63,2,5,1,5.5,Delivered
6193,2026-08-02,63,4,5,2,5.0,Delivered
6194,2026-08-02,6,6,5,1,5.0,Delivered
6195,2026-08-02,12,6,5,1,5.0,Delivered
6196,2026-08-02,18,4,5,1,5.0,Delivered
6197,2026-08-02,24,7,5,1,10.0,Delivered
6198,2026-08-02,30,3,5,1,10.0,Delivered
6199,2026-08-02,36,8,5,1,6.0,Delivered
6200,2026-08-02,42,1,5,1,7.0,Delivered
6201,2026-08-02,48,7,5,1,10.0,Delivered
6202,2026-08-02,54,4,5,1,5.0,Delivered
6203,2026-08-02,60,1,5,1,7.0,Delivered
6204,2026-08-02,60,3,5,1,10.0,Delivered
6205,2026-08-02,66,3,5,1,10.0,Delivered
6206,2026-08-02,66,6,5,1,5.0,Delivered
6207,2026-08-03,1,2,1,2,5.5,Delivered
6208,2026-08-03,1,4,1,1,5.0,Delivered
6209,2026-08-03,7,3,1,1,10.0,Delivered
6210,2026-08-03,7,8,1,1,6.0,Delivered
6211,2026-08-03,13,5,1,1,5.0,Delivered
6212,2026-08-03,19,1,1,2,7.0,Delivered
6213,2026-08-03,19,5,1,2,5.0,Delivered
6214,2026-08-03,19,6,1,1,5.0,Delivered
6215,2026-08-03,25,3,1,1,10.0,Delivered
6216,2026-08-03,25,7,1,1,10.0,Delivered
6217,2026-08-03,31,1,1,1,7.0,Delivered
6218,2026-08-03,31,4,1,1,5.0,Delivered
6219,2026-08-03,31,5,1,1,5.0,Delivered
6220,2026-08-03,37,4,1,2,5.0,Delivered
6221,2026-08-03,37,7,1,1,10.0,Delivered
6222,2026-08-03,43,6,1,1,5.0,Delivered
6223,2026-08-03,49,4,1,1,5.0,Delivered
6224,2026-08-03,49,7,1,1,10.0,Delivered
6225,2026-08-03,55,5,1,1,5.0,Delivered
6226,2026-08-03,61,1,1,1,7.0,Delivered
6227,2026-08-03,2,1,2,1,7.0,Delivered
6228,2026-08-03,2,3,2,1,10.0,Delivered
6229,2026-08-03,8,5,2,1,5.0,Delivered
6230,2026-08-03,14,4,2,1,5.0,Delivered
6231,2026-08-03,20,1,2,1,7.0,Delivered
6232,2026-08-03,20,2,2,1,5.5,Delivered
6233,2026-08-03,20,7,2,1,10.0,Delivered
6234,2026-08-03,26,2,2,1,5.5,Delivered
6235,2026-08-03,32,3,2,1,10.0,Delivered
6236,2026-08-03,32,4,2,1,5.0,Delivered
6237,2026-08-03,38,4,2,1,5.0,Delivered
6238,2026-08-03,38,5,2,2,5.0,Delivered
6239,2026-08-03,44,1,2,1,7.0,Delivered
6240,2026-08-03,50,3,2,1,10.0,Delivered
6241,2026-08-03,50,4,2,1,5.0,Delivered
6242,2026-08-03,56,1,2,1,7.0,Delivered
6243,2026-08-03,56,2,2,1,5.5,Delivered
6244,2026-08-03,62,3,2,1,10.0,Delivered
6245,2026-08-03,64,1,2,1,7.0,Delivered
6246,2026-08-03,64,2,2,1,5.5,Delivered
6247,2026-08-03,65,3,2,2,10.0,Delivered
6248,2026-08-03,3,1,3,1,7.0,Delivered
6249,2026-08-03,3,2,3,1,5.5,Delivered
6250,2026-08-03,3,6,3,1,5.0,Delivered
6251,2026-08-03,9,7,3,2,10.0,Delivered
6252,2026-08-03,15,2,3,1,5.5,Delivered
6253,2026-08-03,15,4,3,2,5.0,Delivered
6254,2026-08-03,15,5,3,1,5.0,Delivered
6255,2026-08-03,21,1,3,2,7.0,Delivered
6256,2026-08-03,27,1,3,1,7.0,Delivered
6257,2026-08-03,27,4,3,1,5.0,Delivered
6258,2026-08-03,27,5,3,1,5.0,Delivered
6259,2026-08-03,33,6,3,1,5.0,Delivered
6260,2026-08-03,39,3,3,1,10.0,Delivered
6261,2026-08-03,45,1,3,1,7.0,Delivered
6262,2026-08-03,45,2,3,1,5.5,Delivered
6263,2026-08-03,51,3,3,1,10.0,Delivered
6264,2026-08-03,51,4,3,1,5.0,Delivered
6265,2026-08-03,57,1,3,1,7.0,Delivered
6266,2026-08-03,4,2,4,1,5.5,Delivered
6267,2026-08-03,10,1,4,1,7.0,Delivered
6268,2026-08-03,10,3,4,1,10.0,Delivered
6269,2026-08-03,10,5,4,1,5.0,Delivered
6270,2026-08-03,16,2,4,1,5.5,Delivered
6271,2026-08-03,22,1,4,1,7.0,Delivered
6272,2026-08-03,22,5,4,1,5.0,Delivered
6273,2026-08-03,28,1,4,1,7.0,Delivered
6274,2026-08-03,28,5,4,1,5.0,Delivered
6275,2026-08-03,34,3,4,1,10.0,Delivered
6276,2026-08-03,40,4,4,1,5.0,Delivered
6277,2026-08-03,46,3,4,1,10.0,Delivered
6278,2026-08-03,52,4,4,1,5.0,Delivered
6279,2026-08-03,52,5,4,1,5.0,Delivered
6280,2026-08-03,58,2,4,2,5.5,Delivered
6281,2026-08-03,67,2,4,1,5.5,Delivered
6282,2026-08-03,5,1,5,1,7.0,Delivered
6283,2026-08-03,11,4,5,1,5.0,Delivered
6284,2026-08-03,17,2,5,1,5.5,Delivered
6285,2026-08-03,17,5,5,1,5.0,Delivered
6286,2026-08-03,23,2,5,1,5.5,Delivered
6287,2026-08-03,29,3,5,1,10.0,Delivered
6288,2026-08-03,29,4,5,1,5.0,Delivered
6289,2026-08-03,35,2,5,2,5.5,Delivered
6290,2026-08-03,35,6,5,1,5.0,Delivered
6291,2026-08-03,41,1,5,1,7.0,Delivered
6292,2026-08-03,47,1,5,1,7.0,Delivered
6293,2026-08-03,47,2,5,1,5.5,Delivered
6294,2026-08-03,47,5,5,1,5.0,Delivered
6295,2026-08-03,53,2,5,1,5.5,Failed
6296,2026-08-03,53,3,5,1,10.0,Delivered
6297,2026-08-03,59,3,5,1,10.0,Delivered
6298,2026-08-03,63,2,5,1,5.5,Delivered
6299,2026-08-03,63,4,5,2,5.0,Delivered
6300,2026-08-03,6,6,5,1,5.0,Delivered
6301,2026-08-03,12,6,5,1,5.0,Delivered
6302,2026-08-03,18,4,5,1,5.0,Delivered
6303,2026-08-03,24,7,5,1,10.0,Delivered
6304,2026-08-03,30,3,5,1,10.0,Delivered
6305,2026-08-03,36,8,5,1,6.0,Delivered
6306,2026-08-03,42,1,5,1,7.0,Delivered
6307,2026-08-03,48,7,5,1,10.0,Delivered
6308,2026-08-03,54,4,5,1,5.0,Delivered
6309,2026-08-03,60,1,5,1,7.0,Delivered
6310,2026-08-03,60,3,5,1,10.0,Delivered
6311,2026-08-03,66,3,5,1,10.0,Delivered
6312,2026-08-03,66,6,5,1,5.0,Delivered
6313,2026-08-04,1,2,1,2,5.5,Delivered
6314,2026-08-04,1,4,1,1,5.0,Delivered
6315,2026-08-04,7,3,1,1,10.0,Delivered
6316,2026-08-04,7,8,1,1,6.0,Delivered
6317,2026-08-04,13,5,1,1,5.0,Delivered
6318,2026-08-04,19,1,1,2,7.0,Delivered
6319,2026-08-04,19,5,1,2,5.0,Delivered
6320,2026-08-04,19,6,1,1,5.0,Delivered
6321,2026-08-04,25,3,1,1,10.0,Delivered
6322,2026-08-04,25,7,1,1,10.0,Delivered
6323,2026-08-04,31,1,1,1,7.0,Delivered
6324,2026-08-04,31,4,1,1,5.0,Delivered
6325,2026-08-04,31,5,1,1,5.0,Delivered
6326,2026-08-04,37,4,1,2,5.0,Delivered
6327,2026-08-04,37,7,1,1,10.0,Delivered
6328,2026-08-04,43,6,1,1,5.0,Delivered
6329,2026-08-04,49,4,1,1,5.0,Delivered
6330,2026-08-04,49,7,1,1,10.0,Delivered
6331,2026-08-04,55,5,1,1,5.0,Delivered
6332,2026-08-04,61,1,1,1,7.0,Delivered
6333,2026-08-04,2,1,2,1,7.0,Delivered
6334,2026-08-04,2,3,2,1,10.0,Delivered
6335,2026-08-04,8,5,2,1,5.0,Delivered
6336,2026-08-04,14,4,2,1,5.0,Delivered
6337,2026-08-04,20,1,2,1,7.0,Delivered
6338,2026-08-04,20,2,2,1,5.5,Delivered
6339,2026-08-04,20,7,2,1,10.0,Delivered
6340,2026-08-04,26,2,2,1,5.5,Delivered
6341,2026-08-04,32,3,2,1,10.0,Delivered
6342,2026-08-04,32,4,2,1,5.0,Delivered
6343,2026-08-04,38,4,2,1,5.0,Delivered
6344,2026-08-04,38,5,2,2,5.0,Delivered
6345,2026-08-04,44,1,2,1,7.0,Delivered
6346,2026-08-04,50,3,2,1,10.0,Delivered
6347,2026-08-04,50,4,2,1,5.0,Delivered
6348,2026-08-04,56,1,2,1,7.0,Delivered
6349,2026-08-04,56,2,2,1,5.5,Delivered
6350,2026-08-04,62,3,2,1,10.0,Delivered
6351,2026-08-04,64,1,2,1,7.0,Delivered
6352,2026-08-04,64,2,2,1,5.5,Delivered
6353,2026-08-04,65,3,2,2,10.0,Delivered
6354,2026-08-04,3,1,3,1,7.0,Delivered
6355,2026-08-04,3,2,3,1,5.5,Delivered
6356,2026-08-04,3,6,3,1,5.0,Delivered
6357,2026-08-04,9,7,3,2,10.0,Delivered
6358,2026-08-04,15,2,3,1,5.5,Delivered
6359,2026-08-04,15,4,3,2,5.0,Delivered
6360,2026-08-04,15,5,3,1,5.0,Delivered
6361,2026-08-04,21,1,3,2,7.0,Delivered
6362,2026-08-04,27,1,3,1,7.0,Delivered
6363,2026-08-04,27,4,3,1,5.0,Delivered
6364,2026-08-04,27,5,3,1,5.0,Delivered
6365,2026-08-04,33,6,3,1,5.0,Delivered
6366,2026-08-04,39,3,3,1,10.0,Delivered
6367,2026-08-04,45,1,3,1,7.0,Delivered
6368,2026-08-04,45,2,3,1,5.5,Delivered
6369,2026-08-04,51,3,3,1,10.0,Delivered
6370,2026-08-04,51,4,3,1,5.0,Delivered
6371,2026-08-04,57,1,3,1,7.0,Delivered
6372,2026-08-04,4,2,4,1,5.5,Delivered
6373,2026-08-04,10,1,4,1,7.0,Delivered
6374,2026-08-04,10,3,4,1,10.0,Delivered
6375,2026-08-04,10,5,4,1,5.0,Delivered
6376,2026-08-04,16,2,4,1,5.5,Delivered
6377,2026-08-04,22,1,4,1,7.0,Delivered
6378,2026-08-04,22,5,4,1,5.0,Delivered
6379,2026-08-04,28,1,4,1,7.0,Delivered
6380,2026-08-04,28,5,4,1,5.0,Delivered
6381,2026-08-04,34,3,4,1,10.0,Delivered
6382,2026-08-04,40,4,4,1,5.0,Delivered
6383,2026-08-04,46,3,4,1,10.0,Delivered
6384,2026-08-04,52,4,4,1,5.0,Delivered
6385,2026-08-04,52,5,4,1,5.0,Delivered
6386,2026-08-04,58,2,4,2,5.5,Failed
6387,2026-08-04,67,2,4,1,5.5,Delivered
6388,2026-08-04,5,1,5,1,7.0,Delivered
6389,2026-08-04,11,4,5,1,5.0,Delivered
6390,2026-08-04,17,2,5,1,5.5,Delivered
6391,2026-08-04,17,5,5,1,5.0,Delivered
6392,2026-08-04,23,2,5,1,5.5,Delivered
6393,2026-08-04,29,3,5,1,10.0,Delivered
6394,2026-08-04,29,4,5,1,5.0,Delivered
6395,2026-08-04,35,2,5,2,5.5,Delivered
6396,2026-08-04,35,6,5,1,5.0,Delivered
6397,2026-08-04,41,1,5,1,7.0,Failed
6398,2026-08-04,47,1,5,1,7.0,Delivered
6399,2026-08-04,47,2,5,1,5.5,Delivered
6400,2026-08-04,47,5,5,1,5.0,Delivered
6401,2026-08-04,53,2,5,1,5.5,Delivered
6402,2026-08-04,53,3,5,1,10.0,Delivered
6403,2026-08-04,59,3,5,1,10.0,Delivered
6404,2026-08-04,63,2,5,1,5.5,Delivered
6405,2026-08-04,63,4,5,2,5.0,Delivered
6406,2026-08-04,6,6,5,1,5.0,Delivered
6407,2026-08-04,12,6,5,1,5.0,Delivered
6408,2026-08-04,18,4,5,1,5.0,Delivered
6409,2026-08-04,24,7,5,1,10.0,Delivered
6410,2026-08-04,30,3,5,1,10.0,Delivered
6411,2026-08-04,36,8,5,1,6.0,Delivered
6412,2026-08-04,42,1,5,1,7.0,Delivered
6413,2026-08-04,48,7,5,1,10.0,Delivered
6414,2026-08-04,54,4,5,1,5.0,Delivered
6415,2026-08-04,60,1,5,1,7.0,Delivered
6416,2026-08-04,60,3,5,1,10.0,Delivered
6417,2026-08-04,66,3,5,1,10.0,Delivered
6418,2026-08-04,66,6,5,1,5.0,Delivered
6419,2026-08-05,1,2,1,2,5.5,Delivered
6420,2026-08-05,1,4,1,1,5.0,Delivered
6421,2026-08-05,7,3,1,1,10.0,Delivered
6422,2026-08-05,7,8,1,1,6.0,Delivered
6423,2026-08-05,13,5,1,1,5.0,Delivered
6424,2026-08-05,19,1,1,2,7.0,Delivered
6425,2026-08-05,19,5,1,2,5.0,Delivered
6426,2026-08-05,19,6,1,1,5.0,Delivered
6427,2026-08-05,25,3,1,1,10.0,Delivered
6428,2026-08-05,25,7,1,1,10.0,Delivered
6429,2026-08-05,31,1,1,1,7.0,Delivered
6430,2026-08-05,31,4,1,1,5.0,Delivered
6431,2026-08-05,31,5,1,1,5.0,Delivered
6432,2026-08-05,37,4,1,2,5.0,Delivered
6433,2026-08-05,37,7,1,1,10.0,Delivered
6434,2026-08-05,43,6,1,1,5.0,Delivered
6435,2026-08-05,49,4,1,1,5.0,Delivered
6436,2026-08-05,49,7,1,1,10.0,Delivered
6437,2026-08-05,55,5,1,1,5.0,Delivered
6438,2026-08-05,61,1,1,1,7.0,Delivered
6439,2026-08-05,2,1,2,1,7.0,Delivered
6440,2026-08-05,2,3,2,1,10.0,Delivered
6441,2026-08-05,8,5,2,1,5.0,Delivered
6442,2026-08-05,14,4,2,1,5.0,Delivered
6443,2026-08-05,20,1,2,1,7.0,Delivered
6444,2026-08-05,20,2,2,1,5.5,Delivered
6445,2026-08-05,20,7,2,1,10.0,Delivered
6446,2026-08-05,26,2,2,1,5.5,Delivered
6447,2026-08-05,32,3,2,1,10.0,Failed
6448,2026-08-05,32,4,2,1,5.0,Failed
6449,2026-08-05,38,4,2,1,5.0,Delivered
6450,2026-08-05,38,5,2,2,5.0,Delivered
6451,2026-08-05,44,1,2,1,7.0,Delivered
6452,2026-08-05,50,3,2,1,10.0,Delivered
6453,2026-08-05,50,4,2,1,5.0,Delivered
6454,2026-08-05,56,1,2,1,7.0,Delivered
6455,2026-08-05,56,2,2,1,5.5,Delivered
6456,2026-08-05,62,3,2,1,10.0,Delivered
6457,2026-08-05,64,1,2,1,7.0,Delivered
6458,2026-08-05,64,2,2,1,5.5,Delivered
6459,2026-08-05,65,3,2,2,10.0,Delivered
6460,2026-08-05,3,1,3,1,7.0,Delivered
6461,2026-08-05,3,2,3,1,5.5,Delivered
6462,2026-08-05,3,6,3,1,5.0,Delivered
6463,2026-08-05,9,7,3,2,10.0,Delivered
6464,2026-08-05,15,2,3,1,5.5,Delivered
6465,2026-08-05,15,4,3,2,5.0,Delivered
6466,2026-08-05,15,5,3,1,5.0,Delivered
6467,2026-08-05,21,1,3,2,7.0,Delivered
6468,2026-08-05,27,1,3,1,7.0,Delivered
6469,2026-08-05,27,4,3,1,5.0,Delivered
6470,2026-08-05,27,5,3,1,5.0,Delivered
6471,2026-08-05,33,6,3,1,5.0,Delivered
6472,2026-08-05,39,3,3,1,10.0,Delivered
6473,2026-08-05,45,1,3,1,7.0,Delivered
6474,2026-08-05,45,2,3,1,5.5,Delivered
6475,2026-08-05,51,3,3,1,10.0,Delivered
6476,2026-08-05,51,4,3,1,5.0,Delivered
6477,2026-08-05,57,1,3,1,7.0,Delivered
6478,2026-08-05,4,2,4,1,5.5,Delivered
6479,2026-08-05,10,1,4,1,7.0,Delivered
6480,2026-08-05,10,3,4,1,10.0,Delivered
6481,2026-08-05,10,5,4,1,5.0,Delivered
6482,2026-08-05,16,2,4,1,5.5,Delivered
6483,2026-08-05,22,1,4,1,7.0,Delivered
6484,2026-08-05,22,5,4,1,5.0,Delivered
6485,2026-08-05,28,1,4,1,7.0,Delivered
6486,2026-08-05,28,5,4,1,5.0,Delivered
6487,2026-08-05,34,3,4,1,10.0,Delivered
6488,2026-08-05,40,4,4,1,5.0,Delivered
6489,2026-08-05,46,3,4,1,10.0,Delivered
6490,2026-08-05,52,4,4,1,5.0,Delivered
6491,2026-08-05,52,5,4,1,5.0,Delivered
6492,2026-08-05,58,2,4,2,5.5,Delivered
6493,2026-08-05,67,2,4,1,5.5,Delivered
6494,2026-08-05,5,1,5,1,7.0,Delivered
6495,2026-08-05,11,4,5,1,5.0,Delivered
6496,2026-08-05,17,2,5,1,5.5,Delivered
6497,2026-08-05,17,5,5,1,5.0,Delivered
6498,2026-08-05,23,2,5,1,5.5,Delivered
6499,2026-08-05,29,3,5,1,10.0,Delivered
6500,2026-08-05,29,4,5,1,5.0,Delivered
6501,2026-08-05,35,2,5,2,5.5,Delivered
6502,2026-08-05,35,6,5,1,5.0,Delivered
6503,2026-08-05,41,1,5,1,7.0,Delivered
6504,2026-08-05,47,1,5,1,7.0,Delivered
6505,2026-08-05,47,2,5,1,5.5,Delivered
6506,2026-08-05,47,5,5,1,5.0,Delivered
6507,2026-08-05,53,2,5,1,5.5,Delivered
6508,2026-08-05,53,3,5,1,10.0,Delivered
6509,2026-08-05,59,3,5,1,10.0,Delivered
6510,2026-08-05,63,2,5,1,5.5,Delivered
6511,2026-08-05,63,4,5,2,5.0,Delivered
6512,2026-08-05,6,6,5,1,5.0,Delivered
6513,2026-08-05,12,6,5,1,5.0,Delivered
6514,2026-08-05,18,4,5,1,5.0,Delivered
6515,2026-08-05,24,7,5,1,10.0,Delivered
6516,2026-08-05,30,3,5,1,10.0,Delivered
6517,2026-08-05,36,8,5,1,6.0,Delivered
6518,2026-08-05,42,1,5,1,7.0,Delivered
6519,2026-08-05,48,7,5,1,10.0,Delivered
6520,2026-08-05,54,4,5,1,5.0,Delivered
6521,2026-08-05,60,1,5,1,7.0,Delivered
6522,2026-08-05,60,3,5,1,10.0,Delivered
6523,2026-08-05,66,3,5,1,10.0,Delivered
6524,2026-08-05,66,6,5,1,5.0,Delivered
6525,2026-08-06,1,2,1,2,5.5,Delivered
6526,2026-08-06,1,4,1,1,5.0,Delivered
6527,2026-08-06,7,3,1,1,10.0,Delivered
6528,2026-08-06,7,8,1,1,6.0,Delivered
6529,2026-08-06,13,5,1,1,5.0,Delivered
6530,2026-08-06,19,1,1,2,7.0,Delivered
6531,2026-08-06,19,5,1,2,5.0,Delivered
6532,2026-08-06,19,6,1,1,5.0,Delivered
6533,2026-08-06,25,3,1,1,10.0,Delivered
6534,2026-08-06,25,7,1,1,10.0,Delivered
6535,2026-08-06,31,1,1,1,7.0,Delivered
6536,2026-08-06,31,4,1,1,5.0,Delivered
6537,2026-08-06,31,5,1,1,5.0,Delivered
6538,2026-08-06,37,4,1,2,5.0,Delivered
6539,2026-08-06,37,7,1,1,10.0,Delivered
6540,2026-08-06,43,6,1,1,5.0,Delivered
6541,2026-08-06,49,4,1,1,5.0,Delivered
6542,2026-08-06,49,7,1,1,10.0,Delivered
6543,2026-08-06,55,5,1,1,5.0,Delivered
6544,2026-08-06,61,1,1,1,7.0,Delivered
6545,2026-08-06,2,1,2,1,7.0,Delivered
6546,2026-08-06,2,3,2,1,10.0,Delivered
6547,2026-08-06,8,5,2,1,5.0,Delivered
6548,2026-08-06,14,4,2,1,5.0,Delivered
6549,2026-08-06,20,1,2,1,7.0,Delivered
6550,2026-08-06,20,2,2,1,5.5,Delivered
6551,2026-08-06,20,7,2,1,10.0,Delivered
6552,2026-08-06,26,2,2,1,5.5,Failed
6553,2026-08-06,32,3,2,1,10.0,Delivered
6554,2026-08-06,32,4,2,1,5.0,Delivered
6555,2026-08-06,38,4,2,1,5.0,Delivered
6556,2026-08-06,38,5,2,2,5.0,Delivered
6557,2026-08-06,44,1,2,1,7.0,Delivered
6558,2026-08-06,50,3,2,1,10.0,Delivered
6559,2026-08-06,50,4,2,1,5.0,Delivered
6560,2026-08-06,56,1,2,1,7.0,Delivered
6561,2026-08-06,56,2,2,1,5.5,Delivered
6562,2026-08-06,62,3,2,1,10.0,Delivered
6563,2026-08-06,64,1,2,1,7.0,Delivered
6564,2026-08-06,64,2,2,1,5.5,Delivered
6565,2026-08-06,65,3,2,2,10.0,Delivered
6566,2026-08-06,3,1,3,1,7.0,Delivered
6567,2026-08-06,3,2,3,1,5.5,Delivered
6568,2026-08-06,3,6,3,1,5.0,Delivered
6569,2026-08-06,9,7,3,2,10.0,Delivered
6570,2026-08-06,15,2,3,1,5.5,Delivered
6571,2026-08-06,15,4,3,2,5.0,Delivered
6572,2026-08-06,15,5,3,1,5.0,Delivered
6573,2026-08-06,21,1,3,2,7.0,Delivered
6574,2026-08-06,27,1,3,1,7.0,Delivered
6575,2026-08-06,27,4,3,1,5.0,Delivered
6576,2026-08-06,27,5,3,1,5.0,Delivered
6577,2026-08-06,33,6,3,1,5.0,Delivered
6578,2026-08-06,39,3,3,1,10.0,Delivered
6579,2026-08-06,45,1,3,1,7.0,Delivered
6580,2026-08-06,45,2,3,1,5.5,Delivered
6581,2026-08-06,51,3,3,1,10.0,Delivered
6582,2026-08-06,51,4,3,1,5.0,Delivered
6583,2026-08-06,57,1,3,1,7.0,Delivered
6584,2026-08-06,4,2,4,1,5.5,Delivered
6585,2026-08-06,10,1,4,1,7.0,Delivered
6586,2026-08-06,10,3,4,1,10.0,Delivered
6587,2026-08-06,10,5,4,1,5.0,Delivered
6588,2026-08-06,16,2,4,1,5.5,Delivered
6589,2026-08-06,22,1,4,1,7.0,Delivered
6590,2026-08-06,22,5,4,1,5.0,Delivered
6591,2026-08-06,28,1,4,1,7.0,Delivered
6592,2026-08-06,28,5,4,1,5.0,Delivered
6593,2026-08-06,34,3,4,1,10.0,Delivered
6594,2026-08-06,40,4,4,1,5.0,Delivered
6595,2026-08-06,46,3,4,1,10.0,Delivered
6596,2026-08-06,52,4,4,1,5.0,Delivered
6597,2026-08-06,52,5,4,1,5.0,Delivered
6598,2026-08-06,58,2,4,2,5.5,Delivered
6599,2026-08-06,67,2,4,1,5.5,Delivered
6600,2026-08-06,5,1,5,1,7.0,Delivered
6601,2026-08-06,11,4,5,1,5.0,Delivered
6602,2026-08-06,17,2,5,1,5.5,Delivered
6603,2026-08-06,17,5,5,1,5.0,Delivered
6604,2026-08-06,23,2,5,1,5.5,Delivered
6605,2026-08-06,29,3,5,1,10.0,Delivered
6606,2026-08-06,29,4,5,1,5.0,Delivered
6607,2026-08-06,35,2,5,2,5.5,Delivered
6608,2026-08-06,35,6,5,1,5.0,Delivered
6609,2026-08-06,41,1,5,1,7.0,Delivered
6610,2026-08-06,47,1,5,1,7.0,Delivered
6611,2026-08-06,47,2,5,1,5.5,Delivered
6612,2026-08-06,47,5,5,1,5.0,Delivered
6613,2026-08-06,53,2,5,1,5.5,Delivered
6614,2026-08-06,53,3,5,1,10.0,Delivered
6615,2026-08-06,59,3,5,1,10.0,Delivered
6616,2026-08-06,63,2,5,1,5.5,Delivered
6617,2026-08-06,63,4,5,2,5.0,Delivered
6618,2026-08-06,6,6,5,1,5.0,Delivered
6619,2026-08-06,12,6,5,1,5.0,Delivered
6620,2026-08-06,18,4,5,1,5.0,Delivered
6621,2026-08-06,24,7,5,1,10.0,Delivered
6622,2026-08-06,30,3,5,1,10.0,Delivered
6623,2026-08-06,36,8,5,1,6.0,Delivered
6624,2026-08-06,42,1,5,1,7.0,Delivered
6625,2026-08-06,48,7,5,1,10.0,Delivered
6626,2026-08-06,54,4,5,1,5.0,Delivered
6627,2026-08-06,60,1,5,1,7.0,Delivered
6628,2026-08-06,60,3,5,1,10.0,Delivered
6629,2026-08-06,66,3,5,1,10.0,Delivered
6630,2026-08-06,66,6,5,1,5.0,Delivered
6631,2026-08-07,1,2,1,2,5.5,Delivered
6632,2026-08-07,1,4,1,1,5.0,Delivered
6633,2026-08-07,7,3,1,1,10.0,Delivered
6634,2026-08-07,7,8,1,1,6.0,Delivered
6635,2026-08-07,13,5,1,1,5.0,Delivered
6636,2026-08-07,19,1,1,2,7.0,Delivered
6637,2026-08-07,19,5,1,2,5.0,Delivered
6638,2026-08-07,19,6,1,1,5.0,Delivered
6639,2026-08-07,25,3,1,1,10.0,Delivered
6640,2026-08-07,25,7,1,1,10.0,Delivered
6641,2026-08-07,31,1,1,1,7.0,Delivered
6642,2026-08-07,31,4,1,1,5.0,Delivered
6643,2026-08-07,31,5,1,1,5.0,Delivered
6644,2026-08-07,37,4,1,2,5.0,Failed
6645,2026-08-07,37,7,1,1,10.0,Delivered
6646,2026-08-07,43,6,1,1,5.0,Delivered
6647,2026-08-07,49,4,1,1,5.0,Delivered
6648,2026-08-07,49,7,1,1,10.0,Delivered
6649,2026-08-07,55,5,1,1,5.0,Delivered
6650,2026-08-07,61,1,1,1,7.0,Delivered
6651,2026-08-07,2,1,2,1,7.0,Delivered
6652,2026-08-07,2,3,2,1,10.0,Delivered
6653,2026-08-07,8,5,2,1,5.0,Delivered
6654,2026-08-07,14,4,2,1,5.0,Delivered
6655,2026-08-07,20,1,2,1,7.0,Delivered
6656,2026-08-07,20,2,2,1,5.5,Delivered
6657,2026-08-07,20,7,2,1,10.0,Delivered
6658,2026-08-07,26,2,2,1,5.5,Delivered
6659,2026-08-07,32,3,2,1,10.0,Delivered
6660,2026-08-07,32,4,2,1,5.0,Delivered
6661,2026-08-07,38,4,2,1,5.0,Delivered
6662,2026-08-07,38,5,2,2,5.0,Delivered
6663,2026-08-07,44,1,2,1,7.0,Delivered
6664,2026-08-07,50,3,2,1,10.0,Delivered
6665,2026-08-07,50,4,2,1,5.0,Delivered
6666,2026-08-07,56,1,2,1,7.0,Delivered
6667,2026-08-07,56,2,2,1,5.5,Delivered
6668,2026-08-07,62,3,2,1,10.0,Delivered
6669,2026-08-07,64,1,2,1,7.0,Delivered
6670,2026-08-07,64,2,2,1,5.5,Delivered
6671,2026-08-07,65,3,2,2,10.0,Delivered
6672,2026-08-07,3,1,3,1,7.0,Delivered
6673,2026-08-07,3,2,3,1,5.5,Delivered
6674,2026-08-07,3,6,3,1,5.0,Delivered
6675,2026-08-07,9,7,3,2,10.0,Delivered
6676,2026-08-07,15,2,3,1,5.5,Delivered
6677,2026-08-07,15,4,3,2,5.0,Delivered
6678,2026-08-07,15,5,3,1,5.0,Delivered
6679,2026-08-07,21,1,3,2,7.0,Delivered
6680,2026-08-07,27,1,3,1,7.0,Delivered
6681,2026-08-07,27,4,3,1,5.0,Delivered
6682,2026-08-07,27,5,3,1,5.0,Delivered
6683,2026-08-07,33,6,3,1,5.0,Delivered
6684,2026-08-07,39,3,3,1,10.0,Delivered
6685,2026-08-07,45,1,3,1,7.0,Delivered
6686,2026-08-07,45,2,3,1,5.5,Delivered
6687,2026-08-07,51,3,3,1,10.0,Delivered
6688,2026-08-07,51,4,3,1,5.0,Delivered
6689,2026-08-07,57,1,3,1,7.0,Delivered
6690,2026-08-07,4,2,4,1,5.5,Delivered
6691,2026-08-07,10,1,4,1,7.0,Delivered
6692,2026-08-07,10,3,4,1,10.0,Delivered
6693,2026-08-07,10,5,4,1,5.0,Delivered
6694,2026-08-07,16,2,4,1,5.5,Delivered
6695,2026-08-07,22,1,4,1,7.0,Delivered
6696,2026-08-07,22,5,4,1,5.0,Delivered
6697,2026-08-07,28,1,4,1,7.0,Delivered
6698,2026-08-07,28,5,4,1,5.0,Delivered
6699,2026-08-07,34,3,4,1,10.0,Delivered
6700,2026-08-07,40,4,4,1,5.0,Delivered
6701,2026-08-07,46,3,4,1,10.0,Delivered
6702,2026-08-07,52,4,4,1,5.0,Delivered
6703,2026-08-07,52,5,4,1,5.0,Delivered
6704,2026-08-07,58,2,4,2,5.5,Delivered
6705,2026-08-07,67,2,4,1,5.5,Delivered
6706,2026-08-07,5,1,5,1,7.0,Delivered
6707,2026-08-07,11,4,5,1,5.0,Delivered
6708,2026-08-07,17,2,5,1,5.5,Delivered
6709,2026-08-07,17,5,5,1,5.0,Delivered
6710,2026-08-07,23,2,5,1,5.5,Delivered
6711,2026-08-07,29,3,5,1,10.0,Delivered
6712,2026-08-07,29,4,5,1,5.0,Delivered
6713,2026-08-07,35,2,5,2,5.5,Failed
6714,2026-08-07,35,6,5,1,5.0,Delivered
6715,2026-08-07,41,1,5,1,7.0,Delivered
6716,2026-08-07,47,1,5,1,7.0,Delivered
6717,2026-08-07,47,2,5,1,5.5,Delivered
6718,2026-08-07,47,5,5,1,5.0,Delivered
6719,2026-08-07,53,2,5,1,5.5,Delivered
6720,2026-08-07,53,3,5,1,10.0,Delivered
6721,2026-08-07,59,3,5,1,10.0,Delivered
6722,2026-08-07,63,2,5,1,5.5,Delivered
6723,2026-08-07,63,4,5,2,5.0,Delivered
6724,2026-08-07,6,6,5,1,5.0,Delivered
6725,2026-08-07,12,6,5,1,5.0,Delivered
6726,2026-08-07,18,4,5,1,5.0,Delivered
6727,2026-08-07,24,7,5,1,10.0,Delivered
6728,2026-08-07,30,3,5,1,10.0,Delivered
6729,2026-08-07,36,8,5,1,6.0,Delivered
6730,2026-08-07,42,1,5,1,7.0,Delivered
6731,2026-08-07,48,7,5,1,10.0,Delivered
6732,2026-08-07,54,4,5,1,5.0,Delivered
6733,2026-08-07,60,1,5,1,7.0,Delivered
6734,2026-08-07,60,3,5,1,10.0,Delivered
6735,2026-08-07,66,3,5,1,10.0,Delivered
6736,2026-08-07,66,6,5,1,5.0,Delivered
6737,2026-08-08,1,2,1,2,5.5,Delivered
6738,2026-08-08,1,4,1,1,5.0,Delivered
6739,2026-08-08,7,3,1,1,10.0,Delivered
6740,2026-08-08,7,8,1,1,6.0,Delivered
6741,2026-08-08,13,5,1,1,5.0,Delivered
6742,2026-08-08,19,1,1,2,7.0,Delivered
6743,2026-08-08,19,5,1,2,5.0,Delivered
6744,2026-08-08,19,6,1,1,5.0,Delivered
6745,2026-08-08,25,3,1,1,10.0,Delivered
6746,2026-08-08,25,7,1,1,10.0,Delivered
6747,2026-08-08,31,1,1,1,7.0,Delivered
6748,2026-08-08,31,4,1,1,5.0,Delivered
6749,2026-08-08,31,5,1,1,5.0,Delivered
6750,2026-08-08,37,4,1,2,5.0,Delivered
6751,2026-08-08,37,7,1,1,10.0,Delivered
6752,2026-08-08,43,6,1,1,5.0,Delivered
6753,2026-08-08,49,4,1,1,5.0,Delivered
6754,2026-08-08,49,7,1,1,10.0,Delivered
6755,2026-08-08,55,5,1,1,5.0,Delivered
6756,2026-08-08,61,1,1,1,7.0,Delivered
6757,2026-08-08,8,5,2,1,5.0,Delivered
6758,2026-08-08,14,4,2,1,5.0,Delivered
6759,2026-08-08,20,1,2,1,7.0,Delivered
6760,2026-08-08,20,2,2,1,5.5,Delivered
6761,2026-08-08,20,7,2,1,10.0,Delivered
6762,2026-08-08,26,2,2,1,5.5,Failed
6763,2026-08-08,32,3,2,1,10.0,Delivered
6764,2026-08-08,32,4,2,1,5.0,Delivered
6765,2026-08-08,38,4,2,1,5.0,Delivered
6766,2026-08-08,38,5,2,2,5.0,Delivered
6767,2026-08-08,44,1,2,1,7.0,Delivered
6768,2026-08-08,50,3,2,1,10.0,Delivered
6769,2026-08-08,50,4,2,1,5.0,Delivered
6770,2026-08-08,56,1,2,1,7.0,Delivered
6771,2026-08-08,56,2,2,1,5.5,Delivered
6772,2026-08-08,62,3,2,1,10.0,Delivered
6773,2026-08-08,64,1,2,1,7.0,Delivered
6774,2026-08-08,64,2,2,1,5.5,Delivered
6775,2026-08-08,65,3,2,2,10.0,Delivered
6776,2026-08-08,3,1,3,1,7.0,Delivered
6777,2026-08-08,3,2,3,1,5.5,Delivered
6778,2026-08-08,3,6,3,1,5.0,Delivered
6779,2026-08-08,9,7,3,2,10.0,Delivered
6780,2026-08-08,15,2,3,1,5.5,Delivered
6781,2026-08-08,15,4,3,2,5.0,Delivered
6782,2026-08-08,15,5,3,1,5.0,Delivered
6783,2026-08-08,21,1,3,2,7.0,Delivered
6784,2026-08-08,27,1,3,1,7.0,Delivered
6785,2026-08-08,27,4,3,1,5.0,Delivered
6786,2026-08-08,27,5,3,1,5.0,Delivered
6787,2026-08-08,33,6,3,1,5.0,Delivered
6788,2026-08-08,39,3,3,1,10.0,Delivered
6789,2026-08-08,45,1,3,1,7.0,Delivered
6790,2026-08-08,45,2,3,1,5.5,Delivered
6791,2026-08-08,51,3,3,1,10.0,Delivered
6792,2026-08-08,51,4,3,1,5.0,Delivered
6793,2026-08-08,57,1,3,1,7.0,Delivered
6794,2026-08-08,4,2,4,1,5.5,Delivered
6795,2026-08-08,10,1,4,1,7.0,Delivered
6796,2026-08-08,10,3,4,1,10.0,Failed
6797,2026-08-08,10,5,4,1,5.0,Delivered
6798,2026-08-08,16,2,4,1,5.5,Delivered
6799,2026-08-08,22,1,4,1,7.0,Delivered
6800,2026-08-08,22,5,4,1,5.0,Delivered
6801,2026-08-08,28,1,4,1,7.0,Delivered
6802,2026-08-08,28,5,4,1,5.0,Delivered
6803,2026-08-08,34,3,4,1,10.0,Delivered
6804,2026-08-08,40,4,4,1,5.0,Delivered
6805,2026-08-08,46,3,4,1,10.0,Delivered
6806,2026-08-08,52,4,4,1,5.0,Delivered
6807,2026-08-08,52,5,4,1,5.0,Delivered
6808,2026-08-08,58,2,4,2,5.5,Delivered
6809,2026-08-08,67,2,4,1,5.5,Delivered
6810,2026-08-08,5,1,5,1,7.0,Delivered
6811,2026-08-08,11,4,5,1,5.0,Delivered
6812,2026-08-08,17,2,5,1,5.5,Delivered
6813,2026-08-08,17,5,5,1,5.0,Delivered
6814,2026-08-08,23,2,5,1,5.5,Delivered
6815,2026-08-08,29,3,5,1,10.0,Delivered
6816,2026-08-08,29,4,5,1,5.0,Delivered
6817,2026-08-08,35,2,5,2,5.5,Delivered
6818,2026-08-08,35,6,5,1,5.0,Delivered
6819,2026-08-08,41,1,5,1,7.0,Delivered
6820,2026-08-08,47,1,5,1,7.0,Delivered
6821,2026-08-08,47,2,5,1,5.5,Delivered
6822,2026-08-08,47,5,5,1,5.0,Delivered
6823,2026-08-08,53,2,5,1,5.5,Delivered
6824,2026-08-08,53,3,5,1,10.0,Delivered
6825,2026-08-08,59,3,5,1,10.0,Delivered
6826,2026-08-08,63,2,5,1,5.5,Delivered
6827,2026-08-08,63,4,5,2,5.0,Delivered
6828,2026-08-08,6,6,5,1,5.0,Delivered
6829,2026-08-08,12,6,5,1,5.0,Delivered
6830,2026-08-08,18,4,5,1,5.0,Delivered
6831,2026-08-08,24,7,5,1,10.0,Delivered
6832,2026-08-08,30,3,5,1,10.0,Delivered
6833,2026-08-08,36,8,5,1,6.0,Delivered
6834,2026-08-08,42,1,5,1,7.0,Delivered
6835,2026-08-08,48,7,5,1,10.0,Delivered
6836,2026-08-08,54,4,5,1,5.0,Delivered
6837,2026-08-08,60,1,5,1,7.0,Delivered
6838,2026-08-08,60,3,5,1,10.0,Delivered
6839,2026-08-08,66,3,5,1,10.0,Delivered
6840,2026-08-08,66,6,5,1,5.0,Delivered
6841,2026-08-09,1,2,1,2,5.5,Delivered
6842,2026-08-09,1,4,1,1,5.0,Delivered
6843,2026-08-09,7,3,1,1,10.0,Delivered
6844,2026-08-09,7,8,1,1,6.0,Delivered
6845,2026-08-09,13,5,1,1,5.0,Delivered
6846,2026-08-09,19,1,1,2,7.0,Delivered
6847,2026-08-09,19,5,1,2,5.0,Delivered
6848,2026-08-09,19,6,1,1,5.0,Delivered
6849,2026-08-09,25,3,1,1,10.0,Delivered
6850,2026-08-09,25,7,1,1,10.0,Delivered
6851,2026-08-09,31,1,1,1,7.0,Delivered
6852,2026-08-09,31,4,1,1,5.0,Delivered
6853,2026-08-09,31,5,1,1,5.0,Delivered
6854,2026-08-09,37,4,1,2,5.0,Delivered
6855,2026-08-09,37,7,1,1,10.0,Delivered
6856,2026-08-09,43,6,1,1,5.0,Delivered
6857,2026-08-09,49,4,1,1,5.0,Delivered
6858,2026-08-09,49,7,1,1,10.0,Delivered
6859,2026-08-09,55,5,1,1,5.0,Delivered
6860,2026-08-09,61,1,1,1,7.0,Delivered
6861,2026-08-09,8,5,2,1,5.0,Delivered
6862,2026-08-09,14,4,2,1,5.0,Delivered
6863,2026-08-09,20,1,2,1,7.0,Delivered
6864,2026-08-09,20,2,2,1,5.5,Delivered
6865,2026-08-09,20,7,2,1,10.0,Delivered
6866,2026-08-09,26,2,2,1,5.5,Delivered
6867,2026-08-09,32,3,2,1,10.0,Delivered
6868,2026-08-09,32,4,2,1,5.0,Delivered
6869,2026-08-09,38,4,2,1,5.0,Delivered
6870,2026-08-09,38,5,2,2,5.0,Delivered
6871,2026-08-09,44,1,2,1,7.0,Delivered
6872,2026-08-09,50,3,2,1,10.0,Delivered
6873,2026-08-09,50,4,2,1,5.0,Delivered
6874,2026-08-09,56,1,2,1,7.0,Delivered
6875,2026-08-09,56,2,2,1,5.5,Delivered
6876,2026-08-09,62,3,2,1,10.0,Delivered
6877,2026-08-09,64,1,2,1,7.0,Delivered
6878,2026-08-09,64,2,2,1,5.5,Delivered
6879,2026-08-09,65,3,2,2,10.0,Delivered
6880,2026-08-09,3,1,3,1,7.0,Delivered
6881,2026-08-09,3,2,3,1,5.5,Delivered
6882,2026-08-09,3,6,3,1,5.0,Delivered
6883,2026-08-09,15,2,3,1,5.5,Delivered
6884,2026-08-09,15,4,3,2,5.0,Delivered
6885,2026-08-09,15,5,3,1,5.0,Delivered
6886,2026-08-09,21,1,3,2,7.0,Delivered
6887,2026-08-09,27,1,3,1,7.0,Delivered
6888,2026-08-09,27,4,3,1,5.0,Delivered
6889,2026-08-09,27,5,3,1,5.0,Delivered
6890,2026-08-09,33,6,3,1,5.0,Delivered
6891,2026-08-09,39,3,3,1,10.0,Delivered
6892,2026-08-09,45,1,3,1,7.0,Delivered
6893,2026-08-09,45,2,3,1,5.5,Delivered
6894,2026-08-09,51,3,3,1,10.0,Delivered
6895,2026-08-09,51,4,3,1,5.0,Delivered
6896,2026-08-09,57,1,3,1,7.0,Failed
6897,2026-08-09,4,2,4,1,5.5,Delivered
6898,2026-08-09,10,1,4,1,7.0,Delivered
6899,2026-08-09,10,3,4,1,10.0,Delivered
6900,2026-08-09,10,5,4,1,5.0,Delivered
6901,2026-08-09,16,2,4,1,5.5,Delivered
6902,2026-08-09,22,1,4,1,7.0,Delivered
6903,2026-08-09,22,5,4,1,5.0,Delivered
6904,2026-08-09,28,1,4,1,7.0,Delivered
6905,2026-08-09,28,5,4,1,5.0,Delivered
6906,2026-08-09,34,3,4,1,10.0,Delivered
6907,2026-08-09,40,4,4,1,5.0,Delivered
6908,2026-08-09,46,3,4,1,10.0,Delivered
6909,2026-08-09,52,4,4,1,5.0,Delivered
6910,2026-08-09,52,5,4,1,5.0,Delivered
6911,2026-08-09,58,2,4,2,5.5,Delivered
6912,2026-08-09,67,2,4,1,5.5,Delivered
6913,2026-08-09,5,1,5,1,7.0,Delivered
6914,2026-08-09,11,4,5,1,5.0,Delivered
6915,2026-08-09,17,2,5,1,5.5,Delivered
6916,2026-08-09,17,5,5,1,5.0,Delivered
6917,2026-08-09,23,2,5,1,5.5,Delivered
6918,2026-08-09,29,3,5,1,10.0,Delivered
6919,2026-08-09,29,4,5,1,5.0,Delivered
6920,2026-08-09,35,2,5,2,5.5,Delivered
6921,2026-08-09,35,6,5,1,5.0,Delivered
6922,2026-08-09,41,1,5,1,7.0,Delivered
6923,2026-08-09,47,1,5,1,7.0,Delivered
6924,2026-08-09,47,2,5,1,5.5,Delivered
6925,2026-08-09,47,5,5,1,5.0,Delivered
6926,2026-08-09,53,2,5,1,5.5,Delivered
6927,2026-08-09,53,3,5,1,10.0,Delivered
6928,2026-08-09,59,3,5,1,10.0,Delivered
6929,2026-08-09,63,2,5,1,5.5,Delivered
6930,2026-08-09,63,4,5,2,5.0,Delivered
6931,2026-08-09,6,6,5,1,5.0,Delivered
6932,2026-08-09,12,6,5,1,5.0,Delivered
6933,2026-08-09,18,4,5,1,5.0,Delivered
6934,2026-08-09,24,7,5,1,10.0,Delivered
6935,2026-08-09,30,3,5,1,10.0,Delivered
6936,2026-08-09,36,8,5,1,6.0,Delivered
6937,2026-08-09,42,1,5,1,7.0,Delivered
6938,2026-08-09,48,7,5,1,10.0,Delivered
6939,2026-08-09,54,4,5,1,5.0,Delivered
6940,2026-08-09,60,1,5,1,7.0,Delivered
6941,2026-08-09,60,3,5,1,10.0,Delivered
6942,2026-08-09,66,3,5,1,10.0,Delivered
6943,2026-08-09,66,6,5,1,5.0,Delivered
6944,2026-08-10,1,2,1,2,5.5,Delivered
6945,2026-08-10,1,4,1,1,5.0,Delivered
6946,2026-08-10,7,3,1,1,10.0,Delivered
6947,2026-08-10,7,8,1,1,6.0,Delivered
6948,2026-08-10,13,5,1,1,5.0,Delivered
6949,2026-08-10,19,1,1,2,7.0,Delivered
6950,2026-08-10,19,5,1,2,5.0,Delivered
6951,2026-08-10,19,6,1,1,5.0,Delivered
6952,2026-08-10,25,3,1,1,10.0,Delivered
6953,2026-08-10,25,7,1,1,10.0,Delivered
6954,2026-08-10,31,1,1,1,7.0,Delivered
6955,2026-08-10,31,4,1,1,5.0,Delivered
6956,2026-08-10,31,5,1,1,5.0,Delivered
6957,2026-08-10,37,4,1,2,5.0,Delivered
6958,2026-08-10,37,7,1,1,10.0,Delivered
6959,2026-08-10,43,6,1,1,5.0,Delivered
6960,2026-08-10,49,4,1,1,5.0,Delivered
6961,2026-08-10,49,7,1,1,10.0,Delivered
6962,2026-08-10,55,5,1,1,5.0,Delivered
6963,2026-08-10,61,1,1,1,7.0,Delivered
6964,2026-08-10,8,5,2,1,5.0,Delivered
6965,2026-08-10,14,4,2,1,5.0,Delivered
6966,2026-08-10,20,1,2,1,7.0,Delivered
6967,2026-08-10,20,2,2,1,5.5,Delivered
6968,2026-08-10,20,7,2,1,10.0,Delivered
6969,2026-08-10,26,2,2,1,5.5,Delivered
6970,2026-08-10,32,3,2,1,10.0,Delivered
6971,2026-08-10,32,4,2,1,5.0,Delivered
6972,2026-08-10,38,4,2,1,5.0,Delivered
6973,2026-08-10,38,5,2,2,5.0,Failed
6974,2026-08-10,44,1,2,1,7.0,Delivered
6975,2026-08-10,50,3,2,1,10.0,Delivered
6976,2026-08-10,50,4,2,1,5.0,Delivered
6977,2026-08-10,56,1,2,1,7.0,Delivered
6978,2026-08-10,56,2,2,1,5.5,Delivered
6979,2026-08-10,62,3,2,1,10.0,Delivered
6980,2026-08-10,64,1,2,1,7.0,Delivered
6981,2026-08-10,64,2,2,1,5.5,Delivered
6982,2026-08-10,65,3,2,2,10.0,Delivered
6983,2026-08-10,3,1,3,1,7.0,Delivered
6984,2026-08-10,3,2,3,1,5.5,Delivered
6985,2026-08-10,3,6,3,1,5.0,Delivered
6986,2026-08-10,15,2,3,1,5.5,Delivered
6987,2026-08-10,15,4,3,2,5.0,Delivered
6988,2026-08-10,15,5,3,1,5.0,Delivered
6989,2026-08-10,21,1,3,2,7.0,Delivered
6990,2026-08-10,27,1,3,1,7.0,Delivered
6991,2026-08-10,27,4,3,1,5.0,Delivered
6992,2026-08-10,27,5,3,1,5.0,Delivered
6993,2026-08-10,33,6,3,1,5.0,Delivered
6994,2026-08-10,39,3,3,1,10.0,Delivered
6995,2026-08-10,45,1,3,1,7.0,Delivered
6996,2026-08-10,45,2,3,1,5.5,Delivered
6997,2026-08-10,51,3,3,1,10.0,Delivered
6998,2026-08-10,51,4,3,1,5.0,Delivered
6999,2026-08-10,57,1,3,1,7.0,Delivered
7000,2026-08-10,4,2,4,1,5.5,Delivered
7001,2026-08-10,10,1,4,1,7.0,Delivered
7002,2026-08-10,10,3,4,1,10.0,Delivered
7003,2026-08-10,10,5,4,1,5.0,Delivered
7004,2026-08-10,16,2,4,1,5.5,Delivered
7005,2026-08-10,22,1,4,1,7.0,Delivered
7006,2026-08-10,22,5,4,1,5.0,Delivered
7007,2026-08-10,28,1,4,1,7.0,Delivered
7008,2026-08-10,28,5,4,1,5.0,Delivered
7009,2026-08-10,34,3,4,1,10.0,Delivered
7010,2026-08-10,40,4,4,1,5.0,Delivered
7011,2026-08-10,46,3,4,1,10.0,Delivered
7012,2026-08-10,52,4,4,1,5.0,Delivered
7013,2026-08-10,52,5,4,1,5.0,Delivered
7014,2026-08-10,58,2,4,2,5.5,Delivered
7015,2026-08-10,67,2,4,1,5.5,Delivered
7016,2026-08-10,5,1,5,1,7.0,Delivered
7017,2026-08-10,11,4,5,1,5.0,Delivered
7018,2026-08-10,17,2,5,1,5.5,Delivered
7019,2026-08-10,17,5,5,1,5.0,Delivered
7020,2026-08-10,23,2,5,1,5.5,Delivered
7021,2026-08-10,29,3,5,1,10.0,Delivered
7022,2026-08-10,29,4,5,1,5.0,Delivered
7023,2026-08-10,35,2,5,2,5.5,Delivered
7024,2026-08-10,35,6,5,1,5.0,Delivered
7025,2026-08-10,41,1,5,1,7.0,Delivered
7026,2026-08-10,47,1,5,1,7.0,Delivered
7027,2026-08-10,47,2,5,1,5.5,Delivered
7028,2026-08-10,47,5,5,1,5.0,Delivered
7029,2026-08-10,53,2,5,1,5.5,Delivered
7030,2026-08-10,53,3,5,1,10.0,Delivered
7031,2026-08-10,59,3,5,1,10.0,Delivered
7032,2026-08-10,63,2,5,1,5.5,Delivered
7033,2026-08-10,63,4,5,2,5.0,Delivered
7034,2026-08-10,6,6,5,1,5.0,Delivered
7035,2026-08-10,12,6,5,1,5.0,Delivered
7036,2026-08-10,18,4,5,1,5.0,Delivered
7037,2026-08-10,24,7,5,1,10.0,Delivered
7038,2026-08-10,30,3,5,1,10.0,Delivered
7039,2026-08-10,36,8,5,1,6.0,Delivered
7040,2026-08-10,42,1,5,1,7.0,Delivered
7041,2026-08-10,48,7,5,1,10.0,Delivered
7042,2026-08-10,54,4,5,1,5.0,Delivered
7043,2026-08-10,60,1,5,1,7.0,Delivered
7044,2026-08-10,60,3,5,1,10.0,Delivered
7045,2026-08-10,66,3,5,1,10.0,Failed
7046,2026-08-10,66,6,5,1,5.0,Delivered
7047,2026-08-11,1,2,1,2,5.5,Delivered
7048,2026-08-11,1,4,1,1,5.0,Delivered
7049,2026-08-11,7,3,1,1,10.0,Delivered
7050,2026-08-11,7,8,1,1,6.0,Delivered
7051,2026-08-11,13,5,1,1,5.0,Delivered
7052,2026-08-11,19,1,1,2,7.0,Delivered
7053,2026-08-11,19,5,1,2,5.0,Delivered
7054,2026-08-11,19,6,1,1,5.0,Delivered
7055,2026-08-11,25,3,1,1,10.0,Delivered
7056,2026-08-11,25,7,1,1,10.0,Delivered
7057,2026-08-11,31,1,1,1,7.0,Delivered
7058,2026-08-11,31,4,1,1,5.0,Delivered
7059,2026-08-11,31,5,1,1,5.0,Delivered
7060,2026-08-11,37,4,1,2,5.0,Delivered
7061,2026-08-11,37,7,1,1,10.0,Delivered
7062,2026-08-11,43,6,1,1,5.0,Delivered
7063,2026-08-11,49,4,1,1,5.0,Delivered
7064,2026-08-11,49,7,1,1,10.0,Delivered
7065,2026-08-11,55,5,1,1,5.0,Delivered
7066,2026-08-11,61,1,1,1,7.0,Delivered
7067,2026-08-11,8,5,2,1,5.0,Delivered
7068,2026-08-11,14,4,2,1,5.0,Delivered
7069,2026-08-11,20,1,2,1,7.0,Delivered
7070,2026-08-11,20,2,2,1,5.5,Delivered
7071,2026-08-11,20,7,2,1,10.0,Delivered
7072,2026-08-11,26,2,2,1,5.5,Delivered
7073,2026-08-11,32,3,2,1,10.0,Delivered
7074,2026-08-11,32,4,2,1,5.0,Delivered
7075,2026-08-11,38,4,2,1,5.0,Delivered
7076,2026-08-11,38,5,2,2,5.0,Delivered
7077,2026-08-11,44,1,2,1,7.0,Delivered
7078,2026-08-11,50,3,2,1,10.0,Delivered
7079,2026-08-11,50,4,2,1,5.0,Delivered
7080,2026-08-11,56,1,2,1,7.0,Delivered
7081,2026-08-11,56,2,2,1,5.5,Delivered
7082,2026-08-11,62,3,2,1,10.0,Delivered
7083,2026-08-11,64,1,2,1,7.0,Delivered
7084,2026-08-11,64,2,2,1,5.5,Delivered
7085,2026-08-11,65,3,2,2,10.0,Failed
7086,2026-08-11,3,1,3,1,7.0,Delivered
7087,2026-08-11,3,2,3,1,5.5,Delivered
7088,2026-08-11,3,6,3,1,5.0,Delivered
7089,2026-08-11,15,2,3,1,5.5,Delivered
7090,2026-08-11,15,4,3,2,5.0,Delivered
7091,2026-08-11,15,5,3,1,5.0,Delivered
7092,2026-08-11,21,1,3,2,7.0,Delivered
7093,2026-08-11,27,1,3,1,7.0,Delivered
7094,2026-08-11,27,4,3,1,5.0,Delivered
7095,2026-08-11,27,5,3,1,5.0,Delivered
7096,2026-08-11,33,6,3,1,5.0,Delivered
7097,2026-08-11,39,3,3,1,10.0,Delivered
7098,2026-08-11,45,1,3,1,7.0,Delivered
7099,2026-08-11,45,2,3,1,5.5,Delivered
7100,2026-08-11,51,3,3,1,10.0,Delivered
7101,2026-08-11,51,4,3,1,5.0,Delivered
7102,2026-08-11,57,1,3,1,7.0,Delivered
7103,2026-08-11,4,2,4,1,5.5,Delivered
7104,2026-08-11,10,1,4,1,7.0,Delivered
7105,2026-08-11,10,3,4,1,10.0,Delivered
7106,2026-08-11,10,5,4,1,5.0,Delivered
7107,2026-08-11,16,2,4,1,5.5,Delivered
7108,2026-08-11,22,1,4,1,7.0,Delivered
7109,2026-08-11,22,5,4,1,5.0,Delivered
7110,2026-08-11,28,1,4,1,7.0,Delivered
7111,2026-08-11,28,5,4,1,5.0,Delivered
7112,2026-08-11,34,3,4,1,10.0,Delivered
7113,2026-08-11,40,4,4,1,5.0,Delivered
7114,2026-08-11,46,3,4,1,10.0,Delivered
7115,2026-08-11,52,4,4,1,5.0,Delivered
7116,2026-08-11,52,5,4,1,5.0,Delivered
7117,2026-08-11,58,2,4,2,5.5,Delivered
7118,2026-08-11,67,2,4,1,5.5,Delivered
7119,2026-08-11,5,1,5,1,7.0,Delivered
7120,2026-08-11,11,4,5,1,5.0,Delivered
7121,2026-08-11,17,2,5,1,5.5,Delivered
7122,2026-08-11,17,5,5,1,5.0,Delivered
7123,2026-08-11,23,2,5,1,5.5,Delivered
7124,2026-08-11,29,3,5,1,10.0,Delivered
7125,2026-08-11,29,4,5,1,5.0,Delivered
7126,2026-08-11,35,2,5,2,5.5,Delivered
7127,2026-08-11,35,6,5,1,5.0,Delivered
7128,2026-08-11,41,1,5,1,7.0,Delivered
7129,2026-08-11,47,1,5,1,7.0,Delivered
7130,2026-08-11,47,2,5,1,5.5,Delivered
7131,2026-08-11,47,5,5,1,5.0,Delivered
7132,2026-08-11,53,2,5,1,5.5,Delivered
7133,2026-08-11,53,3,5,1,10.0,Delivered
7134,2026-08-11,59,3,5,1,10.0,Delivered
7135,2026-08-11,63,2,5,1,5.5,Delivered
7136,2026-08-11,63,4,5,2,5.0,Delivered
7137,2026-08-11,6,6,5,1,5.0,Delivered
7138,2026-08-11,12,6,5,1,5.0,Delivered
7139,2026-08-11,18,4,5,1,5.0,Delivered
7140,2026-08-11,24,7,5,1,10.0,Delivered
7141,2026-08-11,30,3,5,1,10.0,Delivered
7142,2026-08-11,36,8,5,1,6.0,Delivered
7143,2026-08-11,42,1,5,1,7.0,Delivered
7144,2026-08-11,48,7,5,1,10.0,Delivered
7145,2026-08-11,54,4,5,1,5.0,Delivered
7146,2026-08-11,60,1,5,1,7.0,Delivered
7147,2026-08-11,60,3,5,1,10.0,Delivered
7148,2026-08-11,66,3,5,1,10.0,Delivered
7149,2026-08-11,66,6,5,1,5.0,Delivered
7150,2026-08-12,1,2,1,2,5.5,Delivered
7151,2026-08-12,1,4,1,1,5.0,Delivered
7152,2026-08-12,7,3,1,1,10.0,Delivered
7153,2026-08-12,7,8,1,1,6.0,Delivered
7154,2026-08-12,13,5,1,1,5.0,Delivered
7155,2026-08-12,19,1,1,2,7.0,Delivered
7156,2026-08-12,19,5,1,2,5.0,Delivered
7157,2026-08-12,19,6,1,1,5.0,Delivered
7158,2026-08-12,25,3,1,1,10.0,Delivered
7159,2026-08-12,25,7,1,1,10.0,Delivered
7160,2026-08-12,31,1,1,1,7.0,Delivered
7161,2026-08-12,31,4,1,1,5.0,Delivered
7162,2026-08-12,31,5,1,1,5.0,Delivered
7163,2026-08-12,37,4,1,2,5.0,Delivered
7164,2026-08-12,37,7,1,1,10.0,Delivered
7165,2026-08-12,43,6,1,1,5.0,Delivered
7166,2026-08-12,49,4,1,1,5.0,Delivered
7167,2026-08-12,49,7,1,1,10.0,Delivered
7168,2026-08-12,55,5,1,1,5.0,Delivered
7169,2026-08-12,61,1,1,1,7.0,Delivered
7170,2026-08-12,68,3,1,1,10.0,Delivered
7171,2026-08-12,68,5,1,1,5.0,Delivered
7172,2026-08-12,8,5,2,1,5.0,Delivered
7173,2026-08-12,14,4,2,1,5.0,Delivered
7174,2026-08-12,20,1,2,1,7.0,Delivered
7175,2026-08-12,20,2,2,1,5.5,Delivered
7176,2026-08-12,20,7,2,1,10.0,Delivered
7177,2026-08-12,26,2,2,1,5.5,Delivered
7178,2026-08-12,32,3,2,1,10.0,Delivered
7179,2026-08-12,32,4,2,1,5.0,Delivered
7180,2026-08-12,38,4,2,1,5.0,Delivered
7181,2026-08-12,38,5,2,2,5.0,Delivered
7182,2026-08-12,44,1,2,1,7.0,Delivered
7183,2026-08-12,50,3,2,1,10.0,Delivered
7184,2026-08-12,50,4,2,1,5.0,Delivered
7185,2026-08-12,56,1,2,1,7.0,Delivered
7186,2026-08-12,56,2,2,1,5.5,Delivered
7187,2026-08-12,62,3,2,1,10.0,Delivered
7188,2026-08-12,64,1,2,1,7.0,Delivered
7189,2026-08-12,64,2,2,1,5.5,Delivered
7190,2026-08-12,65,3,2,2,10.0,Delivered
7191,2026-08-12,3,1,3,1,7.0,Delivered
7192,2026-08-12,3,2,3,1,5.5,Delivered
7193,2026-08-12,3,6,3,1,5.0,Delivered
7194,2026-08-12,15,2,3,1,5.5,Delivered
7195,2026-08-12,15,4,3,2,5.0,Delivered
7196,2026-08-12,15,5,3,1,5.0,Delivered
7197,2026-08-12,21,1,3,2,7.0,Delivered
7198,2026-08-12,27,1,3,1,7.0,Delivered
7199,2026-08-12,27,4,3,1,5.0,Delivered
7200,2026-08-12,27,5,3,1,5.0,Delivered
7201,2026-08-12,33,6,3,1,5.0,Delivered
7202,2026-08-12,39,3,3,1,10.0,Delivered
7203,2026-08-12,45,1,3,1,7.0,Delivered
7204,2026-08-12,45,2,3,1,5.5,Delivered
7205,2026-08-12,51,3,3,1,10.0,Delivered
7206,2026-08-12,51,4,3,1,5.0,Delivered
7207,2026-08-12,57,1,3,1,7.0,Delivered
7208,2026-08-12,4,2,4,1,5.5,Delivered
7209,2026-08-12,10,1,4,1,7.0,Delivered
7210,2026-08-12,10,3,4,1,10.0,Delivered
7211,2026-08-12,10,5,4,1,5.0,Delivered
7212,2026-08-12,16,2,4,1,5.5,Delivered
7213,2026-08-12,22,1,4,1,7.0,Delivered
7214,2026-08-12,22,5,4,1,5.0,Delivered
7215,2026-08-12,28,1,4,1,7.0,Delivered
7216,2026-08-12,28,5,4,1,5.0,Delivered
7217,2026-08-12,34,3,4,1,10.0,Delivered
7218,2026-08-12,40,4,4,1,5.0,Delivered
7219,2026-08-12,46,3,4,1,10.0,Delivered
7220,2026-08-12,58,2,4,2,5.5,Delivered
7221,2026-08-12,67,2,4,1,5.5,Delivered
7222,2026-08-12,5,1,5,1,7.0,Delivered
7223,2026-08-12,11,4,5,1,5.0,Delivered
7224,2026-08-12,17,2,5,1,5.5,Delivered
7225,2026-08-12,17,5,5,1,5.0,Delivered
7226,2026-08-12,23,2,5,1,5.5,Delivered
7227,2026-08-12,29,3,5,1,10.0,Delivered
7228,2026-08-12,29,4,5,1,5.0,Delivered
7229,2026-08-12,35,2,5,2,5.5,Failed
7230,2026-08-12,35,6,5,1,5.0,Delivered
7231,2026-08-12,41,1,5,1,7.0,Delivered
7232,2026-08-12,47,1,5,1,7.0,Delivered
7233,2026-08-12,47,2,5,1,5.5,Delivered
7234,2026-08-12,47,5,5,1,5.0,Delivered
7235,2026-08-12,53,2,5,1,5.5,Delivered
7236,2026-08-12,53,3,5,1,10.0,Delivered
7237,2026-08-12,59,3,5,1,10.0,Delivered
7238,2026-08-12,63,2,5,1,5.5,Delivered
7239,2026-08-12,63,4,5,2,5.0,Delivered
7240,2026-08-12,6,6,5,1,5.0,Delivered
7241,2026-08-12,12,6,5,1,5.0,Delivered
7242,2026-08-12,18,4,5,1,5.0,Delivered
7243,2026-08-12,24,7,5,1,10.0,Delivered
7244,2026-08-12,30,3,5,1,10.0,Delivered
7245,2026-08-12,36,8,5,1,6.0,Delivered
7246,2026-08-12,42,1,5,1,7.0,Delivered
7247,2026-08-12,48,7,5,1,10.0,Delivered
7248,2026-08-12,54,4,5,1,5.0,Delivered
7249,2026-08-12,60,1,5,1,7.0,Delivered
7250,2026-08-12,60,3,5,1,10.0,Delivered
7251,2026-08-12,66,3,5,1,10.0,Delivered
7252,2026-08-12,66,6,5,1,5.0,Delivered
7253,2026-08-13,1,2,1,2,5.5,Delivered
7254,2026-08-13,1,4,1,1,5.0,Delivered
7255,2026-08-13,7,3,1,1,10.0,Delivered
7256,2026-08-13,7,8,1,1,6.0,Delivered
7257,2026-08-13,13,5,1,1,5.0,Delivered
7258,2026-08-13,19,1,1,2,7.0,Delivered
7259,2026-08-13,19,5,1,2,5.0,Delivered
7260,2026-08-13,19,6,1,1,5.0,Delivered
7261,2026-08-13,25,3,1,1,10.0,Delivered
7262,2026-08-13,25,7,1,1,10.0,Delivered
7263,2026-08-13,31,1,1,1,7.0,Delivered
7264,2026-08-13,31,4,1,1,5.0,Delivered
7265,2026-08-13,31,5,1,1,5.0,Delivered
7266,2026-08-13,37,4,1,2,5.0,Failed
7267,2026-08-13,37,7,1,1,10.0,Delivered
7268,2026-08-13,43,6,1,1,5.0,Failed
7269,2026-08-13,49,4,1,1,5.0,Delivered
7270,2026-08-13,49,7,1,1,10.0,Delivered
7271,2026-08-13,55,5,1,1,5.0,Delivered
7272,2026-08-13,61,1,1,1,7.0,Delivered
7273,2026-08-13,68,3,1,1,10.0,Delivered
7274,2026-08-13,68,5,1,1,5.0,Delivered
7275,2026-08-13,8,5,2,1,5.0,Delivered
7276,2026-08-13,14,4,2,1,5.0,Delivered
7277,2026-08-13,20,1,2,1,7.0,Delivered
7278,2026-08-13,20,2,2,1,5.5,Delivered
7279,2026-08-13,20,7,2,1,10.0,Delivered
7280,2026-08-13,26,2,2,1,5.5,Delivered
7281,2026-08-13,32,3,2,1,10.0,Delivered
7282,2026-08-13,32,4,2,1,5.0,Delivered
7283,2026-08-13,38,4,2,1,5.0,Delivered
7284,2026-08-13,38,5,2,2,5.0,Delivered
7285,2026-08-13,44,1,2,1,7.0,Delivered
7286,2026-08-13,50,3,2,1,10.0,Delivered
7287,2026-08-13,50,4,2,1,5.0,Delivered
7288,2026-08-13,56,1,2,1,7.0,Delivered
7289,2026-08-13,56,2,2,1,5.5,Delivered
7290,2026-08-13,62,3,2,1,10.0,Delivered
7291,2026-08-13,64,1,2,1,7.0,Delivered
7292,2026-08-13,64,2,2,1,5.5,Delivered
7293,2026-08-13,65,3,2,2,10.0,Delivered
7294,2026-08-13,3,1,3,1,7.0,Delivered
7295,2026-08-13,3,2,3,1,5.5,Delivered
7296,2026-08-13,3,6,3,1,5.0,Delivered
7297,2026-08-13,15,2,3,1,5.5,Delivered
7298,2026-08-13,15,4,3,2,5.0,Delivered
7299,2026-08-13,15,5,3,1,5.0,Delivered
7300,2026-08-13,21,1,3,2,7.0,Delivered
7301,2026-08-13,27,1,3,1,7.0,Delivered
7302,2026-08-13,27,4,3,1,5.0,Delivered
7303,2026-08-13,27,5,3,1,5.0,Delivered
7304,2026-08-13,33,6,3,1,5.0,Delivered
7305,2026-08-13,39,3,3,1,10.0,Delivered
7306,2026-08-13,45,1,3,1,7.0,Delivered
7307,2026-08-13,45,2,3,1,5.5,Delivered
7308,2026-08-13,51,3,3,1,10.0,Delivered
7309,2026-08-13,51,4,3,1,5.0,Delivered
7310,2026-08-13,57,1,3,1,7.0,Delivered
7311,2026-08-13,4,2,4,1,5.5,Delivered
7312,2026-08-13,10,1,4,1,7.0,Delivered
7313,2026-08-13,10,3,4,1,10.0,Delivered
7314,2026-08-13,10,5,4,1,5.0,Delivered
7315,2026-08-13,16,2,4,1,5.5,Delivered
7316,2026-08-13,22,1,4,1,7.0,Delivered
7317,2026-08-13,22,5,4,1,5.0,Delivered
7318,2026-08-13,28,1,4,1,7.0,Delivered
7319,2026-08-13,28,5,4,1,5.0,Delivered
7320,2026-08-13,34,3,4,1,10.0,Delivered
7321,2026-08-13,40,4,4,1,5.0,Delivered
7322,2026-08-13,46,3,4,1,10.0,Delivered
7323,2026-08-13,58,2,4,2,5.5,Delivered
7324,2026-08-13,67,2,4,1,5.5,Delivered
7325,2026-08-13,5,1,5,1,7.0,Delivered
7326,2026-08-13,11,4,5,1,5.0,Delivered
7327,2026-08-13,17,2,5,1,5.5,Delivered
7328,2026-08-13,17,5,5,1,5.0,Delivered
7329,2026-08-13,23,2,5,1,5.5,Delivered
7330,2026-08-13,29,3,5,1,10.0,Delivered
7331,2026-08-13,29,4,5,1,5.0,Delivered
7332,2026-08-13,35,2,5,2,5.5,Delivered
7333,2026-08-13,35,6,5,1,5.0,Delivered
7334,2026-08-13,41,1,5,1,7.0,Delivered
7335,2026-08-13,47,1,5,1,7.0,Delivered
7336,2026-08-13,47,2,5,1,5.5,Delivered
7337,2026-08-13,47,5,5,1,5.0,Delivered
7338,2026-08-13,53,2,5,1,5.5,Delivered
7339,2026-08-13,53,3,5,1,10.0,Delivered
7340,2026-08-13,59,3,5,1,10.0,Delivered
7341,2026-08-13,63,2,5,1,5.5,Delivered
7342,2026-08-13,63,4,5,2,5.0,Delivered
7343,2026-08-13,6,6,5,1,5.0,Delivered
7344,2026-08-13,12,6,5,1,5.0,Delivered
7345,2026-08-13,18,4,5,1,5.0,Delivered
7346,2026-08-13,24,7,5,1,10.0,Delivered
7347,2026-08-13,30,3,5,1,10.0,Delivered
7348,2026-08-13,36,8,5,1,6.0,Delivered
7349,2026-08-13,42,1,5,1,7.0,Delivered
7350,2026-08-13,48,7,5,1,10.0,Delivered
7351,2026-08-13,54,4,5,1,5.0,Delivered
7352,2026-08-13,60,1,5,1,7.0,Delivered
7353,2026-08-13,60,3,5,1,10.0,Delivered
7354,2026-08-13,66,3,5,1,10.0,Delivered
7355,2026-08-13,66,6,5,1,5.0,Delivered
7356,2026-08-14,1,2,1,2,5.5,Delivered
7357,2026-08-14,1,4,1,1,5.0,Delivered
7358,2026-08-14,7,3,1,1,10.0,Delivered
7359,2026-08-14,7,8,1,1,6.0,Delivered
7360,2026-08-14,13,5,1,1,5.0,Delivered
7361,2026-08-14,19,1,1,2,7.0,Delivered
7362,2026-08-14,19,5,1,2,5.0,Delivered
7363,2026-08-14,19,6,1,1,5.0,Delivered
7364,2026-08-14,25,3,1,1,10.0,Delivered
7365,2026-08-14,25,7,1,1,10.0,Delivered
7366,2026-08-14,31,1,1,1,7.0,Delivered
7367,2026-08-14,31,4,1,1,5.0,Delivered
7368,2026-08-14,31,5,1,1,5.0,Delivered
7369,2026-08-14,37,4,1,2,5.0,Delivered
7370,2026-08-14,37,7,1,1,10.0,Delivered
7371,2026-08-14,43,6,1,1,5.0,Delivered
7372,2026-08-14,49,4,1,1,5.0,Delivered
7373,2026-08-14,49,7,1,1,10.0,Delivered
7374,2026-08-14,55,5,1,1,5.0,Delivered
7375,2026-08-14,61,1,1,1,7.0,Delivered
7376,2026-08-14,68,3,1,1,10.0,Delivered
7377,2026-08-14,68,5,1,1,5.0,Delivered
7378,2026-08-14,8,5,2,1,5.0,Delivered
7379,2026-08-14,14,4,2,1,5.0,Delivered
7380,2026-08-14,20,1,2,1,7.0,Delivered
7381,2026-08-14,20,2,2,1,5.5,Delivered
7382,2026-08-14,20,7,2,1,10.0,Delivered
7383,2026-08-14,26,2,2,1,5.5,Delivered
7384,2026-08-14,32,3,2,1,10.0,Delivered
7385,2026-08-14,32,4,2,1,5.0,Delivered
7386,2026-08-14,38,4,2,1,5.0,Delivered
7387,2026-08-14,38,5,2,2,5.0,Delivered
7388,2026-08-14,44,1,2,1,7.0,Delivered
7389,2026-08-14,50,3,2,1,10.0,Delivered
7390,2026-08-14,50,4,2,1,5.0,Delivered
7391,2026-08-14,56,1,2,1,7.0,Delivered
7392,2026-08-14,56,2,2,1,5.5,Delivered
7393,2026-08-14,62,3,2,1,10.0,Delivered
7394,2026-08-14,64,1,2,1,7.0,Delivered
7395,2026-08-14,64,2,2,1,5.5,Delivered
7396,2026-08-14,65,3,2,2,10.0,Delivered
7397,2026-08-14,3,1,3,1,7.0,Delivered
7398,2026-08-14,3,2,3,1,5.5,Delivered
7399,2026-08-14,3,6,3,1,5.0,Delivered
7400,2026-08-14,15,2,3,1,5.5,Delivered
7401,2026-08-14,15,4,3,2,5.0,Delivered
7402,2026-08-14,15,5,3,1,5.0,Delivered
7403,2026-08-14,21,1,3,2,7.0,Delivered
7404,2026-08-14,27,1,3,1,7.0,Delivered
7405,2026-08-14,27,4,3,1,5.0,Delivered
7406,2026-08-14,27,5,3,1,5.0,Delivered
7407,2026-08-14,33,6,3,1,5.0,Delivered
7408,2026-08-14,39,3,3,1,10.0,Delivered
7409,2026-08-14,45,1,3,1,7.0,Delivered
7410,2026-08-14,45,2,3,1,5.5,Delivered
7411,2026-08-14,51,3,3,1,10.0,Delivered
7412,2026-08-14,51,4,3,1,5.0,Delivered
7413,2026-08-14,57,1,3,1,7.0,Delivered
7414,2026-08-14,4,2,4,1,5.5,Delivered
7415,2026-08-14,10,1,4,1,7.0,Delivered
7416,2026-08-14,10,3,4,1,10.0,Delivered
7417,2026-08-14,10,5,4,1,5.0,Delivered
7418,2026-08-14,16,2,4,1,5.5,Delivered
7419,2026-08-14,22,1,4,1,7.0,Delivered
7420,2026-08-14,22,5,4,1,5.0,Delivered
7421,2026-08-14,28,1,4,1,7.0,Delivered
7422,2026-08-14,28,5,4,1,5.0,Delivered
7423,2026-08-14,34,3,4,1,10.0,Delivered
7424,2026-08-14,40,4,4,1,5.0,Delivered
7425,2026-08-14,46,3,4,1,10.0,Delivered
7426,2026-08-14,58,2,4,2,5.5,Failed
7427,2026-08-14,67,2,4,1,5.5,Delivered
7428,2026-08-14,5,1,5,1,7.0,Delivered
7429,2026-08-14,11,4,5,1,5.0,Delivered
7430,2026-08-14,17,2,5,1,5.5,Delivered
7431,2026-08-14,17,5,5,1,5.0,Delivered
7432,2026-08-14,23,2,5,1,5.5,Delivered
7433,2026-08-14,29,3,5,1,10.0,Delivered
7434,2026-08-14,29,4,5,1,5.0,Delivered
7435,2026-08-14,35,2,5,2,5.5,Delivered
7436,2026-08-14,35,6,5,1,5.0,Delivered
7437,2026-08-14,41,1,5,1,7.0,Delivered
7438,2026-08-14,47,1,5,1,7.0,Delivered
7439,2026-08-14,47,2,5,1,5.5,Delivered
7440,2026-08-14,47,5,5,1,5.0,Delivered
7441,2026-08-14,53,2,5,1,5.5,Delivered
7442,2026-08-14,53,3,5,1,10.0,Delivered
7443,2026-08-14,59,3,5,1,10.0,Delivered
7444,2026-08-14,63,2,5,1,5.5,Delivered
7445,2026-08-14,63,4,5,2,5.0,Delivered
7446,2026-08-14,6,6,5,1,5.0,Delivered
7447,2026-08-14,12,6,5,1,5.0,Delivered
7448,2026-08-14,18,4,5,1,5.0,Delivered
7449,2026-08-14,24,7,5,1,10.0,Delivered
7450,2026-08-14,30,3,5,1,10.0,Delivered
7451,2026-08-14,36,8,5,1,6.0,Delivered
7452,2026-08-14,42,1,5,1,7.0,Delivered
7453,2026-08-14,48,7,5,1,10.0,Delivered
7454,2026-08-14,54,4,5,1,5.0,Delivered
7455,2026-08-14,60,1,5,1,7.0,Delivered
7456,2026-08-14,60,3,5,1,10.0,Delivered
7457,2026-08-14,66,3,5,1,10.0,Delivered
7458,2026-08-14,66,6,5,1,5.0,Delivered
7459,2026-08-15,1,2,1,2,5.5,Delivered
7460,2026-08-15,1,4,1,1,5.0,Delivered
7461,2026-08-15,7,3,1,1,10.0,Delivered
7462,2026-08-15,7,8,1,1,6.0,Delivered
7463,2026-08-15,13,5,1,1,5.0,Delivered
7464,2026-08-15,19,1,1,2,7.0,Delivered
7465,2026-08-15,19,5,1,2,5.0,Delivered
7466,2026-08-15,19,6,1,1,5.0,Delivered
7467,2026-08-15,25,3,1,1,10.0,Delivered
7468,2026-08-15,25,7,1,1,10.0,Delivered
7469,2026-08-15,31,1,1,1,7.0,Delivered
7470,2026-08-15,31,4,1,1,5.0,Delivered
7471,2026-08-15,31,5,1,1,5.0,Delivered
7472,2026-08-15,37,4,1,2,5.0,Delivered
7473,2026-08-15,37,7,1,1,10.0,Delivered
7474,2026-08-15,43,6,1,1,5.0,Delivered
7475,2026-08-15,49,4,1,1,5.0,Delivered
7476,2026-08-15,49,7,1,1,10.0,Delivered
7477,2026-08-15,55,5,1,1,5.0,Delivered
7478,2026-08-15,61,1,1,1,7.0,Delivered
7479,2026-08-15,68,3,1,1,10.0,Delivered
7480,2026-08-15,68,5,1,1,5.0,Delivered
7481,2026-08-15,2,1,2,1,7.0,Delivered
7482,2026-08-15,2,3,2,1,10.0,Delivered
7483,2026-08-15,8,5,2,1,5.0,Delivered
7484,2026-08-15,14,4,2,1,5.0,Delivered
7485,2026-08-15,20,1,2,1,7.0,Delivered
7486,2026-08-15,20,2,2,1,5.5,Delivered
7487,2026-08-15,20,7,2,1,10.0,Delivered
7488,2026-08-15,26,2,2,1,5.5,Delivered
7489,2026-08-15,32,3,2,1,10.0,Delivered
7490,2026-08-15,32,4,2,1,5.0,Delivered
7491,2026-08-15,38,4,2,1,5.0,Delivered
7492,2026-08-15,38,5,2,2,5.0,Delivered
7493,2026-08-15,44,1,2,1,7.0,Delivered
7494,2026-08-15,50,3,2,1,10.0,Delivered
7495,2026-08-15,50,4,2,1,5.0,Delivered
7496,2026-08-15,56,1,2,1,7.0,Delivered
7497,2026-08-15,56,2,2,1,5.5,Delivered
7498,2026-08-15,62,3,2,1,10.0,Delivered
7499,2026-08-15,64,1,2,1,7.0,Delivered
7500,2026-08-15,64,2,2,1,5.5,Delivered
7501,2026-08-15,65,3,2,2,10.0,Delivered
7502,2026-08-15,3,1,3,1,7.0,Delivered
7503,2026-08-15,3,2,3,1,5.5,Delivered
7504,2026-08-15,3,6,3,1,5.0,Delivered
7505,2026-08-15,15,2,3,1,5.5,Delivered
7506,2026-08-15,15,4,3,2,5.0,Delivered
7507,2026-08-15,15,5,3,1,5.0,Delivered
7508,2026-08-15,21,1,3,2,7.0,Delivered
7509,2026-08-15,27,1,3,1,7.0,Delivered
7510,2026-08-15,27,4,3,1,5.0,Delivered
7511,2026-08-15,27,5,3,1,5.0,Delivered
7512,2026-08-15,33,6,3,1,5.0,Delivered
7513,2026-08-15,39,3,3,1,10.0,Delivered
7514,2026-08-15,45,1,3,1,7.0,Delivered
7515,2026-08-15,45,2,3,1,5.5,Delivered
7516,2026-08-15,51,3,3,1,10.0,Delivered
7517,2026-08-15,51,4,3,1,5.0,Delivered
7518,2026-08-15,57,1,3,1,7.0,Delivered
7519,2026-08-15,4,2,4,1,5.5,Delivered
7520,2026-08-15,10,1,4,1,7.0,Delivered
7521,2026-08-15,10,3,4,1,10.0,Delivered
7522,2026-08-15,10,5,4,1,5.0,Delivered
7523,2026-08-15,16,2,4,1,5.5,Delivered
7524,2026-08-15,22,1,4,1,7.0,Delivered
7525,2026-08-15,22,5,4,1,5.0,Delivered
7526,2026-08-15,28,1,4,1,7.0,Delivered
7527,2026-08-15,28,5,4,1,5.0,Delivered
7528,2026-08-15,34,3,4,1,10.0,Delivered
7529,2026-08-15,40,4,4,1,5.0,Delivered
7530,2026-08-15,46,3,4,1,10.0,Delivered
7531,2026-08-15,58,2,4,2,5.5,Delivered
7532,2026-08-15,67,2,4,1,5.5,Delivered
7533,2026-08-15,5,1,5,1,7.0,Delivered
7534,2026-08-15,11,4,5,1,5.0,Delivered
7535,2026-08-15,17,2,5,1,5.5,Delivered
7536,2026-08-15,17,5,5,1,5.0,Delivered
7537,2026-08-15,23,2,5,1,5.5,Delivered
7538,2026-08-15,29,3,5,1,10.0,Delivered
7539,2026-08-15,29,4,5,1,5.0,Delivered
7540,2026-08-15,35,2,5,2,5.5,Delivered
7541,2026-08-15,35,6,5,1,5.0,Delivered
7542,2026-08-15,41,1,5,1,7.0,Delivered
7543,2026-08-15,47,1,5,1,7.0,Delivered
7544,2026-08-15,47,2,5,1,5.5,Delivered
7545,2026-08-15,47,5,5,1,5.0,Delivered
7546,2026-08-15,53,2,5,1,5.5,Delivered
7547,2026-08-15,53,3,5,1,10.0,Delivered
7548,2026-08-15,59,3,5,1,10.0,Delivered
7549,2026-08-15,63,2,5,1,5.5,Delivered
7550,2026-08-15,63,4,5,2,5.0,Delivered
7551,2026-08-15,12,6,5,1,5.0,Delivered
7552,2026-08-15,18,4,5,1,5.0,Delivered
7553,2026-08-15,24,7,5,1,10.0,Delivered
7554,2026-08-15,30,3,5,1,10.0,Delivered
7555,2026-08-15,36,8,5,1,6.0,Delivered
7556,2026-08-15,42,1,5,1,7.0,Failed
7557,2026-08-15,48,7,5,1,10.0,Delivered
7558,2026-08-15,54,4,5,1,5.0,Delivered
7559,2026-08-15,60,1,5,1,7.0,Delivered
7560,2026-08-15,60,3,5,1,10.0,Delivered
7561,2026-08-15,66,3,5,1,10.0,Delivered
7562,2026-08-15,66,6,5,1,5.0,Delivered
7563,2026-08-16,1,2,1,2,5.5,Delivered
7564,2026-08-16,1,4,1,1,5.0,Delivered
7565,2026-08-16,7,3,1,1,10.0,Delivered
7566,2026-08-16,7,8,1,1,6.0,Delivered
7567,2026-08-16,13,5,1,1,5.0,Delivered
7568,2026-08-16,19,1,1,2,7.0,Delivered
7569,2026-08-16,19,5,1,2,5.0,Delivered
7570,2026-08-16,19,6,1,1,5.0,Delivered
7571,2026-08-16,25,3,1,1,10.0,Delivered
7572,2026-08-16,25,7,1,1,10.0,Delivered
7573,2026-08-16,31,1,1,1,7.0,Delivered
7574,2026-08-16,31,4,1,1,5.0,Delivered
7575,2026-08-16,31,5,1,1,5.0,Delivered
7576,2026-08-16,37,4,1,2,5.0,Delivered
7577,2026-08-16,37,7,1,1,10.0,Delivered
7578,2026-08-16,43,6,1,1,5.0,Delivered
7579,2026-08-16,49,4,1,1,5.0,Delivered
7580,2026-08-16,49,7,1,1,10.0,Delivered
7581,2026-08-16,55,5,1,1,5.0,Delivered
7582,2026-08-16,61,1,1,1,7.0,Delivered
7583,2026-08-16,68,3,1,1,10.0,Delivered
7584,2026-08-16,68,5,1,1,5.0,Delivered
7585,2026-08-16,2,1,2,1,7.0,Delivered
7586,2026-08-16,2,3,2,1,10.0,Delivered
7587,2026-08-16,8,5,2,1,5.0,Delivered
7588,2026-08-16,14,4,2,1,5.0,Delivered
7589,2026-08-16,20,1,2,1,7.0,Delivered
7590,2026-08-16,20,2,2,1,5.5,Delivered
7591,2026-08-16,20,7,2,1,10.0,Delivered
7592,2026-08-16,26,2,2,1,5.5,Delivered
7593,2026-08-16,32,3,2,1,10.0,Delivered
7594,2026-08-16,32,4,2,1,5.0,Delivered
7595,2026-08-16,38,4,2,1,5.0,Delivered
7596,2026-08-16,38,5,2,2,5.0,Delivered
7597,2026-08-16,44,1,2,1,7.0,Delivered
7598,2026-08-16,50,3,2,1,10.0,Delivered
7599,2026-08-16,50,4,2,1,5.0,Delivered
7600,2026-08-16,56,1,2,1,7.0,Delivered
7601,2026-08-16,56,2,2,1,5.5,Delivered
7602,2026-08-16,62,3,2,1,10.0,Delivered
7603,2026-08-16,64,1,2,1,7.0,Delivered
7604,2026-08-16,64,2,2,1,5.5,Delivered
7605,2026-08-16,65,3,2,2,10.0,Delivered
7606,2026-08-16,3,1,3,1,7.0,Delivered
7607,2026-08-16,3,2,3,1,5.5,Delivered
7608,2026-08-16,3,6,3,1,5.0,Delivered
7609,2026-08-16,15,2,3,1,5.5,Delivered
7610,2026-08-16,15,4,3,2,5.0,Delivered
7611,2026-08-16,15,5,3,1,5.0,Delivered
7612,2026-08-16,21,1,3,2,7.0,Delivered
7613,2026-08-16,27,1,3,1,7.0,Delivered
7614,2026-08-16,27,4,3,1,5.0,Delivered
7615,2026-08-16,27,5,3,1,5.0,Delivered
7616,2026-08-16,33,6,3,1,5.0,Delivered
7617,2026-08-16,39,3,3,1,10.0,Delivered
7618,2026-08-16,45,1,3,1,7.0,Delivered
7619,2026-08-16,45,2,3,1,5.5,Delivered
7620,2026-08-16,51,3,3,1,10.0,Delivered
7621,2026-08-16,51,4,3,1,5.0,Delivered
7622,2026-08-16,57,1,3,1,7.0,Delivered
7623,2026-08-16,4,2,4,1,5.5,Delivered
7624,2026-08-16,10,1,4,1,7.0,Delivered
7625,2026-08-16,10,3,4,1,10.0,Delivered
7626,2026-08-16,10,5,4,1,5.0,Delivered
7627,2026-08-16,16,2,4,1,5.5,Delivered
7628,2026-08-16,22,1,4,1,7.0,Delivered
7629,2026-08-16,22,5,4,1,5.0,Delivered
7630,2026-08-16,28,1,4,1,7.0,Delivered
7631,2026-08-16,28,5,4,1,5.0,Delivered
7632,2026-08-16,34,3,4,1,10.0,Delivered
7633,2026-08-16,40,4,4,1,5.0,Delivered
7634,2026-08-16,46,3,4,1,10.0,Delivered
7635,2026-08-16,58,2,4,2,5.5,Delivered
7636,2026-08-16,67,2,4,1,5.5,Delivered
7637,2026-08-16,5,1,5,1,7.0,Delivered
7638,2026-08-16,11,4,5,1,5.0,Delivered
7639,2026-08-16,17,2,5,1,5.5,Delivered
7640,2026-08-16,17,5,5,1,5.0,Delivered
7641,2026-08-16,23,2,5,1,5.5,Delivered
7642,2026-08-16,29,3,5,1,10.0,Delivered
7643,2026-08-16,29,4,5,1,5.0,Delivered
7644,2026-08-16,35,2,5,2,5.5,Delivered
7645,2026-08-16,35,6,5,1,5.0,Delivered
7646,2026-08-16,41,1,5,1,7.0,Delivered
7647,2026-08-16,47,1,5,1,7.0,Delivered
7648,2026-08-16,47,2,5,1,5.5,Delivered
7649,2026-08-16,47,5,5,1,5.0,Delivered
7650,2026-08-16,53,2,5,1,5.5,Delivered
7651,2026-08-16,53,3,5,1,10.0,Delivered
7652,2026-08-16,59,3,5,1,10.0,Delivered
7653,2026-08-16,63,2,5,1,5.5,Delivered
7654,2026-08-16,63,4,5,2,5.0,Delivered
7655,2026-08-16,12,6,5,1,5.0,Delivered
7656,2026-08-16,18,4,5,1,5.0,Delivered
7657,2026-08-16,24,7,5,1,10.0,Delivered
7658,2026-08-16,30,3,5,1,10.0,Delivered
7659,2026-08-16,36,8,5,1,6.0,Delivered
7660,2026-08-16,42,1,5,1,7.0,Delivered
7661,2026-08-16,48,7,5,1,10.0,Delivered
7662,2026-08-16,54,4,5,1,5.0,Delivered
7663,2026-08-16,60,1,5,1,7.0,Delivered
7664,2026-08-16,60,3,5,1,10.0,Delivered
7665,2026-08-16,66,3,5,1,10.0,Delivered
7666,2026-08-16,66,6,5,1,5.0,Delivered
7667,2026-08-17,1,2,1,2,5.5,Delivered
7668,2026-08-17,1,4,1,1,5.0,Delivered
7669,2026-08-17,7,3,1,1,10.0,Delivered
7670,2026-08-17,7,8,1,1,6.0,Delivered
7671,2026-08-17,13,5,1,1,5.0,Delivered
7672,2026-08-17,19,1,1,2,7.0,Delivered
7673,2026-08-17,19,5,1,2,5.0,Delivered
7674,2026-08-17,19,6,1,1,5.0,Delivered
7675,2026-08-17,25,3,1,1,10.0,Delivered
7676,2026-08-17,25,7,1,1,10.0,Delivered
7677,2026-08-17,31,1,1,1,7.0,Delivered
7678,2026-08-17,31,4,1,1,5.0,Delivered
7679,2026-08-17,31,5,1,1,5.0,Delivered
7680,2026-08-17,37,4,1,2,5.0,Delivered
7681,2026-08-17,37,7,1,1,10.0,Delivered
7682,2026-08-17,43,6,1,1,5.0,Delivered
7683,2026-08-17,49,4,1,1,5.0,Delivered
7684,2026-08-17,49,7,1,1,10.0,Delivered
7685,2026-08-17,55,5,1,1,5.0,Delivered
7686,2026-08-17,61,1,1,1,7.0,Delivered
7687,2026-08-17,68,3,1,1,10.0,Failed
7688,2026-08-17,68,5,1,1,5.0,Delivered
7689,2026-08-17,2,1,2,1,7.0,Delivered
7690,2026-08-17,2,3,2,1,10.0,Delivered
7691,2026-08-17,8,5,2,1,5.0,Delivered
7692,2026-08-17,14,4,2,1,5.0,Delivered
7693,2026-08-17,20,1,2,1,7.0,Delivered
7694,2026-08-17,20,2,2,1,5.5,Delivered
7695,2026-08-17,20,7,2,1,10.0,Delivered
7696,2026-08-17,26,2,2,1,5.5,Delivered
7697,2026-08-17,32,3,2,1,10.0,Delivered
7698,2026-08-17,32,4,2,1,5.0,Delivered
7699,2026-08-17,38,4,2,1,5.0,Delivered
7700,2026-08-17,38,5,2,2,5.0,Delivered
7701,2026-08-17,44,1,2,1,7.0,Delivered
7702,2026-08-17,50,3,2,1,10.0,Delivered
7703,2026-08-17,50,4,2,1,5.0,Delivered
7704,2026-08-17,56,1,2,1,7.0,Delivered
7705,2026-08-17,56,2,2,1,5.5,Delivered
7706,2026-08-17,62,3,2,1,10.0,Delivered
7707,2026-08-17,64,1,2,1,7.0,Delivered
7708,2026-08-17,64,2,2,1,5.5,Delivered
7709,2026-08-17,65,3,2,2,10.0,Delivered
7710,2026-08-17,3,1,3,1,7.0,Delivered
7711,2026-08-17,3,2,3,1,5.5,Delivered
7712,2026-08-17,3,6,3,1,5.0,Delivered
7713,2026-08-17,9,7,3,2,10.0,Delivered
7714,2026-08-17,15,2,3,1,5.5,Delivered
7715,2026-08-17,15,4,3,2,5.0,Delivered
7716,2026-08-17,15,5,3,1,5.0,Delivered
7717,2026-08-17,21,1,3,2,7.0,Delivered
7718,2026-08-17,27,1,3,1,7.0,Delivered
7719,2026-08-17,27,4,3,1,5.0,Delivered
7720,2026-08-17,27,5,3,1,5.0,Delivered
7721,2026-08-17,33,6,3,1,5.0,Delivered
7722,2026-08-17,39,3,3,1,10.0,Delivered
7723,2026-08-17,45,1,3,1,7.0,Delivered
7724,2026-08-17,45,2,3,1,5.5,Delivered
7725,2026-08-17,51,3,3,1,10.0,Delivered
7726,2026-08-17,51,4,3,1,5.0,Delivered
7727,2026-08-17,57,1,3,1,7.0,Delivered
7728,2026-08-17,4,2,4,1,5.5,Delivered
7729,2026-08-17,10,1,4,1,7.0,Delivered
7730,2026-08-17,10,3,4,1,10.0,Delivered
7731,2026-08-17,10,5,4,1,5.0,Delivered
7732,2026-08-17,16,2,4,1,5.5,Delivered
7733,2026-08-17,22,1,4,1,7.0,Delivered
7734,2026-08-17,22,5,4,1,5.0,Delivered
7735,2026-08-17,28,1,4,1,7.0,Delivered
7736,2026-08-17,28,5,4,1,5.0,Delivered
7737,2026-08-17,34,3,4,1,10.0,Delivered
7738,2026-08-17,40,4,4,1,5.0,Delivered
7739,2026-08-17,46,3,4,1,10.0,Delivered
7740,2026-08-17,58,2,4,2,5.5,Delivered
7741,2026-08-17,67,2,4,1,5.5,Delivered
7742,2026-08-17,5,1,5,1,7.0,Delivered
7743,2026-08-17,11,4,5,1,5.0,Delivered
7744,2026-08-17,17,2,5,1,5.5,Delivered
7745,2026-08-17,17,5,5,1,5.0,Delivered
7746,2026-08-17,23,2,5,1,5.5,Failed
7747,2026-08-17,29,3,5,1,10.0,Delivered
7748,2026-08-17,29,4,5,1,5.0,Delivered
7749,2026-08-17,35,2,5,2,5.5,Delivered
7750,2026-08-17,35,6,5,1,5.0,Delivered
7751,2026-08-17,41,1,5,1,7.0,Delivered
7752,2026-08-17,47,1,5,1,7.0,Delivered
7753,2026-08-17,47,2,5,1,5.5,Delivered
7754,2026-08-17,47,5,5,1,5.0,Delivered
7755,2026-08-17,53,2,5,1,5.5,Delivered
7756,2026-08-17,53,3,5,1,10.0,Delivered
7757,2026-08-17,59,3,5,1,10.0,Delivered
7758,2026-08-17,63,2,5,1,5.5,Delivered
7759,2026-08-17,63,4,5,2,5.0,Delivered
7760,2026-08-17,12,6,5,1,5.0,Delivered
7761,2026-08-17,18,4,5,1,5.0,Delivered
7762,2026-08-17,24,7,5,1,10.0,Delivered
7763,2026-08-17,30,3,5,1,10.0,Delivered
7764,2026-08-17,36,8,5,1,6.0,Delivered
7765,2026-08-17,42,1,5,1,7.0,Delivered
7766,2026-08-17,48,7,5,1,10.0,Delivered
7767,2026-08-17,54,4,5,1,5.0,Delivered
7768,2026-08-17,60,1,5,1,7.0,Delivered
7769,2026-08-17,60,3,5,1,10.0,Delivered
7770,2026-08-17,66,3,5,1,10.0,Delivered
7771,2026-08-17,66,6,5,1,5.0,Delivered
7772,2026-08-18,1,2,1,2,5.5,Delivered
7773,2026-08-18,1,4,1,1,5.0,Delivered
7774,2026-08-18,7,3,1,1,10.0,Delivered
7775,2026-08-18,7,8,1,1,6.0,Delivered
7776,2026-08-18,13,5,1,1,5.0,Delivered
7777,2026-08-18,19,1,1,2,7.0,Delivered
7778,2026-08-18,19,5,1,2,5.0,Delivered
7779,2026-08-18,19,6,1,1,5.0,Failed
7780,2026-08-18,25,3,1,1,10.0,Delivered
7781,2026-08-18,25,7,1,1,10.0,Delivered
7782,2026-08-18,31,1,1,1,7.0,Delivered
7783,2026-08-18,31,4,1,1,5.0,Delivered
7784,2026-08-18,31,5,1,1,5.0,Delivered
7785,2026-08-18,37,4,1,2,5.0,Delivered
7786,2026-08-18,37,7,1,1,10.0,Delivered
7787,2026-08-18,43,6,1,1,5.0,Delivered
7788,2026-08-18,49,4,1,1,5.0,Delivered
7789,2026-08-18,49,7,1,1,10.0,Failed
7790,2026-08-18,55,5,1,1,5.0,Delivered
7791,2026-08-18,61,1,1,1,7.0,Delivered
7792,2026-08-18,68,3,1,1,10.0,Delivered
7793,2026-08-18,68,5,1,1,5.0,Delivered
7794,2026-08-18,2,1,2,1,7.0,Delivered
7795,2026-08-18,2,3,2,1,10.0,Delivered
7796,2026-08-18,8,5,2,1,5.0,Delivered
7797,2026-08-18,14,4,2,1,5.0,Delivered
7798,2026-08-18,20,1,2,1,7.0,Delivered
7799,2026-08-18,20,2,2,1,5.5,Delivered
7800,2026-08-18,20,7,2,1,10.0,Delivered
7801,2026-08-18,26,2,2,1,5.5,Delivered
7802,2026-08-18,32,3,2,1,10.0,Delivered
7803,2026-08-18,32,4,2,1,5.0,Delivered
7804,2026-08-18,38,4,2,1,5.0,Delivered
7805,2026-08-18,38,5,2,2,5.0,Delivered
7806,2026-08-18,44,1,2,1,7.0,Delivered
7807,2026-08-18,50,3,2,1,10.0,Delivered
7808,2026-08-18,50,4,2,1,5.0,Delivered
7809,2026-08-18,56,1,2,1,7.0,Delivered
7810,2026-08-18,56,2,2,1,5.5,Delivered
7811,2026-08-18,62,3,2,1,10.0,Delivered
7812,2026-08-18,64,1,2,1,7.0,Delivered
7813,2026-08-18,64,2,2,1,5.5,Delivered
7814,2026-08-18,65,3,2,2,10.0,Delivered
7815,2026-08-18,3,1,3,1,7.0,Delivered
7816,2026-08-18,3,2,3,1,5.5,Delivered
7817,2026-08-18,3,6,3,1,5.0,Delivered
7818,2026-08-18,9,7,3,2,10.0,Delivered
7819,2026-08-18,15,2,3,1,5.5,Delivered
7820,2026-08-18,15,4,3,2,5.0,Delivered
7821,2026-08-18,15,5,3,1,5.0,Delivered
7822,2026-08-18,21,1,3,2,7.0,Delivered
7823,2026-08-18,27,1,3,1,7.0,Delivered
7824,2026-08-18,27,4,3,1,5.0,Delivered
7825,2026-08-18,27,5,3,1,5.0,Delivered
7826,2026-08-18,33,6,3,1,5.0,Delivered
7827,2026-08-18,39,3,3,1,10.0,Delivered
7828,2026-08-18,45,1,3,1,7.0,Delivered
7829,2026-08-18,45,2,3,1,5.5,Delivered
7830,2026-08-18,51,3,3,1,10.0,Delivered
7831,2026-08-18,51,4,3,1,5.0,Delivered
7832,2026-08-18,57,1,3,1,7.0,Delivered
7833,2026-08-18,4,2,4,1,5.5,Delivered
7834,2026-08-18,10,1,4,1,7.0,Delivered
7835,2026-08-18,10,3,4,1,10.0,Delivered
7836,2026-08-18,10,5,4,1,5.0,Delivered
7837,2026-08-18,16,2,4,1,5.5,Delivered
7838,2026-08-18,22,1,4,1,7.0,Delivered
7839,2026-08-18,22,5,4,1,5.0,Delivered
7840,2026-08-18,28,1,4,1,7.0,Delivered
7841,2026-08-18,28,5,4,1,5.0,Delivered
7842,2026-08-18,40,4,4,1,5.0,Delivered
7843,2026-08-18,46,3,4,1,10.0,Delivered
7844,2026-08-18,58,2,4,2,5.5,Delivered
7845,2026-08-18,67,2,4,1,5.5,Delivered
7846,2026-08-18,5,1,5,1,7.0,Delivered
7847,2026-08-18,11,4,5,1,5.0,Delivered
7848,2026-08-18,17,2,5,1,5.5,Delivered
7849,2026-08-18,17,5,5,1,5.0,Delivered
7850,2026-08-18,23,2,5,1,5.5,Delivered
7851,2026-08-18,29,3,5,1,10.0,Delivered
7852,2026-08-18,29,4,5,1,5.0,Delivered
7853,2026-08-18,35,2,5,2,5.5,Delivered
7854,2026-08-18,35,6,5,1,5.0,Delivered
7855,2026-08-18,41,1,5,1,7.0,Delivered
7856,2026-08-18,47,1,5,1,7.0,Delivered
7857,2026-08-18,47,2,5,1,5.5,Delivered
7858,2026-08-18,47,5,5,1,5.0,Delivered
7859,2026-08-18,53,2,5,1,5.5,Delivered
7860,2026-08-18,53,3,5,1,10.0,Delivered
7861,2026-08-18,59,3,5,1,10.0,Delivered
7862,2026-08-18,63,2,5,1,5.5,Delivered
7863,2026-08-18,63,4,5,2,5.0,Delivered
7864,2026-08-18,12,6,5,1,5.0,Delivered
7865,2026-08-18,18,4,5,1,5.0,Delivered
7866,2026-08-18,24,7,5,1,10.0,Delivered
7867,2026-08-18,30,3,5,1,10.0,Delivered
7868,2026-08-18,36,8,5,1,6.0,Delivered
7869,2026-08-18,42,1,5,1,7.0,Delivered
7870,2026-08-18,48,7,5,1,10.0,Delivered
7871,2026-08-18,54,4,5,1,5.0,Delivered
7872,2026-08-18,60,1,5,1,7.0,Delivered
7873,2026-08-18,60,3,5,1,10.0,Delivered
7874,2026-08-18,66,3,5,1,10.0,Delivered
7875,2026-08-18,66,6,5,1,5.0,Delivered
7876,2026-08-19,1,2,1,2,5.5,Delivered
7877,2026-08-19,1,4,1,1,5.0,Delivered
7878,2026-08-19,7,3,1,1,10.0,Delivered
7879,2026-08-19,7,8,1,1,6.0,Delivered
7880,2026-08-19,13,5,1,1,5.0,Delivered
7881,2026-08-19,19,1,1,2,7.0,Delivered
7882,2026-08-19,19,5,1,2,5.0,Delivered
7883,2026-08-19,19,6,1,1,5.0,Delivered
7884,2026-08-19,25,3,1,1,10.0,Delivered
7885,2026-08-19,25,7,1,1,10.0,Delivered
7886,2026-08-19,31,1,1,1,7.0,Delivered
7887,2026-08-19,31,4,1,1,5.0,Delivered
7888,2026-08-19,31,5,1,1,5.0,Delivered
7889,2026-08-19,37,4,1,2,5.0,Delivered
7890,2026-08-19,37,7,1,1,10.0,Delivered
7891,2026-08-19,43,6,1,1,5.0,Delivered
7892,2026-08-19,49,4,1,1,5.0,Delivered
7893,2026-08-19,49,7,1,1,10.0,Delivered
7894,2026-08-19,55,5,1,1,5.0,Delivered
7895,2026-08-19,61,1,1,1,7.0,Delivered
7896,2026-08-19,68,3,1,1,10.0,Delivered
7897,2026-08-19,68,5,1,1,5.0,Delivered
7898,2026-08-19,69,2,1,1,5.5,Failed
7899,2026-08-19,69,5,1,1,5.0,Delivered
7900,2026-08-19,2,1,2,1,7.0,Delivered
7901,2026-08-19,2,3,2,1,10.0,Delivered
7902,2026-08-19,8,5,2,1,5.0,Delivered
7903,2026-08-19,14,4,2,1,5.0,Delivered
7904,2026-08-19,20,1,2,1,7.0,Delivered
7905,2026-08-19,20,2,2,1,5.5,Delivered
7906,2026-08-19,20,7,2,1,10.0,Delivered
7907,2026-08-19,26,2,2,1,5.5,Delivered
7908,2026-08-19,32,3,2,1,10.0,Delivered
7909,2026-08-19,32,4,2,1,5.0,Delivered
7910,2026-08-19,38,4,2,1,5.0,Delivered
7911,2026-08-19,38,5,2,2,5.0,Delivered
7912,2026-08-19,44,1,2,1,7.0,Delivered
7913,2026-08-19,50,3,2,1,10.0,Delivered
7914,2026-08-19,50,4,2,1,5.0,Delivered
7915,2026-08-19,56,1,2,1,7.0,Delivered
7916,2026-08-19,56,2,2,1,5.5,Delivered
7917,2026-08-19,62,3,2,1,10.0,Delivered
7918,2026-08-19,64,1,2,1,7.0,Delivered
7919,2026-08-19,64,2,2,1,5.5,Delivered
7920,2026-08-19,65,3,2,2,10.0,Delivered
7921,2026-08-19,3,1,3,1,7.0,Delivered
7922,2026-08-19,3,2,3,1,5.5,Delivered
7923,2026-08-19,3,6,3,1,5.0,Delivered
7924,2026-08-19,9,7,3,2,10.0,Delivered
7925,2026-08-19,15,2,3,1,5.5,Delivered
7926,2026-08-19,15,4,3,2,5.0,Delivered
7927,2026-08-19,15,5,3,1,5.0,Delivered
7928,2026-08-19,21,1,3,2,7.0,Delivered
7929,2026-08-19,27,1,3,1,7.0,Delivered
7930,2026-08-19,27,4,3,1,5.0,Delivered
7931,2026-08-19,27,5,3,1,5.0,Delivered
7932,2026-08-19,33,6,3,1,5.0,Delivered
7933,2026-08-19,39,3,3,1,10.0,Delivered
7934,2026-08-19,45,1,3,1,7.0,Delivered
7935,2026-08-19,45,2,3,1,5.5,Delivered
7936,2026-08-19,51,3,3,1,10.0,Delivered
7937,2026-08-19,51,4,3,1,5.0,Delivered
7938,2026-08-19,57,1,3,1,7.0,Delivered
7939,2026-08-19,4,2,4,1,5.5,Delivered
7940,2026-08-19,10,1,4,1,7.0,Delivered
7941,2026-08-19,10,3,4,1,10.0,Delivered
7942,2026-08-19,10,5,4,1,5.0,Delivered
7943,2026-08-19,16,2,4,1,5.5,Delivered
7944,2026-08-19,22,1,4,1,7.0,Delivered
7945,2026-08-19,22,5,4,1,5.0,Delivered
7946,2026-08-19,40,4,4,1,5.0,Delivered
7947,2026-08-19,46,3,4,1,10.0,Delivered
7948,2026-08-19,58,2,4,2,5.5,Delivered
7949,2026-08-19,67,2,4,1,5.5,Delivered
7950,2026-08-19,5,1,5,1,7.0,Delivered
7951,2026-08-19,11,4,5,1,5.0,Delivered
7952,2026-08-19,17,2,5,1,5.5,Delivered
7953,2026-08-19,17,5,5,1,5.0,Delivered
7954,2026-08-19,23,2,5,1,5.5,Delivered
7955,2026-08-19,29,3,5,1,10.0,Delivered
7956,2026-08-19,29,4,5,1,5.0,Delivered
7957,2026-08-19,35,2,5,2,5.5,Delivered
7958,2026-08-19,35,6,5,1,5.0,Delivered
7959,2026-08-19,41,1,5,1,7.0,Delivered
7960,2026-08-19,47,1,5,1,7.0,Delivered
7961,2026-08-19,47,2,5,1,5.5,Delivered
7962,2026-08-19,47,5,5,1,5.0,Delivered
7963,2026-08-19,53,2,5,1,5.5,Delivered
7964,2026-08-19,53,3,5,1,10.0,Delivered
7965,2026-08-19,59,3,5,1,10.0,Delivered
7966,2026-08-19,63,2,5,1,5.5,Delivered
7967,2026-08-19,63,4,5,2,5.0,Delivered
7968,2026-08-19,12,6,5,1,5.0,Delivered
7969,2026-08-19,18,4,5,1,5.0,Delivered
7970,2026-08-19,24,7,5,1,10.0,Delivered
7971,2026-08-19,30,3,5,1,10.0,Delivered
7972,2026-08-19,36,8,5,1,6.0,Delivered
7973,2026-08-19,42,1,5,1,7.0,Delivered
7974,2026-08-19,48,7,5,1,10.0,Delivered
7975,2026-08-19,54,4,5,1,5.0,Delivered
7976,2026-08-19,60,1,5,1,7.0,Delivered
7977,2026-08-19,60,3,5,1,10.0,Delivered
7978,2026-08-19,66,3,5,1,10.0,Delivered
7979,2026-08-19,66,6,5,1,5.0,Delivered
7980,2026-08-20,1,2,1,2,5.5,Delivered
7981,2026-08-20,1,4,1,1,5.0,Delivered
7982,2026-08-20,7,3,1,1,10.0,Delivered
7983,2026-08-20,7,8,1,1,6.0,Delivered
7984,2026-08-20,13,5,1,1,5.0,Delivered
7985,2026-08-20,19,1,1,2,7.0,Delivered
7986,2026-08-20,19,5,1,2,5.0,Delivered
7987,2026-08-20,19,6,1,1,5.0,Delivered
7988,2026-08-20,25,3,1,1,10.0,Delivered
7989,2026-08-20,25,7,1,1,10.0,Delivered
7990,2026-08-20,31,1,1,1,7.0,Delivered
7991,2026-08-20,31,4,1,1,5.0,Delivered
7992,2026-08-20,31,5,1,1,5.0,Delivered
7993,2026-08-20,37,4,1,2,5.0,Delivered
7994,2026-08-20,37,7,1,1,10.0,Delivered
7995,2026-08-20,43,6,1,1,5.0,Delivered
7996,2026-08-20,49,4,1,1,5.0,Delivered
7997,2026-08-20,49,7,1,1,10.0,Delivered
7998,2026-08-20,55,5,1,1,5.0,Delivered
7999,2026-08-20,61,1,1,1,7.0,Delivered
8000,2026-08-20,68,3,1,1,10.0,Delivered
8001,2026-08-20,68,5,1,1,5.0,Delivered
8002,2026-08-20,69,2,1,1,5.5,Delivered
8003,2026-08-20,69,5,1,1,5.0,Delivered
8004,2026-08-20,2,1,2,1,7.0,Delivered
8005,2026-08-20,2,3,2,1,10.0,Delivered
8006,2026-08-20,8,5,2,1,5.0,Delivered
8007,2026-08-20,14,4,2,1,5.0,Delivered
8008,2026-08-20,20,1,2,1,7.0,Delivered
8009,2026-08-20,20,2,2,1,5.5,Delivered
8010,2026-08-20,20,7,2,1,10.0,Delivered
8011,2026-08-20,26,2,2,1,5.5,Delivered
8012,2026-08-20,32,3,2,1,10.0,Delivered
8013,2026-08-20,32,4,2,1,5.0,Delivered
8014,2026-08-20,38,4,2,1,5.0,Delivered
8015,2026-08-20,38,5,2,2,5.0,Delivered
8016,2026-08-20,44,1,2,1,7.0,Delivered
8017,2026-08-20,50,3,2,1,10.0,Delivered
8018,2026-08-20,50,4,2,1,5.0,Delivered
8019,2026-08-20,56,1,2,1,7.0,Delivered
8020,2026-08-20,56,2,2,1,5.5,Delivered
8021,2026-08-20,62,3,2,1,10.0,Delivered
8022,2026-08-20,64,1,2,1,7.0,Delivered
8023,2026-08-20,64,2,2,1,5.5,Delivered
8024,2026-08-20,65,3,2,2,10.0,Delivered
8025,2026-08-20,3,1,3,1,7.0,Delivered
8026,2026-08-20,3,2,3,1,5.5,Delivered
8027,2026-08-20,3,6,3,1,5.0,Delivered
8028,2026-08-20,9,7,3,2,10.0,Delivered
8029,2026-08-20,15,2,3,1,5.5,Delivered
8030,2026-08-20,15,4,3,2,5.0,Delivered
8031,2026-08-20,15,5,3,1,5.0,Delivered
8032,2026-08-20,21,1,3,2,7.0,Delivered
8033,2026-08-20,27,1,3,1,7.0,Delivered
8034,2026-08-20,27,4,3,1,5.0,Delivered
8035,2026-08-20,27,5,3,1,5.0,Delivered
8036,2026-08-20,33,6,3,1,5.0,Delivered
8037,2026-08-20,39,3,3,1,10.0,Delivered
8038,2026-08-20,45,1,3,1,7.0,Delivered
8039,2026-08-20,45,2,3,1,5.5,Delivered
8040,2026-08-20,51,3,3,1,10.0,Delivered
8041,2026-08-20,51,4,3,1,5.0,Delivered
8042,2026-08-20,57,1,3,1,7.0,Failed
8043,2026-08-20,4,2,4,1,5.5,Failed
8044,2026-08-20,10,1,4,1,7.0,Delivered
8045,2026-08-20,10,3,4,1,10.0,Delivered
8046,2026-08-20,10,5,4,1,5.0,Delivered
8047,2026-08-20,16,2,4,1,5.5,Delivered
8048,2026-08-20,22,1,4,1,7.0,Delivered
8049,2026-08-20,22,5,4,1,5.0,Delivered
8050,2026-08-20,40,4,4,1,5.0,Delivered
8051,2026-08-20,46,3,4,1,10.0,Delivered
8052,2026-08-20,58,2,4,2,5.5,Delivered
8053,2026-08-20,67,2,4,1,5.5,Delivered
8054,2026-08-20,5,1,5,1,7.0,Delivered
8055,2026-08-20,11,4,5,1,5.0,Delivered
8056,2026-08-20,17,2,5,1,5.5,Delivered
8057,2026-08-20,17,5,5,1,5.0,Delivered
8058,2026-08-20,23,2,5,1,5.5,Delivered
8059,2026-08-20,29,3,5,1,10.0,Delivered
8060,2026-08-20,29,4,5,1,5.0,Delivered
8061,2026-08-20,35,2,5,2,5.5,Delivered
8062,2026-08-20,35,6,5,1,5.0,Delivered
8063,2026-08-20,41,1,5,1,7.0,Delivered
8064,2026-08-20,47,1,5,1,7.0,Delivered
8065,2026-08-20,47,2,5,1,5.5,Delivered
8066,2026-08-20,47,5,5,1,5.0,Delivered
8067,2026-08-20,53,2,5,1,5.5,Delivered
8068,2026-08-20,53,3,5,1,10.0,Delivered
8069,2026-08-20,59,3,5,1,10.0,Delivered
8070,2026-08-20,63,2,5,1,5.5,Delivered
8071,2026-08-20,63,4,5,2,5.0,Delivered
8072,2026-08-20,12,6,5,1,5.0,Delivered
8073,2026-08-20,18,4,5,1,5.0,Delivered
8074,2026-08-20,24,7,5,1,10.0,Delivered
8075,2026-08-20,30,3,5,1,10.0,Delivered
8076,2026-08-20,36,8,5,1,6.0,Delivered
8077,2026-08-20,42,1,5,1,7.0,Delivered
8078,2026-08-20,48,7,5,1,10.0,Delivered
8079,2026-08-20,54,4,5,1,5.0,Delivered
8080,2026-08-20,60,1,5,1,7.0,Delivered
8081,2026-08-20,60,3,5,1,10.0,Delivered
8082,2026-08-20,66,3,5,1,10.0,Delivered
8083,2026-08-20,66,6,5,1,5.0,Delivered
8084,2026-08-21,1,2,1,2,5.5,Delivered
8085,2026-08-21,1,4,1,1,5.0,Delivered
8086,2026-08-21,7,3,1,1,10.0,Delivered
8087,2026-08-21,7,8,1,1,6.0,Delivered
8088,2026-08-21,13,5,1,1,5.0,Delivered
8089,2026-08-21,19,1,1,2,7.0,Delivered
8090,2026-08-21,19,5,1,2,5.0,Delivered
8091,2026-08-21,19,6,1,1,5.0,Delivered
8092,2026-08-21,25,3,1,1,10.0,Delivered
8093,2026-08-21,25,7,1,1,10.0,Delivered
8094,2026-08-21,31,1,1,1,7.0,Delivered
8095,2026-08-21,31,4,1,1,5.0,Delivered
8096,2026-08-21,31,5,1,1,5.0,Delivered
8097,2026-08-21,37,4,1,2,5.0,Delivered
8098,2026-08-21,37,7,1,1,10.0,Delivered
8099,2026-08-21,43,6,1,1,5.0,Delivered
8100,2026-08-21,49,4,1,1,5.0,Delivered
8101,2026-08-21,49,7,1,1,10.0,Delivered
8102,2026-08-21,55,5,1,1,5.0,Delivered
8103,2026-08-21,61,1,1,1,7.0,Delivered
8104,2026-08-21,68,3,1,1,10.0,Delivered
8105,2026-08-21,68,5,1,1,5.0,Delivered
8106,2026-08-21,69,2,1,1,5.5,Delivered
8107,2026-08-21,69,5,1,1,5.0,Delivered
8108,2026-08-21,2,1,2,1,7.0,Delivered
8109,2026-08-21,2,3,2,1,10.0,Delivered
8110,2026-08-21,8,5,2,1,5.0,Delivered
8111,2026-08-21,14,4,2,1,5.0,Delivered
8112,2026-08-21,20,1,2,1,7.0,Delivered
8113,2026-08-21,20,2,2,1,5.5,Delivered
8114,2026-08-21,20,7,2,1,10.0,Delivered
8115,2026-08-21,26,2,2,1,5.5,Delivered
8116,2026-08-21,32,3,2,1,10.0,Delivered
8117,2026-08-21,32,4,2,1,5.0,Delivered
8118,2026-08-21,38,4,2,1,5.0,Delivered
8119,2026-08-21,38,5,2,2,5.0,Delivered
8120,2026-08-21,44,1,2,1,7.0,Delivered
8121,2026-08-21,50,3,2,1,10.0,Delivered
8122,2026-08-21,50,4,2,1,5.0,Delivered
8123,2026-08-21,56,1,2,1,7.0,Delivered
8124,2026-08-21,56,2,2,1,5.5,Delivered
8125,2026-08-21,62,3,2,1,10.0,Delivered
8126,2026-08-21,64,1,2,1,7.0,Delivered
8127,2026-08-21,64,2,2,1,5.5,Delivered
8128,2026-08-21,65,3,2,2,10.0,Delivered
8129,2026-08-21,3,1,3,1,7.0,Delivered
8130,2026-08-21,3,2,3,1,5.5,Delivered
8131,2026-08-21,3,6,3,1,5.0,Delivered
8132,2026-08-21,9,7,3,2,10.0,Delivered
8133,2026-08-21,15,2,3,1,5.5,Delivered
8134,2026-08-21,15,4,3,2,5.0,Delivered
8135,2026-08-21,15,5,3,1,5.0,Delivered
8136,2026-08-21,21,1,3,2,7.0,Delivered
8137,2026-08-21,27,1,3,1,7.0,Delivered
8138,2026-08-21,27,4,3,1,5.0,Delivered
8139,2026-08-21,27,5,3,1,5.0,Delivered
8140,2026-08-21,33,6,3,1,5.0,Delivered
8141,2026-08-21,39,3,3,1,10.0,Delivered
8142,2026-08-21,45,1,3,1,7.0,Delivered
8143,2026-08-21,45,2,3,1,5.5,Delivered
8144,2026-08-21,51,3,3,1,10.0,Delivered
8145,2026-08-21,51,4,3,1,5.0,Delivered
8146,2026-08-21,57,1,3,1,7.0,Delivered
8147,2026-08-21,4,2,4,1,5.5,Delivered
8148,2026-08-21,10,1,4,1,7.0,Delivered
8149,2026-08-21,10,3,4,1,10.0,Delivered
8150,2026-08-21,10,5,4,1,5.0,Delivered
8151,2026-08-21,16,2,4,1,5.5,Delivered
8152,2026-08-21,22,1,4,1,7.0,Delivered
8153,2026-08-21,22,5,4,1,5.0,Delivered
8154,2026-08-21,40,4,4,1,5.0,Delivered
8155,2026-08-21,46,3,4,1,10.0,Delivered
8156,2026-08-21,58,2,4,2,5.5,Delivered
8157,2026-08-21,67,2,4,1,5.5,Delivered
8158,2026-08-21,5,1,5,1,7.0,Delivered
8159,2026-08-21,11,4,5,1,5.0,Delivered
8160,2026-08-21,17,2,5,1,5.5,Delivered
8161,2026-08-21,17,5,5,1,5.0,Delivered
8162,2026-08-21,23,2,5,1,5.5,Delivered
8163,2026-08-21,29,3,5,1,10.0,Delivered
8164,2026-08-21,29,4,5,1,5.0,Delivered
8165,2026-08-21,35,2,5,2,5.5,Delivered
8166,2026-08-21,35,6,5,1,5.0,Delivered
8167,2026-08-21,41,1,5,1,7.0,Delivered
8168,2026-08-21,47,1,5,1,7.0,Delivered
8169,2026-08-21,47,2,5,1,5.5,Delivered
8170,2026-08-21,47,5,5,1,5.0,Delivered
8171,2026-08-21,53,2,5,1,5.5,Delivered
8172,2026-08-21,53,3,5,1,10.0,Delivered
8173,2026-08-21,59,3,5,1,10.0,Failed
8174,2026-08-21,63,2,5,1,5.5,Delivered
8175,2026-08-21,63,4,5,2,5.0,Delivered
8176,2026-08-21,12,6,5,1,5.0,Delivered
8177,2026-08-21,18,4,5,1,5.0,Delivered
8178,2026-08-21,24,7,5,1,10.0,Delivered
8179,2026-08-21,30,3,5,1,10.0,Delivered
8180,2026-08-21,36,8,5,1,6.0,Delivered
8181,2026-08-21,42,1,5,1,7.0,Delivered
8182,2026-08-21,48,7,5,1,10.0,Delivered
8183,2026-08-21,54,4,5,1,5.0,Delivered
8184,2026-08-21,60,1,5,1,7.0,Delivered
8185,2026-08-21,60,3,5,1,10.0,Delivered
8186,2026-08-21,66,3,5,1,10.0,Delivered
8187,2026-08-21,66,6,5,1,5.0,Delivered
8188,2026-08-22,1,2,1,2,5.5,Delivered
8189,2026-08-22,1,4,1,1,5.0,Delivered
8190,2026-08-22,7,3,1,1,10.0,Delivered
8191,2026-08-22,7,8,1,1,6.0,Delivered
8192,2026-08-22,13,5,1,1,5.0,Delivered
8193,2026-08-22,19,1,1,2,7.0,Delivered
8194,2026-08-22,19,5,1,2,5.0,Delivered
8195,2026-08-22,19,6,1,1,5.0,Delivered
8196,2026-08-22,25,3,1,1,10.0,Delivered
8197,2026-08-22,25,7,1,1,10.0,Delivered
8198,2026-08-22,31,1,1,1,7.0,Delivered
8199,2026-08-22,31,4,1,1,5.0,Delivered
8200,2026-08-22,31,5,1,1,5.0,Delivered
8201,2026-08-22,37,4,1,2,5.0,Delivered
8202,2026-08-22,37,7,1,1,10.0,Delivered
8203,2026-08-22,43,6,1,1,5.0,Delivered
8204,2026-08-22,49,4,1,1,5.0,Delivered
8205,2026-08-22,49,7,1,1,10.0,Delivered
8206,2026-08-22,55,5,1,1,5.0,Delivered
8207,2026-08-22,61,1,1,1,7.0,Delivered
8208,2026-08-22,68,3,1,1,10.0,Delivered
8209,2026-08-22,68,5,1,1,5.0,Delivered
8210,2026-08-22,69,2,1,1,5.5,Delivered
8211,2026-08-22,69,5,1,1,5.0,Delivered
8212,2026-08-22,2,1,2,1,7.0,Delivered
8213,2026-08-22,2,3,2,1,10.0,Delivered
8214,2026-08-22,8,5,2,1,5.0,Delivered
8215,2026-08-22,14,4,2,1,5.0,Delivered
8216,2026-08-22,20,1,2,1,7.0,Delivered
8217,2026-08-22,20,2,2,1,5.5,Delivered
8218,2026-08-22,20,7,2,1,10.0,Delivered
8219,2026-08-22,26,2,2,1,5.5,Delivered
8220,2026-08-22,32,3,2,1,10.0,Delivered
8221,2026-08-22,32,4,2,1,5.0,Delivered
8222,2026-08-22,38,4,2,1,5.0,Delivered
8223,2026-08-22,38,5,2,2,5.0,Delivered
8224,2026-08-22,44,1,2,1,7.0,Delivered
8225,2026-08-22,50,3,2,1,10.0,Failed
8226,2026-08-22,50,4,2,1,5.0,Delivered
8227,2026-08-22,56,1,2,1,7.0,Delivered
8228,2026-08-22,56,2,2,1,5.5,Delivered
8229,2026-08-22,62,3,2,1,10.0,Delivered
8230,2026-08-22,64,1,2,1,7.0,Delivered
8231,2026-08-22,64,2,2,1,5.5,Delivered
8232,2026-08-22,65,3,2,2,10.0,Delivered
8233,2026-08-22,3,1,3,1,7.0,Delivered
8234,2026-08-22,3,2,3,1,5.5,Delivered
8235,2026-08-22,3,6,3,1,5.0,Delivered
8236,2026-08-22,9,7,3,2,10.0,Delivered
8237,2026-08-22,15,2,3,1,5.5,Delivered
8238,2026-08-22,15,4,3,2,5.0,Delivered
8239,2026-08-22,15,5,3,1,5.0,Delivered
8240,2026-08-22,21,1,3,2,7.0,Delivered
8241,2026-08-22,27,1,3,1,7.0,Delivered
8242,2026-08-22,27,4,3,1,5.0,Delivered
8243,2026-08-22,27,5,3,1,5.0,Delivered
8244,2026-08-22,33,6,3,1,5.0,Delivered
8245,2026-08-22,39,3,3,1,10.0,Delivered
8246,2026-08-22,45,1,3,1,7.0,Delivered
8247,2026-08-22,45,2,3,1,5.5,Delivered
8248,2026-08-22,51,3,3,1,10.0,Delivered
8249,2026-08-22,51,4,3,1,5.0,Delivered
8250,2026-08-22,57,1,3,1,7.0,Delivered
8251,2026-08-22,4,2,4,1,5.5,Delivered
8252,2026-08-22,10,1,4,1,7.0,Delivered
8253,2026-08-22,10,3,4,1,10.0,Delivered
8254,2026-08-22,10,5,4,1,5.0,Delivered
8255,2026-08-22,16,2,4,1,5.5,Delivered
8256,2026-08-22,22,1,4,1,7.0,Delivered
8257,2026-08-22,22,5,4,1,5.0,Delivered
8258,2026-08-22,40,4,4,1,5.0,Delivered
8259,2026-08-22,46,3,4,1,10.0,Delivered
8260,2026-08-22,52,4,4,1,5.0,Delivered
8261,2026-08-22,52,5,4,1,5.0,Delivered
8262,2026-08-22,58,2,4,2,5.5,Delivered
8263,2026-08-22,67,2,4,1,5.5,Delivered
8264,2026-08-22,5,1,5,1,7.0,Delivered
8265,2026-08-22,11,4,5,1,5.0,Delivered
8266,2026-08-22,17,2,5,1,5.5,Delivered
8267,2026-08-22,17,5,5,1,5.0,Delivered
8268,2026-08-22,23,2,5,1,5.5,Delivered
8269,2026-08-22,29,3,5,1,10.0,Delivered
8270,2026-08-22,29,4,5,1,5.0,Delivered
8271,2026-08-22,35,2,5,2,5.5,Delivered
8272,2026-08-22,35,6,5,1,5.0,Delivered
8273,2026-08-22,41,1,5,1,7.0,Delivered
8274,2026-08-22,47,1,5,1,7.0,Delivered
8275,2026-08-22,47,2,5,1,5.5,Delivered
8276,2026-08-22,47,5,5,1,5.0,Delivered
8277,2026-08-22,53,2,5,1,5.5,Delivered
8278,2026-08-22,53,3,5,1,10.0,Delivered
8279,2026-08-22,59,3,5,1,10.0,Delivered
8280,2026-08-22,63,2,5,1,5.5,Delivered
8281,2026-08-22,63,4,5,2,5.0,Delivered
8282,2026-08-22,6,3,5,1,10.0,Delivered
8283,2026-08-22,12,6,5,1,5.0,Delivered
8284,2026-08-22,18,4,5,1,5.0,Delivered
8285,2026-08-22,24,7,5,1,10.0,Delivered
8286,2026-08-22,30,3,5,1,10.0,Delivered
8287,2026-08-22,36,8,5,1,6.0,Delivered
8288,2026-08-22,42,1,5,1,7.0,Delivered
8289,2026-08-22,48,7,5,1,10.0,Delivered
8290,2026-08-22,54,4,5,1,5.0,Delivered
8291,2026-08-22,60,1,5,1,7.0,Delivered
8292,2026-08-22,60,3,5,1,10.0,Delivered
8293,2026-08-22,66,3,5,1,10.0,Delivered
8294,2026-08-22,66,6,5,1,5.0,Delivered
8295,2026-08-23,1,2,1,2,5.5,Delivered
8296,2026-08-23,1,4,1,1,5.0,Delivered
8297,2026-08-23,7,3,1,1,10.0,Delivered
8298,2026-08-23,7,8,1,1,6.0,Delivered
8299,2026-08-23,13,5,1,1,5.0,Delivered
8300,2026-08-23,19,1,1,2,7.0,Delivered
8301,2026-08-23,19,5,1,2,5.0,Delivered
8302,2026-08-23,19,6,1,1,5.0,Delivered
8303,2026-08-23,25,3,1,1,10.0,Delivered
8304,2026-08-23,25,7,1,1,10.0,Delivered
8305,2026-08-23,31,1,1,1,7.0,Delivered
8306,2026-08-23,31,4,1,1,5.0,Delivered
8307,2026-08-23,31,5,1,1,5.0,Delivered
8308,2026-08-23,37,4,1,2,5.0,Delivered
8309,2026-08-23,37,7,1,1,10.0,Delivered
8310,2026-08-23,43,6,1,1,5.0,Delivered
8311,2026-08-23,49,4,1,1,5.0,Delivered
8312,2026-08-23,49,7,1,1,10.0,Delivered
8313,2026-08-23,55,5,1,1,5.0,Delivered
8314,2026-08-23,61,1,1,1,7.0,Delivered
8315,2026-08-23,68,3,1,1,10.0,Delivered
8316,2026-08-23,68,5,1,1,5.0,Delivered
8317,2026-08-23,69,2,1,1,5.5,Delivered
8318,2026-08-23,69,5,1,1,5.0,Delivered
8319,2026-08-23,2,1,2,1,7.0,Delivered
8320,2026-08-23,2,3,2,1,10.0,Delivered
8321,2026-08-23,8,5,2,1,5.0,Delivered
8322,2026-08-23,14,4,2,1,5.0,Delivered
8323,2026-08-23,20,1,2,1,7.0,Delivered
8324,2026-08-23,20,2,2,1,5.5,Delivered
8325,2026-08-23,20,7,2,1,10.0,Delivered
8326,2026-08-23,26,2,2,1,5.5,Delivered
8327,2026-08-23,32,3,2,1,10.0,Delivered
8328,2026-08-23,32,4,2,1,5.0,Delivered
8329,2026-08-23,38,4,2,1,5.0,Delivered
8330,2026-08-23,38,5,2,2,5.0,Delivered
8331,2026-08-23,44,1,2,1,7.0,Delivered
8332,2026-08-23,50,3,2,1,10.0,Delivered
8333,2026-08-23,50,4,2,1,5.0,Delivered
8334,2026-08-23,56,1,2,1,7.0,Delivered
8335,2026-08-23,56,2,2,1,5.5,Delivered
8336,2026-08-23,62,3,2,1,10.0,Delivered
8337,2026-08-23,64,1,2,1,7.0,Delivered
8338,2026-08-23,64,2,2,1,5.5,Delivered
8339,2026-08-23,65,3,2,2,10.0,Delivered
8340,2026-08-23,3,1,3,1,7.0,Delivered
8341,2026-08-23,3,2,3,1,5.5,Delivered
8342,2026-08-23,3,6,3,1,5.0,Delivered
8343,2026-08-23,9,7,3,2,10.0,Delivered
8344,2026-08-23,15,2,3,1,5.5,Delivered
8345,2026-08-23,15,4,3,2,5.0,Delivered
8346,2026-08-23,15,5,3,1,5.0,Delivered
8347,2026-08-23,21,1,3,2,7.0,Delivered
8348,2026-08-23,27,1,3,1,7.0,Delivered
8349,2026-08-23,27,4,3,1,5.0,Delivered
8350,2026-08-23,27,5,3,1,5.0,Delivered
8351,2026-08-23,33,6,3,1,5.0,Delivered
8352,2026-08-23,39,3,3,1,10.0,Delivered
8353,2026-08-23,45,1,3,1,7.0,Delivered
8354,2026-08-23,45,2,3,1,5.5,Delivered
8355,2026-08-23,51,3,3,1,10.0,Delivered
8356,2026-08-23,51,4,3,1,5.0,Delivered
8357,2026-08-23,57,1,3,1,7.0,Delivered
8358,2026-08-23,4,2,4,1,5.5,Delivered
8359,2026-08-23,10,1,4,1,7.0,Delivered
8360,2026-08-23,10,3,4,1,10.0,Delivered
8361,2026-08-23,10,5,4,1,5.0,Delivered
8362,2026-08-23,16,2,4,1,5.5,Delivered
8363,2026-08-23,22,1,4,1,7.0,Delivered
8364,2026-08-23,22,5,4,1,5.0,Delivered
8365,2026-08-23,40,4,4,1,5.0,Delivered
8366,2026-08-23,46,3,4,1,10.0,Delivered
8367,2026-08-23,52,4,4,1,5.0,Delivered
8368,2026-08-23,52,5,4,1,5.0,Delivered
8369,2026-08-23,58,2,4,2,5.5,Delivered
8370,2026-08-23,67,2,4,1,5.5,Delivered
8371,2026-08-23,5,1,5,1,7.0,Delivered
8372,2026-08-23,11,4,5,1,5.0,Delivered
8373,2026-08-23,17,2,5,1,5.5,Delivered
8374,2026-08-23,17,5,5,1,5.0,Delivered
8375,2026-08-23,23,2,5,1,5.5,Delivered
8376,2026-08-23,29,3,5,1,10.0,Delivered
8377,2026-08-23,29,4,5,1,5.0,Delivered
8378,2026-08-23,35,2,5,2,5.5,Delivered
8379,2026-08-23,35,6,5,1,5.0,Delivered
8380,2026-08-23,41,1,5,1,7.0,Delivered
8381,2026-08-23,47,1,5,1,7.0,Delivered
8382,2026-08-23,47,2,5,1,5.5,Delivered
8383,2026-08-23,47,5,5,1,5.0,Delivered
8384,2026-08-23,53,2,5,1,5.5,Delivered
8385,2026-08-23,53,3,5,1,10.0,Delivered
8386,2026-08-23,59,3,5,1,10.0,Delivered
8387,2026-08-23,63,2,5,1,5.5,Delivered
8388,2026-08-23,63,4,5,2,5.0,Delivered
8389,2026-08-23,6,3,5,1,10.0,Delivered
8390,2026-08-23,12,6,5,1,5.0,Delivered
8391,2026-08-23,18,4,5,1,5.0,Delivered
8392,2026-08-23,24,7,5,1,10.0,Delivered
8393,2026-08-23,30,3,5,1,10.0,Delivered
8394,2026-08-23,36,8,5,1,6.0,Delivered
8395,2026-08-23,42,1,5,1,7.0,Delivered
8396,2026-08-23,48,7,5,1,10.0,Delivered
8397,2026-08-23,54,4,5,1,5.0,Delivered
8398,2026-08-23,60,1,5,1,7.0,Delivered
8399,2026-08-23,60,3,5,1,10.0,Failed
8400,2026-08-23,66,3,5,1,10.0,Delivered
8401,2026-08-23,66,6,5,1,5.0,Delivered
8402,2026-08-24,1,2,1,2,5.5,Delivered
8403,2026-08-24,1,4,1,1,5.0,Delivered
8404,2026-08-24,7,3,1,1,10.0,Delivered
8405,2026-08-24,7,8,1,1,6.0,Delivered
8406,2026-08-24,13,5,1,1,5.0,Delivered
8407,2026-08-24,19,1,1,2,7.0,Delivered
8408,2026-08-24,19,5,1,2,5.0,Delivered
8409,2026-08-24,19,6,1,1,5.0,Delivered
8410,2026-08-24,25,3,1,1,10.0,Delivered
8411,2026-08-24,25,7,1,1,10.0,Delivered
8412,2026-08-24,31,1,1,1,7.0,Delivered
8413,2026-08-24,31,4,1,1,5.0,Delivered
8414,2026-08-24,31,5,1,1,5.0,Delivered
8415,2026-08-24,37,4,1,2,5.0,Delivered
8416,2026-08-24,37,7,1,1,10.0,Delivered
8417,2026-08-24,43,6,1,1,5.0,Delivered
8418,2026-08-24,49,4,1,1,5.0,Delivered
8419,2026-08-24,49,7,1,1,10.0,Delivered
8420,2026-08-24,55,5,1,1,5.0,Delivered
8421,2026-08-24,61,1,1,1,7.0,Delivered
8422,2026-08-24,68,3,1,1,10.0,Delivered
8423,2026-08-24,68,5,1,1,5.0,Delivered
8424,2026-08-24,69,2,1,1,5.5,Delivered
8425,2026-08-24,69,5,1,1,5.0,Delivered
8426,2026-08-24,2,1,2,1,7.0,Delivered
8427,2026-08-24,2,3,2,1,10.0,Delivered
8428,2026-08-24,8,5,2,1,5.0,Delivered
8429,2026-08-24,14,4,2,1,5.0,Delivered
8430,2026-08-24,20,1,2,1,7.0,Delivered
8431,2026-08-24,20,2,2,1,5.5,Delivered
8432,2026-08-24,20,7,2,1,10.0,Delivered
8433,2026-08-24,26,2,2,1,5.5,Delivered
8434,2026-08-24,32,3,2,1,10.0,Delivered
8435,2026-08-24,32,4,2,1,5.0,Delivered
8436,2026-08-24,38,4,2,1,5.0,Delivered
8437,2026-08-24,38,5,2,2,5.0,Delivered
8438,2026-08-24,44,1,2,1,7.0,Delivered
8439,2026-08-24,50,3,2,1,10.0,Delivered
8440,2026-08-24,50,4,2,1,5.0,Delivered
8441,2026-08-24,56,1,2,1,7.0,Delivered
8442,2026-08-24,56,2,2,1,5.5,Delivered
8443,2026-08-24,62,3,2,1,10.0,Delivered
8444,2026-08-24,64,1,2,1,7.0,Delivered
8445,2026-08-24,64,2,2,1,5.5,Delivered
8446,2026-08-24,65,3,2,2,10.0,Delivered
8447,2026-08-24,3,1,3,1,7.0,Delivered
8448,2026-08-24,3,2,3,1,5.5,Delivered
8449,2026-08-24,3,6,3,1,5.0,Delivered
8450,2026-08-24,9,7,3,2,10.0,Delivered
8451,2026-08-24,15,2,3,1,5.5,Delivered
8452,2026-08-24,15,4,3,2,5.0,Delivered
8453,2026-08-24,15,5,3,1,5.0,Delivered
8454,2026-08-24,21,1,3,2,7.0,Delivered
8455,2026-08-24,27,1,3,1,7.0,Delivered
8456,2026-08-24,27,4,3,1,5.0,Delivered
8457,2026-08-24,27,5,3,1,5.0,Delivered
8458,2026-08-24,33,6,3,1,5.0,Delivered
8459,2026-08-24,39,3,3,1,10.0,Failed
8460,2026-08-24,45,1,3,1,7.0,Delivered
8461,2026-08-24,45,2,3,1,5.5,Delivered
8462,2026-08-24,51,3,3,1,10.0,Delivered
8463,2026-08-24,51,4,3,1,5.0,Failed
8464,2026-08-24,57,1,3,1,7.0,Delivered
8465,2026-08-24,4,2,4,1,5.5,Delivered
8466,2026-08-24,10,1,4,1,7.0,Delivered
8467,2026-08-24,10,3,4,1,10.0,Failed
8468,2026-08-24,10,5,4,1,5.0,Delivered
8469,2026-08-24,16,2,4,1,5.5,Delivered
8470,2026-08-24,22,1,4,1,7.0,Delivered
8471,2026-08-24,22,5,4,1,5.0,Delivered
8472,2026-08-24,28,1,4,1,7.0,Delivered
8473,2026-08-24,28,5,4,1,5.0,Delivered
8474,2026-08-24,40,4,4,1,5.0,Delivered
8475,2026-08-24,46,3,4,1,10.0,Delivered
8476,2026-08-24,52,4,4,1,5.0,Delivered
8477,2026-08-24,52,5,4,1,5.0,Delivered
8478,2026-08-24,58,2,4,2,5.5,Delivered
8479,2026-08-24,67,2,4,1,5.5,Delivered
8480,2026-08-24,5,1,5,1,7.0,Delivered
8481,2026-08-24,11,4,5,1,5.0,Delivered
8482,2026-08-24,17,2,5,1,5.5,Delivered
8483,2026-08-24,17,5,5,1,5.0,Delivered
8484,2026-08-24,23,2,5,1,5.5,Delivered
8485,2026-08-24,29,3,5,1,10.0,Delivered
8486,2026-08-24,29,4,5,1,5.0,Delivered
8487,2026-08-24,35,2,5,2,5.5,Delivered
8488,2026-08-24,35,6,5,1,5.0,Delivered
8489,2026-08-24,41,1,5,1,7.0,Delivered
8490,2026-08-24,47,1,5,1,7.0,Delivered
8491,2026-08-24,47,2,5,1,5.5,Delivered
8492,2026-08-24,47,5,5,1,5.0,Delivered
8493,2026-08-24,53,2,5,1,5.5,Delivered
8494,2026-08-24,53,3,5,1,10.0,Delivered
8495,2026-08-24,59,3,5,1,10.0,Delivered
8496,2026-08-24,63,2,5,1,5.5,Delivered
8497,2026-08-24,63,4,5,2,5.0,Delivered
8498,2026-08-24,6,3,5,1,10.0,Delivered
8499,2026-08-24,12,6,5,1,5.0,Delivered
8500,2026-08-24,18,4,5,1,5.0,Delivered
8501,2026-08-24,24,7,5,1,10.0,Delivered
8502,2026-08-24,30,3,5,1,10.0,Delivered
8503,2026-08-24,36,8,5,1,6.0,Delivered
8504,2026-08-24,42,1,5,1,7.0,Delivered
8505,2026-08-24,48,7,5,1,10.0,Delivered
8506,2026-08-24,54,4,5,1,5.0,Delivered
8507,2026-08-24,60,1,5,1,7.0,Delivered
8508,2026-08-24,60,3,5,1,10.0,Delivered
8509,2026-08-24,66,3,5,1,10.0,Delivered
8510,2026-08-24,66,6,5,1,5.0,Delivered
8511,2026-08-25,1,2,1,2,5.5,Delivered
8512,2026-08-25,1,4,1,1,5.0,Delivered
8513,2026-08-25,7,3,1,1,10.0,Delivered
8514,2026-08-25,7,8,1,1,6.0,Delivered
8515,2026-08-25,13,5,1,1,5.0,Delivered
8516,2026-08-25,19,1,1,2,7.0,Delivered
8517,2026-08-25,19,5,1,2,5.0,Delivered
8518,2026-08-25,19,6,1,1,5.0,Delivered
8519,2026-08-25,25,3,1,1,10.0,Delivered
8520,2026-08-25,25,7,1,1,10.0,Delivered
8521,2026-08-25,31,1,1,1,7.0,Delivered
8522,2026-08-25,31,4,1,1,5.0,Delivered
8523,2026-08-25,31,5,1,1,5.0,Delivered
8524,2026-08-25,37,4,1,2,5.0,Delivered
8525,2026-08-25,37,7,1,1,10.0,Delivered
8526,2026-08-25,43,6,1,1,5.0,Delivered
8527,2026-08-25,49,4,1,1,5.0,Delivered
8528,2026-08-25,49,7,1,1,10.0,Delivered
8529,2026-08-25,55,5,1,1,5.0,Delivered
8530,2026-08-25,61,1,1,1,7.0,Delivered
8531,2026-08-25,68,3,1,1,10.0,Delivered
8532,2026-08-25,68,5,1,1,5.0,Delivered
8533,2026-08-25,69,2,1,1,5.5,Delivered
8534,2026-08-25,69,5,1,1,5.0,Delivered
8535,2026-08-25,2,1,2,1,7.0,Delivered
8536,2026-08-25,2,3,2,1,10.0,Delivered
8537,2026-08-25,8,5,2,1,5.0,Delivered
8538,2026-08-25,14,4,2,1,5.0,Delivered
8539,2026-08-25,20,1,2,1,7.0,Delivered
8540,2026-08-25,20,2,2,1,5.5,Delivered
8541,2026-08-25,20,7,2,1,10.0,Delivered
8542,2026-08-25,26,2,2,1,5.5,Delivered
8543,2026-08-25,32,3,2,1,10.0,Delivered
8544,2026-08-25,32,4,2,1,5.0,Delivered
8545,2026-08-25,38,4,2,1,5.0,Delivered
8546,2026-08-25,38,5,2,2,5.0,Delivered
8547,2026-08-25,44,1,2,1,7.0,Delivered
8548,2026-08-25,50,3,2,1,10.0,Delivered
8549,2026-08-25,50,4,2,1,5.0,Delivered
8550,2026-08-25,56,1,2,1,7.0,Delivered
8551,2026-08-25,56,2,2,1,5.5,Delivered
8552,2026-08-25,62,3,2,1,10.0,Delivered
8553,2026-08-25,64,1,2,1,7.0,Delivered
8554,2026-08-25,64,2,2,1,5.5,Delivered
8555,2026-08-25,65,3,2,2,10.0,Delivered
8556,2026-08-25,3,1,3,1,7.0,Delivered
8557,2026-08-25,3,2,3,1,5.5,Delivered
8558,2026-08-25,3,6,3,1,5.0,Delivered
8559,2026-08-25,9,7,3,2,10.0,Delivered
8560,2026-08-25,15,2,3,1,5.5,Delivered
8561,2026-08-25,15,4,3,2,5.0,Delivered
8562,2026-08-25,15,5,3,1,5.0,Delivered
8563,2026-08-25,21,1,3,2,7.0,Delivered
8564,2026-08-25,27,1,3,1,7.0,Delivered
8565,2026-08-25,27,4,3,1,5.0,Delivered
8566,2026-08-25,27,5,3,1,5.0,Delivered
8567,2026-08-25,33,6,3,1,5.0,Failed
8568,2026-08-25,39,3,3,1,10.0,Delivered
8569,2026-08-25,45,1,3,1,7.0,Delivered
8570,2026-08-25,45,2,3,1,5.5,Delivered
8571,2026-08-25,51,3,3,1,10.0,Delivered
8572,2026-08-25,51,4,3,1,5.0,Delivered
8573,2026-08-25,57,1,3,1,7.0,Delivered
8574,2026-08-25,4,2,4,1,5.5,Delivered
8575,2026-08-25,10,1,4,1,7.0,Delivered
8576,2026-08-25,10,3,4,1,10.0,Delivered
8577,2026-08-25,10,5,4,1,5.0,Delivered
8578,2026-08-25,16,2,4,1,5.5,Delivered
8579,2026-08-25,22,1,4,1,7.0,Delivered
8580,2026-08-25,22,5,4,1,5.0,Delivered
8581,2026-08-25,28,1,4,1,7.0,Delivered
8582,2026-08-25,28,5,4,1,5.0,Delivered
8583,2026-08-25,40,4,4,1,5.0,Delivered
8584,2026-08-25,46,3,4,1,10.0,Delivered
8585,2026-08-25,52,4,4,1,5.0,Delivered
8586,2026-08-25,52,5,4,1,5.0,Delivered
8587,2026-08-25,58,2,4,2,5.5,Delivered
8588,2026-08-25,67,2,4,1,5.5,Delivered
8589,2026-08-25,5,1,5,1,7.0,Delivered
8590,2026-08-25,11,4,5,1,5.0,Delivered
8591,2026-08-25,17,2,5,1,5.5,Delivered
8592,2026-08-25,17,5,5,1,5.0,Delivered
8593,2026-08-25,23,2,5,1,5.5,Delivered
8594,2026-08-25,29,3,5,1,10.0,Delivered
8595,2026-08-25,29,4,5,1,5.0,Delivered
8596,2026-08-25,35,2,5,2,5.5,Delivered
8597,2026-08-25,35,6,5,1,5.0,Delivered
8598,2026-08-25,41,1,5,1,7.0,Delivered
8599,2026-08-25,47,1,5,1,7.0,Delivered
8600,2026-08-25,47,2,5,1,5.5,Delivered
8601,2026-08-25,47,5,5,1,5.0,Delivered
8602,2026-08-25,53,2,5,1,5.5,Delivered
8603,2026-08-25,53,3,5,1,10.0,Delivered
8604,2026-08-25,59,3,5,1,10.0,Delivered
8605,2026-08-25,63,2,5,1,5.5,Delivered
8606,2026-08-25,63,4,5,2,5.0,Delivered
8607,2026-08-25,6,3,5,1,10.0,Delivered
8608,2026-08-25,12,6,5,1,5.0,Delivered
8609,2026-08-25,18,4,5,1,5.0,Delivered
8610,2026-08-25,24,7,5,1,10.0,Delivered
8611,2026-08-25,30,3,5,1,10.0,Delivered
8612,2026-08-25,36,8,5,1,6.0,Delivered
8613,2026-08-25,42,1,5,1,7.0,Delivered
8614,2026-08-25,48,7,5,1,10.0,Delivered
8615,2026-08-25,54,4,5,1,5.0,Delivered
8616,2026-08-25,60,1,5,1,7.0,Delivered
8617,2026-08-25,60,3,5,1,10.0,Delivered
8618,2026-08-25,66,3,5,1,10.0,Delivered
8619,2026-08-25,66,6,5,1,5.0,Delivered
8620,2026-08-26,1,2,1,2,5.5,Delivered
8621,2026-08-26,1,4,1,1,5.0,Delivered
8622,2026-08-26,7,3,1,1,10.0,Delivered
8623,2026-08-26,7,8,1,1,6.0,Delivered
8624,2026-08-26,13,5,1,1,5.0,Delivered
8625,2026-08-26,19,1,1,2,7.0,Delivered
8626,2026-08-26,19,5,1,2,5.0,Delivered
8627,2026-08-26,19,6,1,1,5.0,Delivered
8628,2026-08-26,25,3,1,1,10.0,Delivered
8629,2026-08-26,25,7,1,1,10.0,Delivered
8630,2026-08-26,31,1,1,1,7.0,Delivered
8631,2026-08-26,31,4,1,1,5.0,Delivered
8632,2026-08-26,31,5,1,1,5.0,Delivered
8633,2026-08-26,37,4,1,2,5.0,Delivered
8634,2026-08-26,37,7,1,1,10.0,Delivered
8635,2026-08-26,43,6,1,1,5.0,Delivered
8636,2026-08-26,49,4,1,1,5.0,Delivered
8637,2026-08-26,49,7,1,1,10.0,Delivered
8638,2026-08-26,55,5,1,1,5.0,Delivered
8639,2026-08-26,61,1,1,1,7.0,Delivered
8640,2026-08-26,68,3,1,1,10.0,Delivered
8641,2026-08-26,68,5,1,1,5.0,Delivered
8642,2026-08-26,69,2,1,1,5.5,Failed
8643,2026-08-26,69,5,1,1,5.0,Delivered
8644,2026-08-26,2,1,2,1,7.0,Delivered
8645,2026-08-26,2,3,2,1,10.0,Delivered
8646,2026-08-26,8,5,2,1,5.0,Delivered
8647,2026-08-26,14,4,2,1,5.0,Delivered
8648,2026-08-26,20,1,2,1,7.0,Delivered
8649,2026-08-26,20,2,2,1,5.5,Delivered
8650,2026-08-26,20,7,2,1,10.0,Delivered
8651,2026-08-26,26,2,2,1,5.5,Delivered
8652,2026-08-26,32,3,2,1,10.0,Delivered
8653,2026-08-26,32,4,2,1,5.0,Delivered
8654,2026-08-26,38,4,2,1,5.0,Delivered
8655,2026-08-26,38,5,2,2,5.0,Delivered
8656,2026-08-26,44,1,2,1,7.0,Delivered
8657,2026-08-26,50,3,2,1,10.0,Delivered
8658,2026-08-26,50,4,2,1,5.0,Delivered
8659,2026-08-26,56,1,2,1,7.0,Delivered
8660,2026-08-26,56,2,2,1,5.5,Delivered
8661,2026-08-26,62,3,2,1,10.0,Delivered
8662,2026-08-26,64,1,2,1,7.0,Delivered
8663,2026-08-26,64,2,2,1,5.5,Delivered
8664,2026-08-26,65,3,2,2,10.0,Delivered
8665,2026-08-26,70,5,2,1,5.0,Delivered
8666,2026-08-26,3,1,3,1,7.0,Delivered
8667,2026-08-26,3,2,3,1,5.5,Delivered
8668,2026-08-26,3,6,3,1,5.0,Delivered
8669,2026-08-26,9,7,3,2,10.0,Delivered
8670,2026-08-26,15,2,3,1,5.5,Delivered
8671,2026-08-26,15,4,3,2,5.0,Delivered
8672,2026-08-26,15,5,3,1,5.0,Delivered
8673,2026-08-26,21,1,3,2,7.0,Delivered
8674,2026-08-26,27,1,3,1,7.0,Delivered
8675,2026-08-26,27,4,3,1,5.0,Failed
8676,2026-08-26,27,5,3,1,5.0,Delivered
8677,2026-08-26,33,6,3,1,5.0,Delivered
8678,2026-08-26,39,3,3,1,10.0,Delivered
8679,2026-08-26,45,1,3,1,7.0,Delivered
8680,2026-08-26,45,2,3,1,5.5,Delivered
8681,2026-08-26,51,3,3,1,10.0,Delivered
8682,2026-08-26,51,4,3,1,5.0,Delivered
8683,2026-08-26,57,1,3,1,7.0,Delivered
8684,2026-08-26,4,2,4,1,5.5,Delivered
8685,2026-08-26,10,1,4,1,7.0,Delivered
8686,2026-08-26,10,3,4,1,10.0,Delivered
8687,2026-08-26,10,5,4,1,5.0,Delivered
8688,2026-08-26,16,2,4,1,5.5,Delivered
8689,2026-08-26,22,1,4,1,7.0,Delivered
8690,2026-08-26,22,5,4,1,5.0,Delivered
8691,2026-08-26,28,1,4,1,7.0,Delivered
8692,2026-08-26,28,5,4,1,5.0,Delivered
8693,2026-08-26,40,4,4,1,5.0,Delivered
8694,2026-08-26,46,3,4,1,10.0,Delivered
8695,2026-08-26,52,4,4,1,5.0,Delivered
8696,2026-08-26,52,5,4,1,5.0,Delivered
8697,2026-08-26,58,2,4,2,5.5,Delivered
8698,2026-08-26,67,2,4,1,5.5,Delivered
8699,2026-08-26,5,1,5,1,7.0,Delivered
8700,2026-08-26,11,4,5,1,5.0,Delivered
8701,2026-08-26,17,2,5,1,5.5,Delivered
8702,2026-08-26,17,5,5,1,5.0,Delivered
8703,2026-08-26,23,2,5,1,5.5,Delivered
8704,2026-08-26,29,3,5,1,10.0,Delivered
8705,2026-08-26,29,4,5,1,5.0,Delivered
8706,2026-08-26,35,2,5,2,5.5,Delivered
8707,2026-08-26,35,6,5,1,5.0,Delivered
8708,2026-08-26,41,1,5,1,7.0,Delivered
8709,2026-08-26,47,1,5,1,7.0,Delivered
8710,2026-08-26,47,2,5,1,5.5,Delivered
8711,2026-08-26,47,5,5,1,5.0,Delivered
8712,2026-08-26,53,2,5,1,5.5,Delivered
8713,2026-08-26,53,3,5,1,10.0,Delivered
8714,2026-08-26,59,3,5,1,10.0,Delivered
8715,2026-08-26,63,2,5,1,5.5,Delivered
8716,2026-08-26,63,4,5,2,5.0,Delivered
8717,2026-08-26,6,3,5,1,10.0,Delivered
8718,2026-08-26,12,6,5,1,5.0,Delivered
8719,2026-08-26,18,4,5,1,5.0,Delivered
8720,2026-08-26,24,7,5,1,10.0,Delivered
8721,2026-08-26,30,3,5,1,10.0,Delivered
8722,2026-08-26,36,8,5,1,6.0,Delivered
8723,2026-08-26,42,1,5,1,7.0,Delivered
8724,2026-08-26,48,7,5,1,10.0,Delivered
8725,2026-08-26,54,4,5,1,5.0,Delivered
8726,2026-08-26,60,1,5,1,7.0,Delivered
8727,2026-08-26,60,3,5,1,10.0,Delivered
8728,2026-08-26,66,3,5,1,10.0,Delivered
8729,2026-08-26,66,6,5,1,5.0,Delivered
8730,2026-08-27,1,2,1,2,5.5,Delivered
8731,2026-08-27,1,4,1,1,5.0,Delivered
8732,2026-08-27,7,3,1,1,10.0,Delivered
8733,2026-08-27,7,8,1,1,6.0,Delivered
8734,2026-08-27,13,5,1,1,5.0,Delivered
8735,2026-08-27,19,1,1,2,7.0,Delivered
8736,2026-08-27,19,5,1,2,5.0,Delivered
8737,2026-08-27,19,6,1,1,5.0,Delivered
8738,2026-08-27,25,3,1,1,10.0,Delivered
8739,2026-08-27,25,7,1,1,10.0,Delivered
8740,2026-08-27,31,1,1,1,7.0,Delivered
8741,2026-08-27,31,4,1,1,5.0,Delivered
8742,2026-08-27,31,5,1,1,5.0,Delivered
8743,2026-08-27,37,4,1,2,5.0,Delivered
8744,2026-08-27,37,7,1,1,10.0,Delivered
8745,2026-08-27,43,6,1,1,5.0,Delivered
8746,2026-08-27,49,4,1,1,5.0,Delivered
8747,2026-08-27,49,7,1,1,10.0,Delivered
8748,2026-08-27,55,5,1,1,5.0,Delivered
8749,2026-08-27,61,1,1,1,7.0,Delivered
8750,2026-08-27,68,3,1,1,10.0,Delivered
8751,2026-08-27,68,5,1,1,5.0,Delivered
8752,2026-08-27,69,2,1,1,5.5,Delivered
8753,2026-08-27,69,5,1,1,5.0,Delivered
8754,2026-08-27,2,1,2,1,7.0,Delivered
8755,2026-08-27,2,3,2,1,10.0,Delivered
8756,2026-08-27,8,5,2,1,5.0,Delivered
8757,2026-08-27,14,4,2,1,5.0,Delivered
8758,2026-08-27,20,1,2,1,7.0,Delivered
8759,2026-08-27,20,2,2,1,5.5,Delivered
8760,2026-08-27,20,7,2,1,10.0,Delivered
8761,2026-08-27,26,2,2,1,5.5,Delivered
8762,2026-08-27,32,3,2,1,10.0,Delivered
8763,2026-08-27,32,4,2,1,5.0,Delivered
8764,2026-08-27,38,4,2,1,5.0,Delivered
8765,2026-08-27,38,5,2,2,5.0,Delivered
8766,2026-08-27,44,1,2,1,7.0,Delivered
8767,2026-08-27,50,3,2,1,10.0,Delivered
8768,2026-08-27,50,4,2,1,5.0,Delivered
8769,2026-08-27,56,1,2,1,7.0,Delivered
8770,2026-08-27,56,2,2,1,5.5,Delivered
8771,2026-08-27,62,3,2,1,10.0,Delivered
8772,2026-08-27,64,1,2,1,7.0,Delivered
8773,2026-08-27,64,2,2,1,5.5,Delivered
8774,2026-08-27,65,3,2,2,10.0,Delivered
8775,2026-08-27,70,5,2,1,5.0,Delivered
8776,2026-08-27,3,1,3,1,7.0,Delivered
8777,2026-08-27,3,2,3,1,5.5,Delivered
8778,2026-08-27,3,6,3,1,5.0,Delivered
8779,2026-08-27,9,7,3,2,10.0,Delivered
8780,2026-08-27,15,2,3,1,5.5,Delivered
8781,2026-08-27,15,4,3,2,5.0,Delivered
8782,2026-08-27,15,5,3,1,5.0,Delivered
8783,2026-08-27,21,1,3,2,7.0,Delivered
8784,2026-08-27,27,1,3,1,7.0,Delivered
8785,2026-08-27,27,4,3,1,5.0,Delivered
8786,2026-08-27,27,5,3,1,5.0,Delivered
8787,2026-08-27,33,6,3,1,5.0,Delivered
8788,2026-08-27,39,3,3,1,10.0,Delivered
8789,2026-08-27,45,1,3,1,7.0,Delivered
8790,2026-08-27,45,2,3,1,5.5,Delivered
8791,2026-08-27,51,3,3,1,10.0,Delivered
8792,2026-08-27,51,4,3,1,5.0,Delivered
8793,2026-08-27,57,1,3,1,7.0,Delivered
8794,2026-08-27,4,2,4,1,5.5,Delivered
8795,2026-08-27,10,1,4,1,7.0,Delivered
8796,2026-08-27,10,3,4,1,10.0,Delivered
8797,2026-08-27,10,5,4,1,5.0,Delivered
8798,2026-08-27,16,2,4,1,5.5,Delivered
8799,2026-08-27,22,1,4,1,7.0,Delivered
8800,2026-08-27,22,5,4,1,5.0,Delivered
8801,2026-08-27,28,1,4,1,7.0,Delivered
8802,2026-08-27,28,5,4,1,5.0,Delivered
8803,2026-08-27,40,4,4,1,5.0,Delivered
8804,2026-08-27,46,3,4,1,10.0,Delivered
8805,2026-08-27,52,4,4,1,5.0,Delivered
8806,2026-08-27,52,5,4,1,5.0,Delivered
8807,2026-08-27,58,2,4,2,5.5,Delivered
8808,2026-08-27,67,2,4,1,5.5,Delivered
8809,2026-08-27,5,1,5,1,7.0,Delivered
8810,2026-08-27,11,4,5,1,5.0,Failed
8811,2026-08-27,17,2,5,1,5.5,Delivered
8812,2026-08-27,17,5,5,1,5.0,Delivered
8813,2026-08-27,23,2,5,1,5.5,Delivered
8814,2026-08-27,29,3,5,1,10.0,Delivered
8815,2026-08-27,29,4,5,1,5.0,Delivered
8816,2026-08-27,35,2,5,2,5.5,Delivered
8817,2026-08-27,35,6,5,1,5.0,Delivered
8818,2026-08-27,41,1,5,1,7.0,Delivered
8819,2026-08-27,47,1,5,1,7.0,Delivered
8820,2026-08-27,47,2,5,1,5.5,Delivered
8821,2026-08-27,47,5,5,1,5.0,Delivered
8822,2026-08-27,53,2,5,1,5.5,Delivered
8823,2026-08-27,53,3,5,1,10.0,Delivered
8824,2026-08-27,59,3,5,1,10.0,Delivered
8825,2026-08-27,63,2,5,1,5.5,Delivered
8826,2026-08-27,63,4,5,2,5.0,Delivered
8827,2026-08-27,6,3,5,1,10.0,Delivered
8828,2026-08-27,12,6,5,1,5.0,Delivered
8829,2026-08-27,18,4,5,1,5.0,Delivered
8830,2026-08-27,24,7,5,1,10.0,Delivered
8831,2026-08-27,30,3,5,1,10.0,Delivered
8832,2026-08-27,36,8,5,1,6.0,Delivered
8833,2026-08-27,42,1,5,1,7.0,Delivered
8834,2026-08-27,48,7,5,1,10.0,Delivered
8835,2026-08-27,54,4,5,1,5.0,Delivered
8836,2026-08-27,60,1,5,1,7.0,Delivered
8837,2026-08-27,60,3,5,1,10.0,Delivered
8838,2026-08-27,66,3,5,1,10.0,Delivered
8839,2026-08-27,66,6,5,1,5.0,Delivered
8840,2026-08-28,1,2,1,2,5.5,Delivered
8841,2026-08-28,1,4,1,1,5.0,Delivered
8842,2026-08-28,7,3,1,1,10.0,Delivered
8843,2026-08-28,7,8,1,1,6.0,Delivered
8844,2026-08-28,13,5,1,1,5.0,Delivered
8845,2026-08-28,19,1,1,2,7.0,Delivered
8846,2026-08-28,19,5,1,2,5.0,Failed
8847,2026-08-28,19,6,1,1,5.0,Delivered
8848,2026-08-28,25,3,1,1,10.0,Delivered
8849,2026-08-28,25,7,1,1,10.0,Delivered
8850,2026-08-28,31,1,1,1,7.0,Delivered
8851,2026-08-28,31,4,1,1,5.0,Delivered
8852,2026-08-28,31,5,1,1,5.0,Delivered
8853,2026-08-28,37,4,1,2,5.0,Delivered
8854,2026-08-28,37,7,1,1,10.0,Delivered
8855,2026-08-28,43,6,1,1,5.0,Delivered
8856,2026-08-28,49,4,1,1,5.0,Delivered
8857,2026-08-28,49,7,1,1,10.0,Delivered
8858,2026-08-28,55,5,1,1,5.0,Delivered
8859,2026-08-28,61,1,1,1,7.0,Delivered
8860,2026-08-28,68,3,1,1,10.0,Delivered
8861,2026-08-28,68,5,1,1,5.0,Delivered
8862,2026-08-28,69,2,1,1,5.5,Delivered
8863,2026-08-28,69,5,1,1,5.0,Delivered
8864,2026-08-28,2,1,2,1,7.0,Delivered
8865,2026-08-28,2,3,2,1,10.0,Delivered
8866,2026-08-28,8,5,2,1,5.0,Delivered
8867,2026-08-28,14,4,2,1,5.0,Delivered
8868,2026-08-28,20,1,2,1,7.0,Delivered
8869,2026-08-28,20,2,2,1,5.5,Delivered
8870,2026-08-28,20,7,2,1,10.0,Delivered
8871,2026-08-28,26,2,2,1,5.5,Delivered
8872,2026-08-28,32,3,2,1,10.0,Delivered
8873,2026-08-28,32,4,2,1,5.0,Delivered
8874,2026-08-28,38,4,2,1,5.0,Delivered
8875,2026-08-28,38,5,2,2,5.0,Delivered
8876,2026-08-28,44,1,2,1,7.0,Delivered
8877,2026-08-28,50,3,2,1,10.0,Delivered
8878,2026-08-28,50,4,2,1,5.0,Delivered
8879,2026-08-28,56,1,2,1,7.0,Delivered
8880,2026-08-28,56,2,2,1,5.5,Delivered
8881,2026-08-28,62,3,2,1,10.0,Delivered
8882,2026-08-28,64,1,2,1,7.0,Delivered
8883,2026-08-28,64,2,2,1,5.5,Delivered
8884,2026-08-28,65,3,2,2,10.0,Delivered
8885,2026-08-28,70,5,2,1,5.0,Delivered
8886,2026-08-28,3,1,3,1,7.0,Delivered
8887,2026-08-28,3,2,3,1,5.5,Delivered
8888,2026-08-28,3,6,3,1,5.0,Delivered
8889,2026-08-28,9,7,3,2,10.0,Delivered
8890,2026-08-28,15,2,3,1,5.5,Delivered
8891,2026-08-28,15,4,3,2,5.0,Delivered
8892,2026-08-28,15,5,3,1,5.0,Delivered
8893,2026-08-28,21,1,3,2,7.0,Delivered
8894,2026-08-28,27,1,3,1,7.0,Delivered
8895,2026-08-28,27,4,3,1,5.0,Delivered
8896,2026-08-28,27,5,3,1,5.0,Delivered
8897,2026-08-28,33,6,3,1,5.0,Delivered
8898,2026-08-28,39,3,3,1,10.0,Delivered
8899,2026-08-28,45,1,3,1,7.0,Delivered
8900,2026-08-28,45,2,3,1,5.5,Delivered
8901,2026-08-28,51,3,3,1,10.0,Delivered
8902,2026-08-28,51,4,3,1,5.0,Delivered
8903,2026-08-28,57,1,3,1,7.0,Delivered
8904,2026-08-28,4,2,4,1,5.5,Delivered
8905,2026-08-28,10,1,4,1,7.0,Delivered
8906,2026-08-28,10,3,4,1,10.0,Delivered
8907,2026-08-28,10,5,4,1,5.0,Delivered
8908,2026-08-28,16,2,4,1,5.5,Delivered
8909,2026-08-28,22,1,4,1,7.0,Delivered
8910,2026-08-28,22,5,4,1,5.0,Delivered
8911,2026-08-28,28,1,4,1,7.0,Delivered
8912,2026-08-28,28,5,4,1,5.0,Delivered
8913,2026-08-28,34,3,4,1,10.0,Delivered
8914,2026-08-28,40,4,4,1,5.0,Delivered
8915,2026-08-28,46,3,4,1,10.0,Delivered
8916,2026-08-28,52,4,4,1,5.0,Delivered
8917,2026-08-28,52,5,4,1,5.0,Delivered
8918,2026-08-28,58,2,4,2,5.5,Delivered
8919,2026-08-28,67,2,4,1,5.5,Delivered
8920,2026-08-28,5,1,5,1,7.0,Delivered
8921,2026-08-28,11,4,5,1,5.0,Delivered
8922,2026-08-28,17,2,5,1,5.5,Delivered
8923,2026-08-28,17,5,5,1,5.0,Delivered
8924,2026-08-28,23,2,5,1,5.5,Delivered
8925,2026-08-28,29,3,5,1,10.0,Delivered
8926,2026-08-28,29,4,5,1,5.0,Delivered
8927,2026-08-28,35,2,5,2,5.5,Delivered
8928,2026-08-28,35,6,5,1,5.0,Delivered
8929,2026-08-28,41,1,5,1,7.0,Delivered
8930,2026-08-28,47,1,5,1,7.0,Delivered
8931,2026-08-28,47,2,5,1,5.5,Delivered
8932,2026-08-28,47,5,5,1,5.0,Delivered
8933,2026-08-28,53,2,5,1,5.5,Delivered
8934,2026-08-28,53,3,5,1,10.0,Delivered
8935,2026-08-28,59,3,5,1,10.0,Delivered
8936,2026-08-28,63,2,5,1,5.5,Delivered
8937,2026-08-28,63,4,5,2,5.0,Delivered
8938,2026-08-28,6,3,5,1,10.0,Delivered
8939,2026-08-28,12,6,5,1,5.0,Delivered
8940,2026-08-28,18,4,5,1,5.0,Delivered
8941,2026-08-28,24,7,5,1,10.0,Delivered
8942,2026-08-28,30,3,5,1,10.0,Delivered
8943,2026-08-28,36,8,5,1,6.0,Delivered
8944,2026-08-28,42,1,5,1,7.0,Delivered
8945,2026-08-28,48,7,5,1,10.0,Delivered
8946,2026-08-28,54,4,5,1,5.0,Delivered
8947,2026-08-28,60,1,5,1,7.0,Delivered
8948,2026-08-28,60,3,5,1,10.0,Delivered
8949,2026-08-28,66,3,5,1,10.0,Delivered
8950,2026-08-28,66,6,5,1,5.0,Delivered
8951,2026-08-29,1,2,1,2,5.5,Delivered
8952,2026-08-29,1,4,1,1,5.0,Delivered
8953,2026-08-29,7,3,1,1,10.0,Delivered
8954,2026-08-29,7,8,1,1,6.0,Delivered
8955,2026-08-29,13,5,1,1,5.0,Delivered
8956,2026-08-29,19,1,1,2,7.0,Delivered
8957,2026-08-29,19,5,1,2,5.0,Delivered
8958,2026-08-29,19,6,1,1,5.0,Delivered
8959,2026-08-29,25,3,1,1,10.0,Delivered
8960,2026-08-29,25,7,1,1,10.0,Delivered
8961,2026-08-29,31,1,1,1,7.0,Delivered
8962,2026-08-29,31,4,1,1,5.0,Delivered
8963,2026-08-29,31,5,1,1,5.0,Delivered
8964,2026-08-29,37,4,1,2,5.0,Delivered
8965,2026-08-29,37,7,1,1,10.0,Delivered
8966,2026-08-29,43,6,1,1,5.0,Delivered
8967,2026-08-29,49,4,1,1,5.0,Delivered
8968,2026-08-29,49,7,1,1,10.0,Delivered
8969,2026-08-29,55,5,1,1,5.0,Delivered
8970,2026-08-29,61,1,1,1,7.0,Delivered
8971,2026-08-29,68,3,1,1,10.0,Delivered
8972,2026-08-29,68,5,1,1,5.0,Delivered
8973,2026-08-29,69,2,1,1,5.5,Delivered
8974,2026-08-29,69,5,1,1,5.0,Delivered
8975,2026-08-29,2,1,2,1,7.0,Delivered
8976,2026-08-29,2,3,2,1,10.0,Delivered
8977,2026-08-29,8,5,2,1,5.0,Delivered
8978,2026-08-29,14,4,2,1,5.0,Delivered
8979,2026-08-29,20,1,2,1,7.0,Delivered
8980,2026-08-29,20,2,2,1,5.5,Delivered
8981,2026-08-29,20,7,2,1,10.0,Delivered
8982,2026-08-29,26,2,2,1,5.5,Delivered
8983,2026-08-29,32,3,2,1,10.0,Delivered
8984,2026-08-29,32,4,2,1,5.0,Delivered
8985,2026-08-29,38,4,2,1,5.0,Delivered
8986,2026-08-29,38,5,2,2,5.0,Delivered
8987,2026-08-29,44,1,2,1,7.0,Delivered
8988,2026-08-29,50,3,2,1,10.0,Delivered
8989,2026-08-29,50,4,2,1,5.0,Delivered
8990,2026-08-29,56,1,2,1,7.0,Delivered
8991,2026-08-29,56,2,2,1,5.5,Delivered
8992,2026-08-29,62,3,2,1,10.0,Delivered
8993,2026-08-29,64,1,2,1,7.0,Delivered
8994,2026-08-29,64,2,2,1,5.5,Delivered
8995,2026-08-29,65,3,2,2,10.0,Delivered
8996,2026-08-29,70,5,2,1,5.0,Delivered
8997,2026-08-29,3,1,3,1,7.0,Delivered
8998,2026-08-29,3,2,3,1,5.5,Delivered
8999,2026-08-29,3,6,3,1,5.0,Delivered
9000,2026-08-29,9,7,3,2,10.0,Delivered
9001,2026-08-29,15,2,3,1,5.5,Delivered
9002,2026-08-29,15,4,3,2,5.0,Delivered
9003,2026-08-29,15,5,3,1,5.0,Delivered
9004,2026-08-29,21,1,3,2,7.0,Delivered
9005,2026-08-29,27,1,3,1,7.0,Delivered
9006,2026-08-29,27,4,3,1,5.0,Delivered
9007,2026-08-29,27,5,3,1,5.0,Delivered
9008,2026-08-29,33,6,3,1,5.0,Delivered
9009,2026-08-29,39,3,3,1,10.0,Delivered
9010,2026-08-29,45,1,3,1,7.0,Delivered
9011,2026-08-29,45,2,3,1,5.5,Delivered
9012,2026-08-29,51,3,3,1,10.0,Delivered
9013,2026-08-29,51,4,3,1,5.0,Delivered
9014,2026-08-29,57,1,3,1,7.0,Delivered
9015,2026-08-29,4,2,4,1,5.5,Delivered
9016,2026-08-29,10,1,4,1,7.0,Delivered
9017,2026-08-29,10,3,4,1,10.0,Delivered
9018,2026-08-29,10,5,4,1,5.0,Delivered
9019,2026-08-29,16,2,4,1,5.5,Delivered
9020,2026-08-29,22,1,4,1,7.0,Delivered
9021,2026-08-29,22,5,4,1,5.0,Delivered
9022,2026-08-29,28,1,4,1,7.0,Delivered
9023,2026-08-29,28,5,4,1,5.0,Delivered
9024,2026-08-29,34,3,4,1,10.0,Delivered
9025,2026-08-29,40,4,4,1,5.0,Delivered
9026,2026-08-29,46,3,4,1,10.0,Delivered
9027,2026-08-29,52,4,4,1,5.0,Delivered
9028,2026-08-29,52,5,4,1,5.0,Delivered
9029,2026-08-29,58,2,4,2,5.5,Delivered
9030,2026-08-29,67,2,4,1,5.5,Delivered
9031,2026-08-29,5,1,5,1,7.0,Delivered
9032,2026-08-29,11,4,5,1,5.0,Delivered
9033,2026-08-29,17,2,5,1,5.5,Delivered
9034,2026-08-29,17,5,5,1,5.0,Delivered
9035,2026-08-29,23,2,5,1,5.5,Delivered
9036,2026-08-29,29,3,5,1,10.0,Delivered
9037,2026-08-29,29,4,5,1,5.0,Delivered
9038,2026-08-29,35,2,5,2,5.5,Delivered
9039,2026-08-29,35,6,5,1,5.0,Delivered
9040,2026-08-29,41,1,5,1,7.0,Delivered
9041,2026-08-29,47,1,5,1,7.0,Delivered
9042,2026-08-29,47,2,5,1,5.5,Delivered
9043,2026-08-29,47,5,5,1,5.0,Delivered
9044,2026-08-29,53,2,5,1,5.5,Delivered
9045,2026-08-29,53,3,5,1,10.0,Delivered
9046,2026-08-29,59,3,5,1,10.0,Delivered
9047,2026-08-29,63,2,5,1,5.5,Delivered
9048,2026-08-29,63,4,5,2,5.0,Delivered
9049,2026-08-29,6,3,5,1,10.0,Delivered
9050,2026-08-29,12,6,5,1,5.0,Delivered
9051,2026-08-29,18,4,5,1,5.0,Delivered
9052,2026-08-29,24,7,5,1,10.0,Delivered
9053,2026-08-29,30,3,5,1,10.0,Delivered
9054,2026-08-29,36,8,5,1,6.0,Delivered
9055,2026-08-29,42,1,5,1,7.0,Delivered
9056,2026-08-29,48,7,5,1,10.0,Delivered
9057,2026-08-29,54,4,5,1,5.0,Delivered
9058,2026-08-29,60,1,5,1,7.0,Delivered
9059,2026-08-29,60,3,5,1,10.0,Delivered
9060,2026-08-29,66,3,5,1,10.0,Delivered
9061,2026-08-29,66,6,5,1,5.0,Delivered
9062,2026-08-30,1,2,1,2,5.5,Delivered
9063,2026-08-30,1,4,1,1,5.0,Delivered
9064,2026-08-30,7,3,1,1,10.0,Delivered
9065,2026-08-30,7,8,1,1,6.0,Delivered
9066,2026-08-30,13,5,1,1,5.0,Delivered
9067,2026-08-30,19,1,1,2,7.0,Delivered
9068,2026-08-30,19,5,1,2,5.0,Delivered
9069,2026-08-30,19,6,1,1,5.0,Delivered
9070,2026-08-30,25,3,1,1,10.0,Delivered
9071,2026-08-30,25,7,1,1,10.0,Delivered
9072,2026-08-30,31,1,1,1,7.0,Delivered
9073,2026-08-30,31,4,1,1,5.0,Delivered
9074,2026-08-30,31,5,1,1,5.0,Delivered
9075,2026-08-30,37,4,1,2,5.0,Delivered
9076,2026-08-30,37,7,1,1,10.0,Delivered
9077,2026-08-30,43,6,1,1,5.0,Delivered
9078,2026-08-30,49,4,1,1,5.0,Delivered
9079,2026-08-30,49,7,1,1,10.0,Delivered
9080,2026-08-30,55,5,1,1,5.0,Delivered
9081,2026-08-30,61,1,1,1,7.0,Delivered
9082,2026-08-30,68,3,1,1,10.0,Delivered
9083,2026-08-30,68,5,1,1,5.0,Delivered
9084,2026-08-30,69,2,1,1,5.5,Delivered
9085,2026-08-30,69,5,1,1,5.0,Delivered
9086,2026-08-30,2,1,2,1,7.0,Delivered
9087,2026-08-30,2,3,2,1,10.0,Delivered
9088,2026-08-30,8,5,2,1,5.0,Delivered
9089,2026-08-30,14,4,2,1,5.0,Delivered
9090,2026-08-30,20,1,2,1,7.0,Delivered
9091,2026-08-30,20,2,2,1,5.5,Delivered
9092,2026-08-30,20,7,2,1,10.0,Delivered
9093,2026-08-30,26,2,2,1,5.5,Delivered
9094,2026-08-30,32,3,2,1,10.0,Delivered
9095,2026-08-30,32,4,2,1,5.0,Delivered
9096,2026-08-30,38,4,2,1,5.0,Delivered
9097,2026-08-30,38,5,2,2,5.0,Delivered
9098,2026-08-30,44,1,2,1,7.0,Delivered
9099,2026-08-30,50,3,2,1,10.0,Delivered
9100,2026-08-30,50,4,2,1,5.0,Delivered
9101,2026-08-30,56,1,2,1,7.0,Delivered
9102,2026-08-30,56,2,2,1,5.5,Delivered
9103,2026-08-30,62,3,2,1,10.0,Delivered
9104,2026-08-30,64,1,2,1,7.0,Delivered
9105,2026-08-30,64,2,2,1,5.5,Delivered
9106,2026-08-30,65,3,2,2,10.0,Delivered
9107,2026-08-30,70,5,2,1,5.0,Delivered
9108,2026-08-30,3,1,3,1,7.0,Delivered
9109,2026-08-30,3,2,3,1,5.5,Delivered
9110,2026-08-30,3,6,3,1,5.0,Delivered
9111,2026-08-30,9,7,3,2,10.0,Delivered
9112,2026-08-30,15,2,3,1,5.5,Delivered
9113,2026-08-30,15,4,3,2,5.0,Delivered
9114,2026-08-30,15,5,3,1,5.0,Delivered
9115,2026-08-30,21,1,3,2,7.0,Delivered
9116,2026-08-30,27,1,3,1,7.0,Delivered
9117,2026-08-30,27,4,3,1,5.0,Delivered
9118,2026-08-30,27,5,3,1,5.0,Delivered
9119,2026-08-30,33,6,3,1,5.0,Delivered
9120,2026-08-30,39,3,3,1,10.0,Delivered
9121,2026-08-30,45,1,3,1,7.0,Delivered
9122,2026-08-30,45,2,3,1,5.5,Delivered
9123,2026-08-30,51,3,3,1,10.0,Delivered
9124,2026-08-30,51,4,3,1,5.0,Delivered
9125,2026-08-30,57,1,3,1,7.0,Delivered
9126,2026-08-30,4,2,4,1,5.5,Delivered
9127,2026-08-30,10,1,4,1,7.0,Delivered
9128,2026-08-30,10,3,4,1,10.0,Delivered
9129,2026-08-30,10,5,4,1,5.0,Delivered
9130,2026-08-30,16,2,4,1,5.5,Delivered
9131,2026-08-30,22,1,4,1,7.0,Delivered
9132,2026-08-30,22,5,4,1,5.0,Delivered
9133,2026-08-30,28,1,4,1,7.0,Delivered
9134,2026-08-30,28,5,4,1,5.0,Delivered
9135,2026-08-30,34,3,4,1,10.0,Delivered
9136,2026-08-30,40,4,4,1,5.0,Delivered
9137,2026-08-30,46,3,4,1,10.0,Delivered
9138,2026-08-30,52,4,4,1,5.0,Delivered
9139,2026-08-30,52,5,4,1,5.0,Delivered
9140,2026-08-30,58,2,4,2,5.5,Delivered
9141,2026-08-30,67,2,4,1,5.5,Delivered
9142,2026-08-30,5,1,5,1,7.0,Delivered
9143,2026-08-30,11,4,5,1,5.0,Delivered
9144,2026-08-30,17,2,5,1,5.5,Delivered
9145,2026-08-30,17,5,5,1,5.0,Delivered
9146,2026-08-30,23,2,5,1,5.5,Delivered
9147,2026-08-30,29,3,5,1,10.0,Delivered
9148,2026-08-30,29,4,5,1,5.0,Delivered
9149,2026-08-30,35,2,5,2,5.5,Delivered
9150,2026-08-30,35,6,5,1,5.0,Delivered
9151,2026-08-30,41,1,5,1,7.0,Delivered
9152,2026-08-30,47,1,5,1,7.0,Delivered
9153,2026-08-30,47,2,5,1,5.5,Delivered
9154,2026-08-30,47,5,5,1,5.0,Delivered
9155,2026-08-30,53,2,5,1,5.5,Delivered
9156,2026-08-30,53,3,5,1,10.0,Delivered
9157,2026-08-30,59,3,5,1,10.0,Delivered
9158,2026-08-30,63,2,5,1,5.5,Delivered
9159,2026-08-30,63,4,5,2,5.0,Delivered
9160,2026-08-30,6,3,5,1,10.0,Delivered
9161,2026-08-30,12,6,5,1,5.0,Delivered
9162,2026-08-30,18,4,5,1,5.0,Delivered
9163,2026-08-30,24,7,5,1,10.0,Delivered
9164,2026-08-30,30,3,5,1,10.0,Delivered
9165,2026-08-30,36,8,5,1,6.0,Delivered
9166,2026-08-30,42,1,5,1,7.0,Delivered
9167,2026-08-30,48,7,5,1,10.0,Delivered
9168,2026-08-30,54,4,5,1,5.0,Delivered
9169,2026-08-30,60,1,5,1,7.0,Delivered
9170,2026-08-30,60,3,5,1,10.0,Delivered
9171,2026-08-30,66,3,5,1,10.0,Delivered
9172,2026-08-30,66,6,5,1,5.0,Delivered
9173,2026-08-31,1,2,1,2,5.5,Delivered
9174,2026-08-31,1,4,1,1,5.0,Delivered
9175,2026-08-31,7,3,1,1,10.0,Delivered
9176,2026-08-31,7,8,1,1,6.0,Delivered
9177,2026-08-31,13,5,1,1,5.0,Delivered
9178,2026-08-31,19,1,1,2,7.0,Delivered
9179,2026-08-31,19,5,1,2,5.0,Delivered
9180,2026-08-31,19,6,1,1,5.0,Delivered
9181,2026-08-31,25,3,1,1,10.0,Delivered
9182,2026-08-31,25,7,1,1,10.0,Delivered
9183,2026-08-31,31,1,1,1,7.0,Delivered
9184,2026-08-31,31,4,1,1,5.0,Delivered
9185,2026-08-31,31,5,1,1,5.0,Delivered
9186,2026-08-31,37,4,1,2,5.0,Delivered
9187,2026-08-31,37,7,1,1,10.0,Delivered
9188,2026-08-31,43,6,1,1,5.0,Delivered
9189,2026-08-31,49,4,1,1,5.0,Delivered
9190,2026-08-31,49,7,1,1,10.0,Delivered
9191,2026-08-31,55,5,1,1,5.0,Delivered
9192,2026-08-31,61,1,1,1,7.0,Delivered
9193,2026-08-31,68,3,1,1,10.0,Delivered
9194,2026-08-31,68,5,1,1,5.0,Delivered
9195,2026-08-31,69,2,1,1,5.5,Delivered
9196,2026-08-31,69,5,1,1,5.0,Delivered
9197,2026-08-31,2,1,2,1,7.0,Delivered
9198,2026-08-31,2,3,2,1,10.0,Delivered
9199,2026-08-31,8,5,2,1,5.0,Delivered
9200,2026-08-31,14,4,2,1,5.0,Delivered
9201,2026-08-31,20,1,2,1,7.0,Delivered
9202,2026-08-31,20,2,2,1,5.5,Failed
9203,2026-08-31,20,7,2,1,10.0,Delivered
9204,2026-08-31,26,2,2,1,5.5,Delivered
9205,2026-08-31,32,3,2,1,10.0,Delivered
9206,2026-08-31,32,4,2,1,5.0,Delivered
9207,2026-08-31,38,4,2,1,5.0,Delivered
9208,2026-08-31,38,5,2,2,5.0,Delivered
9209,2026-08-31,44,1,2,1,7.0,Delivered
9210,2026-08-31,50,3,2,1,10.0,Delivered
9211,2026-08-31,50,4,2,1,5.0,Delivered
9212,2026-08-31,56,1,2,1,7.0,Delivered
9213,2026-08-31,56,2,2,1,5.5,Delivered
9214,2026-08-31,62,3,2,1,10.0,Delivered
9215,2026-08-31,64,1,2,1,7.0,Delivered
9216,2026-08-31,64,2,2,1,5.5,Delivered
9217,2026-08-31,65,3,2,2,10.0,Delivered
9218,2026-08-31,70,5,2,1,5.0,Delivered
9219,2026-08-31,3,1,3,1,7.0,Delivered
9220,2026-08-31,3,2,3,1,5.5,Delivered
9221,2026-08-31,3,6,3,1,5.0,Delivered
9222,2026-08-31,9,7,3,2,10.0,Delivered
9223,2026-08-31,15,2,3,1,5.5,Delivered
9224,2026-08-31,15,4,3,2,5.0,Delivered
9225,2026-08-31,15,5,3,1,5.0,Delivered
9226,2026-08-31,21,1,3,2,7.0,Delivered
9227,2026-08-31,27,1,3,1,7.0,Delivered
9228,2026-08-31,27,4,3,1,5.0,Delivered
9229,2026-08-31,27,5,3,1,5.0,Delivered
9230,2026-08-31,33,6,3,1,5.0,Delivered
9231,2026-08-31,39,3,3,1,10.0,Delivered
9232,2026-08-31,45,1,3,1,7.0,Delivered
9233,2026-08-31,45,2,3,1,5.5,Delivered
9234,2026-08-31,51,3,3,1,10.0,Delivered
9235,2026-08-31,51,4,3,1,5.0,Delivered
9236,2026-08-31,57,1,3,1,7.0,Delivered
9237,2026-08-31,4,2,4,1,5.5,Delivered
9238,2026-08-31,10,1,4,1,7.0,Delivered
9239,2026-08-31,10,3,4,1,10.0,Delivered
9240,2026-08-31,10,5,4,1,5.0,Delivered
9241,2026-08-31,16,2,4,1,5.5,Delivered
9242,2026-08-31,22,1,4,1,7.0,Delivered
9243,2026-08-31,22,5,4,1,5.0,Delivered
9244,2026-08-31,28,1,4,1,7.0,Delivered
9245,2026-08-31,28,5,4,1,5.0,Delivered
9246,2026-08-31,34,3,4,1,10.0,Delivered
9247,2026-08-31,40,4,4,1,5.0,Delivered
9248,2026-08-31,46,3,4,1,10.0,Delivered
9249,2026-08-31,52,4,4,1,5.0,Delivered
9250,2026-08-31,52,5,4,1,5.0,Delivered
9251,2026-08-31,58,2,4,2,5.5,Delivered
9252,2026-08-31,67,2,4,1,5.5,Delivered
9253,2026-08-31,5,1,5,1,7.0,Delivered
9254,2026-08-31,11,4,5,1,5.0,Delivered
9255,2026-08-31,17,2,5,1,5.5,Delivered
9256,2026-08-31,17,5,5,1,5.0,Delivered
9257,2026-08-31,23,2,5,1,5.5,Delivered
9258,2026-08-31,29,3,5,1,10.0,Delivered
9259,2026-08-31,29,4,5,1,5.0,Delivered
9260,2026-08-31,35,2,5,2,5.5,Delivered
9261,2026-08-31,35,6,5,1,5.0,Delivered
9262,2026-08-31,41,1,5,1,7.0,Delivered
9263,2026-08-31,47,1,5,1,7.0,Delivered
9264,2026-08-31,47,2,5,1,5.5,Delivered
9265,2026-08-31,47,5,5,1,5.0,Delivered
9266,2026-08-31,53,2,5,1,5.5,Delivered
9267,2026-08-31,53,3,5,1,10.0,Delivered
9268,2026-08-31,59,3,5,1,10.0,Delivered
9269,2026-08-31,63,2,5,1,5.5,Delivered
9270,2026-08-31,63,4,5,2,5.0,Delivered
9271,2026-08-31,6,3,5,1,10.0,Delivered
9272,2026-08-31,12,6,5,1,5.0,Delivered
9273,2026-08-31,18,4,5,1,5.0,Delivered
9274,2026-08-31,24,7,5,1,10.0,Delivered
9275,2026-08-31,30,3,5,1,10.0,Delivered
9276,2026-08-31,36,8,5,1,6.0,Delivered
9277,2026-08-31,42,1,5,1,7.0,Delivered
9278,2026-08-31,48,7,5,1,10.0,Delivered
9279,2026-08-31,54,4,5,1,5.0,Delivered
9280,2026-08-31,60,1,5,1,7.0,Delivered
9281,2026-08-31,60,3,5,1,10.0,Delivered
9282,2026-08-31,66,3,5,1,10.0,Delivered
9283,2026-08-31,66,6,5,1,5.0,Delivered
9284,2026-09-01,7,3,1,1,10.0,Delivered
9285,2026-09-01,7,8,1,1,6.0,Delivered
9286,2026-09-01,13,5,1,1,5.0,Delivered
9287,2026-09-01,19,1,1,2,7.0,Delivered
9288,2026-09-01,19,5,1,2,5.0,Delivered
9289,2026-09-01,19,6,1,1,5.0,Delivered
9290,2026-09-01,25,3,1,1,10.0,Delivered
9291,2026-09-01,25,7,1,1,12.0,Delivered
9292,2026-09-01,31,1,1,1,7.0,Delivered
9293,2026-09-01,31,4,1,1,5.0,Delivered
9294,2026-09-01,31,5,1,1,5.0,Delivered
9295,2026-09-01,37,4,1,2,5.0,Delivered
9296,2026-09-01,37,7,1,1,12.0,Delivered
9297,2026-09-01,43,6,1,1,5.0,Delivered
9298,2026-09-01,49,4,1,1,5.0,Delivered
9299,2026-09-01,49,7,1,1,12.0,Delivered
9300,2026-09-01,55,5,1,1,5.0,Delivered
9301,2026-09-01,61,1,1,1,7.0,Delivered
9302,2026-09-01,68,3,1,1,10.0,Delivered
9303,2026-09-01,68,5,1,1,5.0,Delivered
9304,2026-09-01,69,2,1,1,5.5,Delivered
9305,2026-09-01,69,5,1,1,5.0,Delivered
9306,2026-09-01,2,1,2,1,7.0,Delivered
9307,2026-09-01,2,3,2,1,10.0,Delivered
9308,2026-09-01,8,5,2,1,5.0,Delivered
9309,2026-09-01,14,4,2,1,5.0,Delivered
9310,2026-09-01,20,1,2,1,7.0,Delivered
9311,2026-09-01,20,2,2,1,5.5,Delivered
9312,2026-09-01,20,7,2,1,12.0,Delivered
9313,2026-09-01,26,2,2,1,5.5,Delivered
9314,2026-09-01,32,3,2,1,10.0,Delivered
9315,2026-09-01,32,4,2,1,5.0,Delivered
9316,2026-09-01,38,4,2,1,5.0,Delivered
9317,2026-09-01,38,5,2,2,5.0,Delivered
9318,2026-09-01,44,1,2,1,7.0,Delivered
9319,2026-09-01,50,3,2,1,10.0,Delivered
9320,2026-09-01,50,4,2,1,5.0,Delivered
9321,2026-09-01,56,1,2,1,7.0,Delivered
9322,2026-09-01,56,2,2,1,5.5,Delivered
9323,2026-09-01,62,3,2,1,10.0,Delivered
9324,2026-09-01,64,1,2,1,7.0,Delivered
9325,2026-09-01,64,2,2,1,5.5,Delivered
9326,2026-09-01,65,3,2,2,10.0,Delivered
9327,2026-09-01,70,5,2,1,5.0,Delivered
9328,2026-09-01,3,1,3,1,7.0,Delivered
9329,2026-09-01,3,2,3,1,5.5,Delivered
9330,2026-09-01,3,6,3,1,5.0,Delivered
9331,2026-09-01,9,7,3,2,12.0,Delivered
9332,2026-09-01,15,2,3,1,5.5,Delivered
9333,2026-09-01,15,4,3,2,5.0,Delivered
9334,2026-09-01,15,5,3,1,5.0,Delivered
9335,2026-09-01,21,1,3,2,7.0,Delivered
9336,2026-09-01,27,1,3,1,7.0,Delivered
9337,2026-09-01,27,4,3,1,5.0,Delivered
9338,2026-09-01,27,5,3,1,5.0,Delivered
9339,2026-09-01,33,6,3,1,5.0,Delivered
9340,2026-09-01,39,3,3,1,10.0,Delivered
9341,2026-09-01,45,1,3,1,7.0,Delivered
9342,2026-09-01,45,2,3,1,5.5,Delivered
9343,2026-09-01,51,3,3,1,10.0,Delivered
9344,2026-09-01,51,4,3,1,5.0,Delivered
9345,2026-09-01,57,1,3,1,7.0,Delivered
9346,2026-09-01,4,2,4,1,5.5,Delivered
9347,2026-09-01,10,1,4,1,7.0,Delivered
9348,2026-09-01,10,3,4,1,10.0,Delivered
9349,2026-09-01,10,5,4,1,5.0,Delivered
9350,2026-09-01,16,2,4,1,5.5,Delivered
9351,2026-09-01,22,1,4,1,7.0,Delivered
9352,2026-09-01,22,5,4,1,5.0,Delivered
9353,2026-09-01,28,1,4,1,7.0,Delivered
9354,2026-09-01,28,5,4,1,5.0,Delivered
9355,2026-09-01,34,3,4,1,10.0,Delivered
9356,2026-09-01,40,4,4,1,5.0,Delivered
9357,2026-09-01,46,3,4,1,10.0,Delivered
9358,2026-09-01,52,4,4,1,5.0,Delivered
9359,2026-09-01,52,5,4,1,5.0,Delivered
9360,2026-09-01,58,2,4,2,5.5,Delivered
9361,2026-09-01,67,2,4,1,5.5,Delivered
9362,2026-09-01,5,1,5,1,7.0,Delivered
9363,2026-09-01,11,4,5,1,5.0,Delivered
9364,2026-09-01,17,2,5,1,5.5,Delivered
9365,2026-09-01,17,5,5,1,5.0,Delivered
9366,2026-09-01,23,2,5,1,5.5,Delivered
9367,2026-09-01,29,3,5,1,10.0,Delivered
9368,2026-09-01,29,4,5,1,5.0,Delivered
9369,2026-09-01,35,2,5,2,5.5,Delivered
9370,2026-09-01,35,6,5,1,5.0,Delivered
9371,2026-09-01,41,1,5,1,7.0,Delivered
9372,2026-09-01,47,1,5,1,7.0,Delivered
9373,2026-09-01,47,2,5,1,5.5,Delivered
9374,2026-09-01,47,5,5,1,5.0,Delivered
9375,2026-09-01,53,2,5,1,5.5,Delivered
9376,2026-09-01,53,3,5,1,10.0,Delivered
9377,2026-09-01,59,3,5,1,10.0,Delivered
9378,2026-09-01,63,2,5,1,5.5,Delivered
9379,2026-09-01,63,4,5,2,5.0,Delivered
9380,2026-09-01,6,3,5,1,10.0,Delivered
9381,2026-09-01,12,6,5,1,5.0,Delivered
9382,2026-09-01,18,4,5,1,5.0,Delivered
9383,2026-09-01,24,7,5,1,12.0,Delivered
9384,2026-09-01,30,3,5,1,10.0,Delivered
9385,2026-09-01,36,8,5,1,6.0,Delivered
9386,2026-09-01,42,1,5,1,7.0,Delivered
9387,2026-09-01,60,1,5,1,7.0,Delivered
9388,2026-09-01,60,3,5,1,10.0,Delivered
9389,2026-09-01,66,3,5,1,10.0,Delivered
9390,2026-09-01,66,6,5,1,5.0,Delivered
9391,2026-09-02,7,3,1,1,10.0,Delivered
9392,2026-09-02,7,8,1,1,6.0,Delivered
9393,2026-09-02,13,5,1,1,5.0,Delivered
9394,2026-09-02,19,1,1,2,7.0,Delivered
9395,2026-09-02,19,5,1,2,5.0,Delivered
9396,2026-09-02,19,6,1,1,5.0,Delivered
9397,2026-09-02,25,3,1,1,10.0,Delivered
9398,2026-09-02,25,7,1,1,12.0,Delivered
9399,2026-09-02,31,1,1,1,7.0,Delivered
9400,2026-09-02,31,4,1,1,5.0,Delivered
9401,2026-09-02,31,5,1,1,5.0,Delivered
9402,2026-09-02,37,4,1,2,5.0,Delivered
9403,2026-09-02,37,7,1,1,12.0,Delivered
9404,2026-09-02,43,6,1,1,5.0,Delivered
9405,2026-09-02,55,5,1,1,5.0,Delivered
9406,2026-09-02,61,1,1,1,7.0,Delivered
9407,2026-09-02,68,3,1,1,10.0,Delivered
9408,2026-09-02,68,5,1,1,5.0,Delivered
9409,2026-09-02,69,2,1,1,5.5,Delivered
9410,2026-09-02,69,5,1,1,5.0,Delivered
9411,2026-09-02,2,1,2,1,7.0,Delivered
9412,2026-09-02,2,3,2,1,10.0,Delivered
9413,2026-09-02,8,5,2,1,5.0,Delivered
9414,2026-09-02,14,4,2,1,5.0,Delivered
9415,2026-09-02,20,1,2,1,7.0,Delivered
9416,2026-09-02,20,2,2,1,5.5,Delivered
9417,2026-09-02,20,7,2,1,12.0,Delivered
9418,2026-09-02,26,2,2,1,5.5,Delivered
9419,2026-09-02,32,3,2,1,10.0,Delivered
9420,2026-09-02,32,4,2,1,5.0,Delivered
9421,2026-09-02,38,4,2,1,5.0,Delivered
9422,2026-09-02,38,5,2,2,5.0,Delivered
9423,2026-09-02,44,1,2,1,7.0,Delivered
9424,2026-09-02,50,3,2,1,10.0,Delivered
9425,2026-09-02,50,4,2,1,5.0,Delivered
9426,2026-09-02,56,1,2,1,7.0,Delivered
9427,2026-09-02,56,2,2,1,5.5,Delivered
9428,2026-09-02,62,3,2,1,10.0,Delivered
9429,2026-09-02,64,1,2,1,7.0,Delivered
9430,2026-09-02,64,2,2,1,5.5,Delivered
9431,2026-09-02,65,3,2,2,10.0,Delivered
9432,2026-09-02,70,5,2,1,5.0,Delivered
9433,2026-09-02,3,1,3,1,7.0,Delivered
9434,2026-09-02,3,2,3,1,5.5,Delivered
9435,2026-09-02,3,6,3,1,5.0,Delivered
9436,2026-09-02,9,7,3,2,12.0,Delivered
9437,2026-09-02,15,2,3,1,5.5,Delivered
9438,2026-09-02,15,4,3,2,5.0,Delivered
9439,2026-09-02,15,5,3,1,5.0,Delivered
9440,2026-09-02,21,1,3,2,7.0,Delivered
9441,2026-09-02,27,1,3,1,7.0,Delivered
9442,2026-09-02,27,4,3,1,5.0,Delivered
9443,2026-09-02,27,5,3,1,5.0,Delivered
9444,2026-09-02,33,6,3,1,5.0,Delivered
9445,2026-09-02,39,3,3,1,10.0,Delivered
9446,2026-09-02,45,1,3,1,7.0,Delivered
9447,2026-09-02,45,2,3,1,5.5,Delivered
9448,2026-09-02,51,3,3,1,10.0,Delivered
9449,2026-09-02,51,4,3,1,5.0,Delivered
9450,2026-09-02,57,1,3,1,7.0,Delivered
9451,2026-09-02,4,2,4,1,5.5,Delivered
9452,2026-09-02,10,1,4,1,7.0,Delivered
9453,2026-09-02,10,3,4,1,10.0,Delivered
9454,2026-09-02,10,5,4,1,5.0,Delivered
9455,2026-09-02,16,2,4,1,5.5,Delivered
9456,2026-09-02,22,1,4,1,7.0,Delivered
9457,2026-09-02,22,5,4,1,5.0,Delivered
9458,2026-09-02,28,1,4,1,7.0,Delivered
9459,2026-09-02,28,5,4,1,5.0,Delivered
9460,2026-09-02,34,3,4,1,10.0,Delivered
9461,2026-09-02,40,4,4,1,5.0,Delivered
9462,2026-09-02,46,3,4,1,10.0,Delivered
9463,2026-09-02,52,4,4,1,5.0,Delivered
9464,2026-09-02,52,5,4,1,5.0,Delivered
9465,2026-09-02,58,2,4,2,5.5,Delivered
9466,2026-09-02,67,2,4,1,5.5,Delivered
9467,2026-09-02,5,1,5,1,7.0,Delivered
9468,2026-09-02,11,4,5,1,5.0,Delivered
9469,2026-09-02,17,2,5,1,5.5,Delivered
9470,2026-09-02,17,5,5,1,5.0,Delivered
9471,2026-09-02,23,2,5,1,5.5,Delivered
9472,2026-09-02,29,3,5,1,10.0,Delivered
9473,2026-09-02,29,4,5,1,5.0,Delivered
9474,2026-09-02,35,2,5,2,5.5,Delivered
9475,2026-09-02,35,6,5,1,5.0,Failed
9476,2026-09-02,41,1,5,1,7.0,Delivered
9477,2026-09-02,47,1,5,1,7.0,Delivered
9478,2026-09-02,47,2,5,1,5.5,Delivered
9479,2026-09-02,47,5,5,1,5.0,Delivered
9480,2026-09-02,53,2,5,1,5.5,Delivered
9481,2026-09-02,53,3,5,1,10.0,Delivered
9482,2026-09-02,59,3,5,1,10.0,Delivered
9483,2026-09-02,63,2,5,1,5.5,Delivered
9484,2026-09-02,63,4,5,2,5.0,Delivered
9485,2026-09-02,6,3,5,1,10.0,Delivered
9486,2026-09-02,12,6,5,1,5.0,Delivered
9487,2026-09-02,18,4,5,1,5.0,Delivered
9488,2026-09-02,24,7,5,1,12.0,Delivered
9489,2026-09-02,30,3,5,1,10.0,Delivered
9490,2026-09-02,36,8,5,1,6.0,Delivered
9491,2026-09-02,42,1,5,1,7.0,Delivered
9492,2026-09-02,60,1,5,1,7.0,Delivered
9493,2026-09-02,60,3,5,1,10.0,Delivered
9494,2026-09-02,66,3,5,1,10.0,Delivered
9495,2026-09-02,66,6,5,1,5.0,Delivered
9496,2026-09-03,7,3,1,1,10.0,Delivered
9497,2026-09-03,7,8,1,1,6.0,Delivered
9498,2026-09-03,13,5,1,1,5.0,Delivered
9499,2026-09-03,19,1,1,2,7.0,Delivered
9500,2026-09-03,19,5,1,2,5.0,Delivered
9501,2026-09-03,19,6,1,1,5.0,Delivered
9502,2026-09-03,25,3,1,1,10.0,Delivered
9503,2026-09-03,25,7,1,1,12.0,Delivered
9504,2026-09-03,31,1,1,1,7.0,Delivered
9505,2026-09-03,31,4,1,1,5.0,Delivered
9506,2026-09-03,31,5,1,1,5.0,Delivered
9507,2026-09-03,37,4,1,2,5.0,Delivered
9508,2026-09-03,37,7,1,1,12.0,Delivered
9509,2026-09-03,43,6,1,1,5.0,Delivered
9510,2026-09-03,55,5,1,1,5.0,Delivered
9511,2026-09-03,61,1,1,1,7.0,Delivered
9512,2026-09-03,68,3,1,1,10.0,Delivered
9513,2026-09-03,68,5,1,1,5.0,Delivered
9514,2026-09-03,69,2,1,1,5.5,Delivered
9515,2026-09-03,69,5,1,1,5.0,Delivered
9516,2026-09-03,2,1,2,1,7.0,Delivered
9517,2026-09-03,2,3,2,1,10.0,Delivered
9518,2026-09-03,8,5,2,1,5.0,Delivered
9519,2026-09-03,14,4,2,1,5.0,Delivered
9520,2026-09-03,20,1,2,1,7.0,Delivered
9521,2026-09-03,20,2,2,1,5.5,Delivered
9522,2026-09-03,20,7,2,1,12.0,Delivered
9523,2026-09-03,26,2,2,1,5.5,Delivered
9524,2026-09-03,32,3,2,1,10.0,Delivered
9525,2026-09-03,32,4,2,1,5.0,Delivered
9526,2026-09-03,38,4,2,1,5.0,Delivered
9527,2026-09-03,38,5,2,2,5.0,Delivered
9528,2026-09-03,44,1,2,1,7.0,Delivered
9529,2026-09-03,50,3,2,1,10.0,Delivered
9530,2026-09-03,50,4,2,1,5.0,Delivered
9531,2026-09-03,56,1,2,1,7.0,Delivered
9532,2026-09-03,56,2,2,1,5.5,Delivered
9533,2026-09-03,62,3,2,1,10.0,Delivered
9534,2026-09-03,64,1,2,1,7.0,Delivered
9535,2026-09-03,64,2,2,1,5.5,Delivered
9536,2026-09-03,65,3,2,2,10.0,Delivered
9537,2026-09-03,70,5,2,1,5.0,Delivered
9538,2026-09-03,3,1,3,1,7.0,Failed
9539,2026-09-03,3,2,3,1,5.5,Delivered
9540,2026-09-03,3,6,3,1,5.0,Delivered
9541,2026-09-03,9,7,3,2,12.0,Delivered
9542,2026-09-03,15,2,3,1,5.5,Delivered
9543,2026-09-03,15,4,3,2,5.0,Delivered
9544,2026-09-03,15,5,3,1,5.0,Delivered
9545,2026-09-03,21,1,3,2,7.0,Delivered
9546,2026-09-03,27,1,3,1,7.0,Delivered
9547,2026-09-03,27,4,3,1,5.0,Delivered
9548,2026-09-03,27,5,3,1,5.0,Delivered
9549,2026-09-03,33,6,3,1,5.0,Delivered
9550,2026-09-03,39,3,3,1,10.0,Delivered
9551,2026-09-03,45,1,3,1,7.0,Delivered
9552,2026-09-03,45,2,3,1,5.5,Delivered
9553,2026-09-03,51,3,3,1,10.0,Delivered
9554,2026-09-03,51,4,3,1,5.0,Delivered
9555,2026-09-03,57,1,3,1,7.0,Delivered
9556,2026-09-03,4,2,4,1,5.5,Delivered
9557,2026-09-03,10,1,4,1,7.0,Delivered
9558,2026-09-03,10,3,4,1,10.0,Delivered
9559,2026-09-03,10,5,4,1,5.0,Delivered
9560,2026-09-03,16,2,4,1,5.5,Delivered
9561,2026-09-03,22,1,4,1,7.0,Delivered
9562,2026-09-03,22,5,4,1,5.0,Delivered
9563,2026-09-03,28,1,4,1,7.0,Delivered
9564,2026-09-03,28,5,4,1,5.0,Delivered
9565,2026-09-03,34,3,4,1,10.0,Delivered
9566,2026-09-03,40,4,4,1,5.0,Delivered
9567,2026-09-03,46,3,4,1,10.0,Delivered
9568,2026-09-03,52,4,4,1,5.0,Delivered
9569,2026-09-03,52,5,4,1,5.0,Delivered
9570,2026-09-03,58,2,4,2,5.5,Delivered
9571,2026-09-03,67,2,4,1,5.5,Delivered
9572,2026-09-03,5,1,5,1,7.0,Delivered
9573,2026-09-03,11,4,5,1,5.0,Delivered
9574,2026-09-03,17,2,5,1,5.5,Delivered
9575,2026-09-03,17,5,5,1,5.0,Delivered
9576,2026-09-03,23,2,5,1,5.5,Delivered
9577,2026-09-03,29,3,5,1,10.0,Delivered
9578,2026-09-03,29,4,5,1,5.0,Delivered
9579,2026-09-03,35,2,5,2,5.5,Delivered
9580,2026-09-03,35,6,5,1,5.0,Delivered
9581,2026-09-03,41,1,5,1,7.0,Delivered
9582,2026-09-03,47,1,5,1,7.0,Delivered
9583,2026-09-03,47,2,5,1,5.5,Delivered
9584,2026-09-03,47,5,5,1,5.0,Delivered
9585,2026-09-03,53,2,5,1,5.5,Delivered
9586,2026-09-03,53,3,5,1,10.0,Delivered
9587,2026-09-03,59,3,5,1,10.0,Delivered
9588,2026-09-03,63,2,5,1,5.5,Delivered
9589,2026-09-03,63,4,5,2,5.0,Delivered
9590,2026-09-03,6,3,5,1,10.0,Delivered
9591,2026-09-03,12,6,5,1,5.0,Delivered
9592,2026-09-03,18,4,5,1,5.0,Delivered
9593,2026-09-03,24,7,5,1,12.0,Failed
9594,2026-09-03,30,3,5,1,10.0,Delivered
9595,2026-09-03,36,8,5,1,6.0,Delivered
9596,2026-09-03,42,1,5,1,7.0,Delivered
9597,2026-09-03,60,1,5,1,7.0,Delivered
9598,2026-09-03,60,3,5,1,10.0,Delivered
9599,2026-09-03,66,3,5,1,10.0,Delivered
9600,2026-09-03,66,6,5,1,5.0,Delivered
9601,2026-09-04,7,3,1,1,10.0,Delivered
9602,2026-09-04,7,8,1,1,6.0,Delivered
9603,2026-09-04,13,5,1,1,5.0,Delivered
9604,2026-09-04,19,1,1,2,7.0,Delivered
9605,2026-09-04,19,5,1,2,5.0,Delivered
9606,2026-09-04,19,6,1,1,5.0,Delivered
9607,2026-09-04,25,3,1,1,10.0,Delivered
9608,2026-09-04,25,7,1,1,12.0,Delivered
9609,2026-09-04,31,1,1,1,7.0,Delivered
9610,2026-09-04,31,4,1,1,5.0,Delivered
9611,2026-09-04,31,5,1,1,5.0,Delivered
9612,2026-09-04,37,4,1,2,5.0,Delivered
9613,2026-09-04,37,7,1,1,12.0,Delivered
9614,2026-09-04,43,6,1,1,5.0,Delivered
9615,2026-09-04,55,5,1,1,5.0,Delivered
9616,2026-09-04,61,1,1,1,7.0,Delivered
9617,2026-09-04,68,3,1,1,10.0,Delivered
9618,2026-09-04,68,5,1,1,5.0,Delivered
9619,2026-09-04,69,2,1,1,5.5,Delivered
9620,2026-09-04,69,5,1,1,5.0,Delivered
9621,2026-09-04,2,1,2,1,7.0,Delivered
9622,2026-09-04,2,3,2,1,10.0,Delivered
9623,2026-09-04,8,5,2,1,5.0,Delivered
9624,2026-09-04,14,4,2,1,5.0,Delivered
9625,2026-09-04,20,1,2,1,7.0,Delivered
9626,2026-09-04,20,2,2,1,5.5,Delivered
9627,2026-09-04,20,7,2,1,12.0,Delivered
9628,2026-09-04,26,2,2,1,5.5,Delivered
9629,2026-09-04,32,3,2,1,10.0,Delivered
9630,2026-09-04,32,4,2,1,5.0,Delivered
9631,2026-09-04,38,4,2,1,5.0,Delivered
9632,2026-09-04,38,5,2,2,5.0,Delivered
9633,2026-09-04,44,1,2,1,7.0,Delivered
9634,2026-09-04,50,3,2,1,10.0,Delivered
9635,2026-09-04,50,4,2,1,5.0,Delivered
9636,2026-09-04,56,1,2,1,7.0,Delivered
9637,2026-09-04,56,2,2,1,5.5,Delivered
9638,2026-09-04,62,3,2,1,10.0,Delivered
9639,2026-09-04,64,1,2,1,7.0,Failed
9640,2026-09-04,64,2,2,1,5.5,Delivered
9641,2026-09-04,65,3,2,2,10.0,Delivered
9642,2026-09-04,70,5,2,1,5.0,Delivered
9643,2026-09-04,3,1,3,1,7.0,Delivered
9644,2026-09-04,3,2,3,1,5.5,Delivered
9645,2026-09-04,3,6,3,1,5.0,Delivered
9646,2026-09-04,9,7,3,2,12.0,Delivered
9647,2026-09-04,15,2,3,1,5.5,Delivered
9648,2026-09-04,15,4,3,2,5.0,Delivered
9649,2026-09-04,15,5,3,1,5.0,Delivered
9650,2026-09-04,21,1,3,2,7.0,Delivered
9651,2026-09-04,27,1,3,1,7.0,Delivered
9652,2026-09-04,27,4,3,1,5.0,Delivered
9653,2026-09-04,27,5,3,1,5.0,Delivered
9654,2026-09-04,33,6,3,1,5.0,Delivered
9655,2026-09-04,39,3,3,1,10.0,Delivered
9656,2026-09-04,45,1,3,1,7.0,Delivered
9657,2026-09-04,45,2,3,1,5.5,Delivered
9658,2026-09-04,51,3,3,1,10.0,Delivered
9659,2026-09-04,51,4,3,1,5.0,Delivered
9660,2026-09-04,57,1,3,1,7.0,Delivered
9661,2026-09-04,4,2,4,1,5.5,Delivered
9662,2026-09-04,10,1,4,1,7.0,Delivered
9663,2026-09-04,10,3,4,1,10.0,Failed
9664,2026-09-04,10,5,4,1,5.0,Delivered
9665,2026-09-04,16,2,4,1,5.5,Delivered
9666,2026-09-04,22,1,4,1,7.0,Delivered
9667,2026-09-04,22,5,4,1,5.0,Delivered
9668,2026-09-04,28,1,4,1,7.0,Delivered
9669,2026-09-04,28,5,4,1,5.0,Delivered
9670,2026-09-04,34,3,4,1,10.0,Delivered
9671,2026-09-04,40,4,4,1,5.0,Delivered
9672,2026-09-04,46,3,4,1,10.0,Delivered
9673,2026-09-04,52,4,4,1,5.0,Delivered
9674,2026-09-04,52,5,4,1,5.0,Delivered
9675,2026-09-04,58,2,4,2,5.5,Delivered
9676,2026-09-04,67,2,4,1,5.5,Delivered
9677,2026-09-04,5,1,5,1,7.0,Delivered
9678,2026-09-04,11,4,5,1,5.0,Delivered
9679,2026-09-04,17,2,5,1,5.5,Delivered
9680,2026-09-04,17,5,5,1,5.0,Delivered
9681,2026-09-04,23,2,5,1,5.5,Delivered
9682,2026-09-04,29,3,5,1,10.0,Delivered
9683,2026-09-04,29,4,5,1,5.0,Failed
9684,2026-09-04,35,2,5,2,5.5,Delivered
9685,2026-09-04,35,6,5,1,5.0,Delivered
9686,2026-09-04,41,1,5,1,7.0,Delivered
9687,2026-09-04,47,1,5,1,7.0,Delivered
9688,2026-09-04,47,2,5,1,5.5,Delivered
9689,2026-09-04,47,5,5,1,5.0,Delivered
9690,2026-09-04,53,2,5,1,5.5,Delivered
9691,2026-09-04,53,3,5,1,10.0,Delivered
9692,2026-09-04,59,3,5,1,10.0,Delivered
9693,2026-09-04,63,2,5,1,5.5,Delivered
9694,2026-09-04,63,4,5,2,5.0,Delivered
9695,2026-09-04,71,1,5,1,7.0,Delivered
9696,2026-09-04,6,3,5,1,10.0,Delivered
9697,2026-09-04,12,6,5,1,5.0,Delivered
9698,2026-09-04,18,4,5,1,5.0,Delivered
9699,2026-09-04,24,7,5,1,12.0,Delivered
9700,2026-09-04,30,3,5,1,10.0,Delivered
9701,2026-09-04,36,8,5,1,6.0,Delivered
9702,2026-09-04,42,1,5,1,7.0,Delivered
9703,2026-09-04,60,1,5,1,7.0,Delivered
9704,2026-09-04,60,3,5,1,10.0,Delivered
9705,2026-09-04,66,3,5,1,10.0,Delivered
9706,2026-09-04,66,6,5,1,5.0,Delivered
9707,2026-09-05,7,3,1,1,10.0,Delivered
9708,2026-09-05,7,8,1,1,6.0,Delivered
9709,2026-09-05,13,5,1,1,5.0,Delivered
9710,2026-09-05,19,1,1,2,7.0,Delivered
9711,2026-09-05,19,5,1,2,5.0,Delivered
9712,2026-09-05,19,6,1,1,5.0,Delivered
9713,2026-09-05,25,3,1,1,10.0,Delivered
9714,2026-09-05,25,7,1,1,12.0,Delivered
9715,2026-09-05,31,1,1,1,7.0,Delivered
9716,2026-09-05,31,4,1,1,5.0,Delivered
9717,2026-09-05,31,5,1,1,5.0,Delivered
9718,2026-09-05,37,4,1,2,5.0,Delivered
9719,2026-09-05,37,7,1,1,12.0,Delivered
9720,2026-09-05,43,6,1,1,5.0,Delivered
9721,2026-09-05,55,5,1,1,5.0,Delivered
9722,2026-09-05,61,1,1,1,7.0,Delivered
9723,2026-09-05,68,3,1,1,10.0,Delivered
9724,2026-09-05,68,5,1,1,5.0,Delivered
9725,2026-09-05,69,2,1,1,5.5,Delivered
9726,2026-09-05,69,5,1,1,5.0,Delivered
9727,2026-09-05,2,1,2,1,7.0,Delivered
9728,2026-09-05,2,3,2,1,10.0,Delivered
9729,2026-09-05,8,5,2,1,5.0,Delivered
9730,2026-09-05,14,4,2,1,5.0,Delivered
9731,2026-09-05,20,1,2,1,7.0,Delivered
9732,2026-09-05,20,2,2,1,5.5,Delivered
9733,2026-09-05,20,7,2,1,12.0,Delivered
9734,2026-09-05,26,2,2,1,5.5,Delivered
9735,2026-09-05,32,3,2,1,10.0,Delivered
9736,2026-09-05,32,4,2,1,5.0,Delivered
9737,2026-09-05,38,4,2,1,5.0,Delivered
9738,2026-09-05,38,5,2,2,5.0,Delivered
9739,2026-09-05,44,1,2,1,7.0,Delivered
9740,2026-09-05,50,3,2,1,10.0,Delivered
9741,2026-09-05,50,4,2,1,5.0,Delivered
9742,2026-09-05,56,1,2,1,7.0,Delivered
9743,2026-09-05,56,2,2,1,5.5,Delivered
9744,2026-09-05,62,3,2,1,10.0,Delivered
9745,2026-09-05,64,1,2,1,7.0,Delivered
9746,2026-09-05,64,2,2,1,5.5,Delivered
9747,2026-09-05,65,3,2,2,10.0,Delivered
9748,2026-09-05,70,5,2,1,5.0,Delivered
9749,2026-09-05,3,1,3,1,7.0,Delivered
9750,2026-09-05,3,2,3,1,5.5,Delivered
9751,2026-09-05,3,6,3,1,5.0,Delivered
9752,2026-09-05,9,7,3,2,12.0,Failed
9753,2026-09-05,15,2,3,1,5.5,Delivered
9754,2026-09-05,15,4,3,2,5.0,Delivered
9755,2026-09-05,15,5,3,1,5.0,Delivered
9756,2026-09-05,21,1,3,2,7.0,Delivered
9757,2026-09-05,27,1,3,1,7.0,Delivered
9758,2026-09-05,27,4,3,1,5.0,Delivered
9759,2026-09-05,27,5,3,1,5.0,Delivered
9760,2026-09-05,33,6,3,1,5.0,Delivered
9761,2026-09-05,39,3,3,1,10.0,Delivered
9762,2026-09-05,45,1,3,1,7.0,Delivered
9763,2026-09-05,45,2,3,1,5.5,Delivered
9764,2026-09-05,51,3,3,1,10.0,Delivered
9765,2026-09-05,51,4,3,1,5.0,Delivered
9766,2026-09-05,57,1,3,1,7.0,Delivered
9767,2026-09-05,4,2,4,1,5.5,Delivered
9768,2026-09-05,10,1,4,1,7.0,Delivered
9769,2026-09-05,10,3,4,1,10.0,Delivered
9770,2026-09-05,10,5,4,1,5.0,Delivered
9771,2026-09-05,16,2,4,1,5.5,Delivered
9772,2026-09-05,22,1,4,1,7.0,Delivered
9773,2026-09-05,22,5,4,1,5.0,Delivered
9774,2026-09-05,28,1,4,1,7.0,Delivered
9775,2026-09-05,28,5,4,1,5.0,Delivered
9776,2026-09-05,34,3,4,1,10.0,Delivered
9777,2026-09-05,40,4,4,1,5.0,Delivered
9778,2026-09-05,46,3,4,1,10.0,Delivered
9779,2026-09-05,52,4,4,1,5.0,Delivered
9780,2026-09-05,52,5,4,1,5.0,Delivered
9781,2026-09-05,58,2,4,2,5.5,Delivered
9782,2026-09-05,67,2,4,1,5.5,Delivered
9783,2026-09-05,5,1,5,1,7.0,Delivered
9784,2026-09-05,11,4,5,1,5.0,Delivered
9785,2026-09-05,17,2,5,1,5.5,Delivered
9786,2026-09-05,17,5,5,1,5.0,Delivered
9787,2026-09-05,23,2,5,1,5.5,Delivered
9788,2026-09-05,29,3,5,1,10.0,Delivered
9789,2026-09-05,29,4,5,1,5.0,Delivered
9790,2026-09-05,35,2,5,2,5.5,Delivered
9791,2026-09-05,35,6,5,1,5.0,Delivered
9792,2026-09-05,41,1,5,1,7.0,Delivered
9793,2026-09-05,47,1,5,1,7.0,Delivered
9794,2026-09-05,47,2,5,1,5.5,Delivered
9795,2026-09-05,47,5,5,1,5.0,Delivered
9796,2026-09-05,53,2,5,1,5.5,Delivered
9797,2026-09-05,53,3,5,1,10.0,Delivered
9798,2026-09-05,59,3,5,1,10.0,Delivered
9799,2026-09-05,63,2,5,1,5.5,Delivered
9800,2026-09-05,63,4,5,2,5.0,Delivered
9801,2026-09-05,71,1,5,1,7.0,Delivered
9802,2026-09-05,6,3,5,1,10.0,Delivered
9803,2026-09-05,12,6,5,1,5.0,Delivered
9804,2026-09-05,18,4,5,1,5.0,Delivered
9805,2026-09-05,24,7,5,1,12.0,Delivered
9806,2026-09-05,30,3,5,1,10.0,Delivered
9807,2026-09-05,36,8,5,1,6.0,Delivered
9808,2026-09-05,42,1,5,1,7.0,Delivered
9809,2026-09-05,60,1,5,1,7.0,Delivered
9810,2026-09-05,60,3,5,1,10.0,Delivered
9811,2026-09-05,66,3,5,1,10.0,Delivered
9812,2026-09-05,66,6,5,1,5.0,Delivered
9813,2026-09-06,7,3,1,1,10.0,Delivered
9814,2026-09-06,7,8,1,1,6.0,Delivered
9815,2026-09-06,13,5,1,1,5.0,Delivered
9816,2026-09-06,19,1,1,2,7.0,Delivered
9817,2026-09-06,19,5,1,2,5.0,Delivered
9818,2026-09-06,19,6,1,1,5.0,Delivered
9819,2026-09-06,25,3,1,1,10.0,Delivered
9820,2026-09-06,25,7,1,1,12.0,Delivered
9821,2026-09-06,31,1,1,1,7.0,Delivered
9822,2026-09-06,31,4,1,1,5.0,Delivered
9823,2026-09-06,31,5,1,1,5.0,Delivered
9824,2026-09-06,37,4,1,2,5.0,Delivered
9825,2026-09-06,37,7,1,1,12.0,Delivered
9826,2026-09-06,43,6,1,1,5.0,Delivered
9827,2026-09-06,55,5,1,1,5.0,Delivered
9828,2026-09-06,61,1,1,1,7.0,Delivered
9829,2026-09-06,68,3,1,1,10.0,Delivered
9830,2026-09-06,68,5,1,1,5.0,Delivered
9831,2026-09-06,69,2,1,1,5.5,Delivered
9832,2026-09-06,69,5,1,1,5.0,Delivered
9833,2026-09-06,2,1,2,1,7.0,Delivered
9834,2026-09-06,2,3,2,1,10.0,Delivered
9835,2026-09-06,8,5,2,1,5.0,Delivered
9836,2026-09-06,14,4,2,1,5.0,Delivered
9837,2026-09-06,20,1,2,1,7.0,Delivered
9838,2026-09-06,20,2,2,1,5.5,Delivered
9839,2026-09-06,20,7,2,1,12.0,Delivered
9840,2026-09-06,26,2,2,1,5.5,Delivered
9841,2026-09-06,32,3,2,1,10.0,Delivered
9842,2026-09-06,32,4,2,1,5.0,Delivered
9843,2026-09-06,38,4,2,1,5.0,Delivered
9844,2026-09-06,38,5,2,2,5.0,Delivered
9845,2026-09-06,44,1,2,1,7.0,Delivered
9846,2026-09-06,50,3,2,1,10.0,Delivered
9847,2026-09-06,50,4,2,1,5.0,Delivered
9848,2026-09-06,56,1,2,1,7.0,Delivered
9849,2026-09-06,56,2,2,1,5.5,Delivered
9850,2026-09-06,62,3,2,1,10.0,Delivered
9851,2026-09-06,64,1,2,1,7.0,Delivered
9852,2026-09-06,64,2,2,1,5.5,Delivered
9853,2026-09-06,65,3,2,2,10.0,Delivered
9854,2026-09-06,70,5,2,1,5.0,Delivered
9855,2026-09-06,3,1,3,1,7.0,Delivered
9856,2026-09-06,3,2,3,1,5.5,Delivered
9857,2026-09-06,3,6,3,1,5.0,Delivered
9858,2026-09-06,9,7,3,2,12.0,Delivered
9859,2026-09-06,15,2,3,1,5.5,Delivered
9860,2026-09-06,15,4,3,2,5.0,Delivered
9861,2026-09-06,15,5,3,1,5.0,Delivered
9862,2026-09-06,21,1,3,2,7.0,Delivered
9863,2026-09-06,27,1,3,1,7.0,Delivered
9864,2026-09-06,27,4,3,1,5.0,Delivered
9865,2026-09-06,27,5,3,1,5.0,Delivered
9866,2026-09-06,33,6,3,1,5.0,Delivered
9867,2026-09-06,39,3,3,1,10.0,Delivered
9868,2026-09-06,45,1,3,1,7.0,Delivered
9869,2026-09-06,45,2,3,1,5.5,Delivered
9870,2026-09-06,51,3,3,1,10.0,Delivered
9871,2026-09-06,51,4,3,1,5.0,Delivered
9872,2026-09-06,57,1,3,1,7.0,Delivered
9873,2026-09-06,4,2,4,1,5.5,Delivered
9874,2026-09-06,10,1,4,1,7.0,Delivered
9875,2026-09-06,10,3,4,1,10.0,Delivered
9876,2026-09-06,10,5,4,1,5.0,Delivered
9877,2026-09-06,16,2,4,1,5.5,Delivered
9878,2026-09-06,22,1,4,1,7.0,Delivered
9879,2026-09-06,22,5,4,1,5.0,Delivered
9880,2026-09-06,28,1,4,1,7.0,Delivered
9881,2026-09-06,28,5,4,1,5.0,Delivered
9882,2026-09-06,34,3,4,1,10.0,Delivered
9883,2026-09-06,40,4,4,1,5.0,Delivered
9884,2026-09-06,46,3,4,1,10.0,Delivered
9885,2026-09-06,52,4,4,1,5.0,Delivered
9886,2026-09-06,52,5,4,1,5.0,Delivered
9887,2026-09-06,58,2,4,2,5.5,Delivered
9888,2026-09-06,67,2,4,1,5.5,Delivered
9889,2026-09-06,5,1,5,1,7.0,Delivered
9890,2026-09-06,11,4,5,1,5.0,Delivered
9891,2026-09-06,17,2,5,1,5.5,Delivered
9892,2026-09-06,17,5,5,1,5.0,Delivered
9893,2026-09-06,23,2,5,1,5.5,Delivered
9894,2026-09-06,29,3,5,1,10.0,Delivered
9895,2026-09-06,29,4,5,1,5.0,Delivered
9896,2026-09-06,35,2,5,2,5.5,Delivered
9897,2026-09-06,35,6,5,1,5.0,Delivered
9898,2026-09-06,41,1,5,1,7.0,Delivered
9899,2026-09-06,47,1,5,1,7.0,Delivered
9900,2026-09-06,47,2,5,1,5.5,Delivered
9901,2026-09-06,47,5,5,1,5.0,Delivered
9902,2026-09-06,53,2,5,1,5.5,Delivered
9903,2026-09-06,53,3,5,1,10.0,Delivered
9904,2026-09-06,59,3,5,1,10.0,Delivered
9905,2026-09-06,63,2,5,1,5.5,Delivered
9906,2026-09-06,63,4,5,2,5.0,Delivered
9907,2026-09-06,71,1,5,1,7.0,Delivered
9908,2026-09-06,6,3,5,1,10.0,Delivered
9909,2026-09-06,12,6,5,1,5.0,Delivered
9910,2026-09-06,18,4,5,1,5.0,Delivered
9911,2026-09-06,24,7,5,1,12.0,Delivered
9912,2026-09-06,30,3,5,1,10.0,Delivered
9913,2026-09-06,36,8,5,1,6.0,Delivered
9914,2026-09-06,42,1,5,1,7.0,Delivered
9915,2026-09-06,60,1,5,1,7.0,Delivered
9916,2026-09-06,60,3,5,1,10.0,Delivered
9917,2026-09-06,66,3,5,1,10.0,Delivered
9918,2026-09-06,66,6,5,1,5.0,Delivered
9919,2026-09-07,7,3,1,1,10.0,Delivered
9920,2026-09-07,7,8,1,1,6.0,Delivered
9921,2026-09-07,13,5,1,1,5.0,Delivered
9922,2026-09-07,19,1,1,2,7.0,Delivered
9923,2026-09-07,19,5,1,2,5.0,Delivered
9924,2026-09-07,19,6,1,1,5.0,Delivered
9925,2026-09-07,25,3,1,1,10.0,Delivered
9926,2026-09-07,25,7,1,1,12.0,Delivered
9927,2026-09-07,31,1,1,1,7.0,Delivered
9928,2026-09-07,31,4,1,1,5.0,Delivered
9929,2026-09-07,31,5,1,1,5.0,Delivered
9930,2026-09-07,37,4,1,2,5.0,Delivered
9931,2026-09-07,37,7,1,1,12.0,Delivered
9932,2026-09-07,43,6,1,1,5.0,Delivered
9933,2026-09-07,55,5,1,1,5.0,Delivered
9934,2026-09-07,61,1,1,1,7.0,Delivered
9935,2026-09-07,68,3,1,1,10.0,Delivered
9936,2026-09-07,68,5,1,1,5.0,Delivered
9937,2026-09-07,69,2,1,1,5.5,Delivered
9938,2026-09-07,69,5,1,1,5.0,Delivered
9939,2026-09-07,2,1,2,1,7.0,Failed
9940,2026-09-07,2,3,2,1,10.0,Delivered
9941,2026-09-07,8,5,2,1,5.0,Delivered
9942,2026-09-07,14,4,2,1,5.0,Delivered
9943,2026-09-07,20,1,2,1,7.0,Delivered
9944,2026-09-07,20,2,2,1,5.5,Delivered
9945,2026-09-07,20,7,2,1,12.0,Delivered
9946,2026-09-07,26,2,2,1,5.5,Delivered
9947,2026-09-07,32,3,2,1,10.0,Delivered
9948,2026-09-07,32,4,2,1,5.0,Delivered
9949,2026-09-07,38,4,2,1,5.0,Delivered
9950,2026-09-07,38,5,2,2,5.0,Delivered
9951,2026-09-07,44,1,2,1,7.0,Delivered
9952,2026-09-07,50,3,2,1,10.0,Delivered
9953,2026-09-07,50,4,2,1,5.0,Delivered
9954,2026-09-07,56,1,2,1,7.0,Delivered
9955,2026-09-07,56,2,2,1,5.5,Delivered
9956,2026-09-07,62,3,2,1,10.0,Delivered
9957,2026-09-07,64,1,2,1,7.0,Delivered
9958,2026-09-07,64,2,2,1,5.5,Delivered
9959,2026-09-07,65,3,2,2,10.0,Delivered
9960,2026-09-07,70,5,2,1,5.0,Delivered
9961,2026-09-07,3,1,3,1,7.0,Delivered
9962,2026-09-07,3,2,3,1,5.5,Delivered
9963,2026-09-07,3,6,3,1,5.0,Delivered
9964,2026-09-07,9,7,3,2,12.0,Delivered
9965,2026-09-07,15,2,3,1,5.5,Delivered
9966,2026-09-07,15,4,3,2,5.0,Delivered
9967,2026-09-07,15,5,3,1,5.0,Delivered
9968,2026-09-07,21,1,3,2,7.0,Delivered
9969,2026-09-07,27,1,3,1,7.0,Delivered
9970,2026-09-07,27,4,3,1,5.0,Delivered
9971,2026-09-07,27,5,3,1,5.0,Delivered
9972,2026-09-07,33,6,3,1,5.0,Delivered
9973,2026-09-07,39,3,3,1,10.0,Delivered
9974,2026-09-07,45,1,3,1,7.0,Delivered
9975,2026-09-07,45,2,3,1,5.5,Delivered
9976,2026-09-07,51,3,3,1,10.0,Delivered
9977,2026-09-07,51,4,3,1,5.0,Delivered
9978,2026-09-07,57,1,3,1,7.0,Delivered
9979,2026-09-07,4,2,4,1,5.5,Delivered
9980,2026-09-07,10,1,4,1,7.0,Delivered
9981,2026-09-07,10,3,4,1,10.0,Delivered
9982,2026-09-07,10,5,4,1,5.0,Delivered
9983,2026-09-07,16,2,4,1,5.5,Delivered
9984,2026-09-07,22,1,4,1,7.0,Delivered
9985,2026-09-07,22,5,4,1,5.0,Delivered
9986,2026-09-07,28,1,4,1,7.0,Delivered
9987,2026-09-07,28,5,4,1,5.0,Delivered
9988,2026-09-07,34,3,4,1,10.0,Delivered
9989,2026-09-07,40,4,4,1,5.0,Delivered
9990,2026-09-07,46,3,4,1,10.0,Delivered
9991,2026-09-07,52,4,4,1,5.0,Delivered
9992,2026-09-07,52,5,4,1,5.0,Delivered
9993,2026-09-07,58,2,4,2,5.5,Delivered
9994,2026-09-07,67,2,4,1,5.5,Delivered
9995,2026-09-07,5,1,5,1,7.0,Delivered
9996,2026-09-07,11,4,5,1,5.0,Delivered
9997,2026-09-07,17,2,5,1,5.5,Delivered
9998,2026-09-07,17,5,5,1,5.0,Delivered
9999,2026-09-07,23,2,5,1,5.5,Delivered
10000,2026-09-07,29,3,5,1,10.0,Delivered
10001,2026-09-07,29,4,5,1,5.0,Delivered
10002,2026-09-07,35,2,5,2,5.5,Delivered
10003,2026-09-07,35,6,5,1,5.0,Delivered
10004,2026-09-07,41,1,5,1,7.0,Delivered
10005,2026-09-07,47,1,5,1,7.0,Delivered
10006,2026-09-07,47,2,5,1,5.5,Delivered
10007,2026-09-07,47,5,5,1,5.0,Delivered
10008,2026-09-07,53,2,5,1,5.5,Delivered
10009,2026-09-07,53,3,5,1,10.0,Delivered
10010,2026-09-07,59,3,5,1,10.0,Delivered
10011,2026-09-07,63,2,5,1,5.5,Delivered
10012,2026-09-07,63,4,5,2,5.0,Delivered
10013,2026-09-07,71,1,5,1,7.0,Delivered
10014,2026-09-07,6,3,5,1,10.0,Delivered
10015,2026-09-07,12,6,5,1,5.0,Failed
10016,2026-09-07,18,4,5,1,5.0,Delivered
10017,2026-09-07,24,7,5,1,12.0,Delivered
10018,2026-09-07,30,3,5,1,10.0,Delivered
10019,2026-09-07,36,8,5,1,6.0,Delivered
10020,2026-09-07,42,1,5,1,7.0,Delivered
10021,2026-09-07,60,1,5,1,7.0,Delivered
10022,2026-09-07,60,3,5,1,10.0,Delivered
10023,2026-09-07,66,3,5,1,10.0,Delivered
10024,2026-09-07,66,6,5,1,5.0,Delivered
10025,2026-09-08,7,3,1,1,10.0,Delivered
10026,2026-09-08,7,8,1,1,6.0,Delivered
10027,2026-09-08,13,5,1,1,5.0,Delivered
10028,2026-09-08,19,1,1,2,7.0,Delivered
10029,2026-09-08,19,5,1,2,5.0,Delivered
10030,2026-09-08,19,6,1,1,5.0,Delivered
10031,2026-09-08,25,3,1,1,10.0,Delivered
10032,2026-09-08,25,7,1,1,12.0,Delivered
10033,2026-09-08,31,1,1,1,7.0,Delivered
10034,2026-09-08,31,4,1,1,5.0,Delivered
10035,2026-09-08,31,5,1,1,5.0,Delivered
10036,2026-09-08,37,4,1,2,5.0,Delivered
10037,2026-09-08,37,7,1,1,12.0,Delivered
10038,2026-09-08,43,6,1,1,5.0,Delivered
10039,2026-09-08,55,5,1,1,5.0,Delivered
10040,2026-09-08,61,1,1,1,7.0,Delivered
10041,2026-09-08,68,3,1,1,10.0,Delivered
10042,2026-09-08,68,5,1,1,5.0,Delivered
10043,2026-09-08,69,2,1,1,5.5,Delivered
10044,2026-09-08,69,5,1,1,5.0,Delivered
10045,2026-09-08,2,1,2,1,7.0,Delivered
10046,2026-09-08,2,3,2,1,10.0,Delivered
10047,2026-09-08,8,5,2,1,5.0,Delivered
10048,2026-09-08,14,4,2,1,5.0,Delivered
10049,2026-09-08,20,1,2,1,7.0,Delivered
10050,2026-09-08,20,2,2,1,5.5,Delivered
10051,2026-09-08,20,7,2,1,12.0,Delivered
10052,2026-09-08,26,2,2,1,5.5,Delivered
10053,2026-09-08,32,3,2,1,10.0,Delivered
10054,2026-09-08,32,4,2,1,5.0,Delivered
10055,2026-09-08,38,4,2,1,5.0,Delivered
10056,2026-09-08,38,5,2,2,5.0,Delivered
10057,2026-09-08,44,1,2,1,7.0,Delivered
10058,2026-09-08,50,3,2,1,10.0,Delivered
10059,2026-09-08,50,4,2,1,5.0,Delivered
10060,2026-09-08,56,1,2,1,7.0,Delivered
10061,2026-09-08,56,2,2,1,5.5,Delivered
10062,2026-09-08,62,3,2,1,10.0,Delivered
10063,2026-09-08,64,1,2,1,7.0,Delivered
10064,2026-09-08,64,2,2,1,5.5,Delivered
10065,2026-09-08,65,3,2,2,10.0,Delivered
10066,2026-09-08,70,5,2,1,5.0,Delivered
10067,2026-09-08,3,1,3,1,7.0,Delivered
10068,2026-09-08,3,2,3,1,5.5,Delivered
10069,2026-09-08,3,6,3,1,5.0,Delivered
10070,2026-09-08,9,7,3,2,12.0,Delivered
10071,2026-09-08,15,2,3,1,5.5,Failed
10072,2026-09-08,15,4,3,2,5.0,Delivered
10073,2026-09-08,15,5,3,1,5.0,Delivered
10074,2026-09-08,21,1,3,2,7.0,Delivered
10075,2026-09-08,27,1,3,1,7.0,Delivered
10076,2026-09-08,27,4,3,1,5.0,Delivered
10077,2026-09-08,27,5,3,1,5.0,Delivered
10078,2026-09-08,33,6,3,1,5.0,Delivered
10079,2026-09-08,39,3,3,1,10.0,Delivered
10080,2026-09-08,45,1,3,1,7.0,Delivered
10081,2026-09-08,45,2,3,1,5.5,Delivered
10082,2026-09-08,51,3,3,1,10.0,Delivered
10083,2026-09-08,51,4,3,1,5.0,Delivered
10084,2026-09-08,57,1,3,1,7.0,Delivered
10085,2026-09-08,4,2,4,1,5.5,Delivered
10086,2026-09-08,10,1,4,1,7.0,Delivered
10087,2026-09-08,10,3,4,1,10.0,Delivered
10088,2026-09-08,10,5,4,1,5.0,Delivered
10089,2026-09-08,16,2,4,1,5.5,Delivered
10090,2026-09-08,22,1,4,1,7.0,Delivered
10091,2026-09-08,22,5,4,1,5.0,Delivered
10092,2026-09-08,28,1,4,1,7.0,Delivered
10093,2026-09-08,28,5,4,1,5.0,Delivered
10094,2026-09-08,34,3,4,1,10.0,Delivered
10095,2026-09-08,40,4,4,1,5.0,Delivered
10096,2026-09-08,46,3,4,1,10.0,Delivered
10097,2026-09-08,52,4,4,1,5.0,Delivered
10098,2026-09-08,52,5,4,1,5.0,Delivered
10099,2026-09-08,58,2,4,2,5.5,Delivered
10100,2026-09-08,67,2,4,1,5.5,Delivered
10101,2026-09-08,5,1,5,1,7.0,Delivered
10102,2026-09-08,11,4,5,1,5.0,Delivered
10103,2026-09-08,17,2,5,1,5.5,Delivered
10104,2026-09-08,17,5,5,1,5.0,Delivered
10105,2026-09-08,23,2,5,1,5.5,Delivered
10106,2026-09-08,29,3,5,1,10.0,Delivered
10107,2026-09-08,29,4,5,1,5.0,Delivered
10108,2026-09-08,35,2,5,2,5.5,Delivered
10109,2026-09-08,35,6,5,1,5.0,Delivered
10110,2026-09-08,41,1,5,1,7.0,Delivered
10111,2026-09-08,47,1,5,1,7.0,Delivered
10112,2026-09-08,47,2,5,1,5.5,Delivered
10113,2026-09-08,47,5,5,1,5.0,Delivered
10114,2026-09-08,53,2,5,1,5.5,Delivered
10115,2026-09-08,53,3,5,1,10.0,Delivered
10116,2026-09-08,59,3,5,1,10.0,Delivered
10117,2026-09-08,63,2,5,1,5.5,Delivered
10118,2026-09-08,63,4,5,2,5.0,Delivered
10119,2026-09-08,71,1,5,1,7.0,Delivered
10120,2026-09-08,6,3,5,1,10.0,Delivered
10121,2026-09-08,12,6,5,1,5.0,Delivered
10122,2026-09-08,18,4,5,1,5.0,Delivered
10123,2026-09-08,24,7,5,1,12.0,Delivered
10124,2026-09-08,30,3,5,1,10.0,Delivered
10125,2026-09-08,36,8,5,1,6.0,Delivered
10126,2026-09-08,42,1,5,1,7.0,Delivered
10127,2026-09-08,60,1,5,1,7.0,Delivered
10128,2026-09-08,60,3,5,1,10.0,Delivered
10129,2026-09-08,66,3,5,1,10.0,Delivered
10130,2026-09-08,66,6,5,1,5.0,Delivered
10131,2026-09-09,7,3,1,1,10.0,Delivered
10132,2026-09-09,7,8,1,1,6.0,Delivered
10133,2026-09-09,13,5,1,1,5.0,Delivered
10134,2026-09-09,19,1,1,2,7.0,Delivered
10135,2026-09-09,19,5,1,2,5.0,Delivered
10136,2026-09-09,19,6,1,1,5.0,Delivered
10137,2026-09-09,25,3,1,1,10.0,Delivered
10138,2026-09-09,25,7,1,1,12.0,Delivered
10139,2026-09-09,31,1,1,1,7.0,Delivered
10140,2026-09-09,31,4,1,1,5.0,Delivered
10141,2026-09-09,31,5,1,1,5.0,Delivered
10142,2026-09-09,37,4,1,2,5.0,Delivered
10143,2026-09-09,37,7,1,1,12.0,Delivered
10144,2026-09-09,43,6,1,1,5.0,Delivered
10145,2026-09-09,55,5,1,1,5.0,Delivered
10146,2026-09-09,61,1,1,1,7.0,Delivered
10147,2026-09-09,68,3,1,1,10.0,Delivered
10148,2026-09-09,68,5,1,1,5.0,Delivered
10149,2026-09-09,69,2,1,1,5.5,Delivered
10150,2026-09-09,69,5,1,1,5.0,Delivered
10151,2026-09-09,2,1,2,1,7.0,Delivered
10152,2026-09-09,2,3,2,1,10.0,Delivered
10153,2026-09-09,8,5,2,1,5.0,Delivered
10154,2026-09-09,14,4,2,1,5.0,Delivered
10155,2026-09-09,20,1,2,1,7.0,Delivered
10156,2026-09-09,20,2,2,1,5.5,Delivered
10157,2026-09-09,20,7,2,1,12.0,Delivered
10158,2026-09-09,26,2,2,1,5.5,Delivered
10159,2026-09-09,32,3,2,1,10.0,Delivered
10160,2026-09-09,32,4,2,1,5.0,Delivered
10161,2026-09-09,38,4,2,1,5.0,Delivered
10162,2026-09-09,38,5,2,2,5.0,Delivered
10163,2026-09-09,44,1,2,1,7.0,Delivered
10164,2026-09-09,50,3,2,1,10.0,Delivered
10165,2026-09-09,50,4,2,1,5.0,Delivered
10166,2026-09-09,56,1,2,1,7.0,Delivered
10167,2026-09-09,56,2,2,1,5.5,Delivered
10168,2026-09-09,62,3,2,1,10.0,Delivered
10169,2026-09-09,64,1,2,1,7.0,Delivered
10170,2026-09-09,64,2,2,1,5.5,Delivered
10171,2026-09-09,65,3,2,2,10.0,Delivered
10172,2026-09-09,70,5,2,1,5.0,Delivered
10173,2026-09-09,3,1,3,1,7.0,Delivered
10174,2026-09-09,3,2,3,1,5.5,Delivered
10175,2026-09-09,3,6,3,1,5.0,Delivered
10176,2026-09-09,9,7,3,2,12.0,Delivered
10177,2026-09-09,15,2,3,1,5.5,Delivered
10178,2026-09-09,15,4,3,2,5.0,Delivered
10179,2026-09-09,15,5,3,1,5.0,Delivered
10180,2026-09-09,21,1,3,2,7.0,Delivered
10181,2026-09-09,27,1,3,1,7.0,Delivered
10182,2026-09-09,27,4,3,1,5.0,Delivered
10183,2026-09-09,27,5,3,1,5.0,Delivered
10184,2026-09-09,33,6,3,1,5.0,Delivered
10185,2026-09-09,39,3,3,1,10.0,Delivered
10186,2026-09-09,45,1,3,1,7.0,Failed
10187,2026-09-09,45,2,3,1,5.5,Delivered
10188,2026-09-09,51,3,3,1,10.0,Delivered
10189,2026-09-09,51,4,3,1,5.0,Delivered
10190,2026-09-09,57,1,3,1,7.0,Delivered
10191,2026-09-09,4,2,4,1,5.5,Delivered
10192,2026-09-09,10,1,4,1,7.0,Delivered
10193,2026-09-09,10,3,4,1,10.0,Delivered
10194,2026-09-09,10,5,4,1,5.0,Delivered
10195,2026-09-09,16,2,4,1,5.5,Delivered
10196,2026-09-09,22,1,4,1,7.0,Delivered
10197,2026-09-09,22,5,4,1,5.0,Delivered
10198,2026-09-09,28,1,4,1,7.0,Delivered
10199,2026-09-09,28,5,4,1,5.0,Delivered
10200,2026-09-09,34,3,4,1,10.0,Delivered
10201,2026-09-09,40,4,4,1,5.0,Delivered
10202,2026-09-09,46,3,4,1,10.0,Delivered
10203,2026-09-09,52,4,4,1,5.0,Delivered
10204,2026-09-09,52,5,4,1,5.0,Delivered
10205,2026-09-09,58,2,4,2,5.5,Delivered
10206,2026-09-09,67,2,4,1,5.5,Delivered
10207,2026-09-09,5,1,5,1,7.0,Delivered
10208,2026-09-09,11,4,5,1,5.0,Delivered
10209,2026-09-09,17,2,5,1,5.5,Delivered
10210,2026-09-09,17,5,5,1,5.0,Delivered
10211,2026-09-09,23,2,5,1,5.5,Delivered
10212,2026-09-09,29,3,5,1,10.0,Delivered
10213,2026-09-09,29,4,5,1,5.0,Delivered
10214,2026-09-09,35,2,5,2,5.5,Delivered
10215,2026-09-09,35,6,5,1,5.0,Delivered
10216,2026-09-09,41,1,5,1,7.0,Delivered
10217,2026-09-09,47,1,5,1,7.0,Delivered
10218,2026-09-09,47,2,5,1,5.5,Delivered
10219,2026-09-09,47,5,5,1,5.0,Delivered
10220,2026-09-09,53,2,5,1,5.5,Delivered
10221,2026-09-09,53,3,5,1,10.0,Delivered
10222,2026-09-09,59,3,5,1,10.0,Delivered
10223,2026-09-09,63,2,5,1,5.5,Delivered
10224,2026-09-09,63,4,5,2,5.0,Delivered
10225,2026-09-09,71,1,5,1,7.0,Delivered
10226,2026-09-09,6,3,5,1,10.0,Delivered
10227,2026-09-09,12,6,5,1,5.0,Delivered
10228,2026-09-09,18,4,5,1,5.0,Delivered
10229,2026-09-09,24,7,5,1,12.0,Delivered
10230,2026-09-09,30,3,5,1,10.0,Delivered
10231,2026-09-09,36,8,5,1,6.0,Delivered
10232,2026-09-09,42,1,5,1,7.0,Delivered
10233,2026-09-09,60,1,5,1,7.0,Delivered
10234,2026-09-09,60,3,5,1,10.0,Delivered
10235,2026-09-09,66,3,5,1,10.0,Delivered
10236,2026-09-09,66,6,5,1,5.0,Delivered
10237,2026-09-10,7,3,1,1,10.0,Delivered
10238,2026-09-10,7,8,1,1,6.0,Delivered
10239,2026-09-10,13,5,1,1,5.0,Delivered
10240,2026-09-10,19,1,1,2,7.0,Delivered
10241,2026-09-10,19,5,1,2,5.0,Delivered
10242,2026-09-10,19,6,1,1,5.0,Delivered
10243,2026-09-10,25,3,1,1,10.0,Delivered
10244,2026-09-10,25,7,1,1,12.0,Delivered
10245,2026-09-10,31,1,1,1,7.0,Delivered
10246,2026-09-10,31,4,1,1,5.0,Delivered
10247,2026-09-10,31,5,1,1,5.0,Delivered
10248,2026-09-10,37,4,1,2,5.0,Delivered
10249,2026-09-10,37,7,1,1,12.0,Delivered
10250,2026-09-10,43,6,1,1,5.0,Delivered
10251,2026-09-10,55,5,1,1,5.0,Delivered
10252,2026-09-10,61,1,1,1,7.0,Delivered
10253,2026-09-10,68,3,1,1,10.0,Delivered
10254,2026-09-10,68,5,1,1,5.0,Delivered
10255,2026-09-10,69,2,1,1,5.5,Delivered
10256,2026-09-10,69,5,1,1,5.0,Delivered
10257,2026-09-10,2,1,2,1,7.0,Delivered
10258,2026-09-10,2,3,2,1,10.0,Delivered
10259,2026-09-10,8,5,2,1,5.0,Delivered
10260,2026-09-10,14,4,2,1,5.0,Delivered
10261,2026-09-10,20,1,2,1,7.0,Delivered
10262,2026-09-10,20,2,2,1,5.5,Delivered
10263,2026-09-10,20,7,2,1,12.0,Delivered
10264,2026-09-10,26,2,2,1,5.5,Delivered
10265,2026-09-10,32,3,2,1,10.0,Delivered
10266,2026-09-10,32,4,2,1,5.0,Delivered
10267,2026-09-10,38,4,2,1,5.0,Delivered
10268,2026-09-10,38,5,2,2,5.0,Delivered
10269,2026-09-10,44,1,2,1,7.0,Delivered
10270,2026-09-10,50,3,2,1,10.0,Delivered
10271,2026-09-10,50,4,2,1,5.0,Delivered
10272,2026-09-10,56,1,2,1,7.0,Delivered
10273,2026-09-10,56,2,2,1,5.5,Delivered
10274,2026-09-10,62,3,2,1,10.0,Delivered
10275,2026-09-10,64,1,2,1,7.0,Delivered
10276,2026-09-10,64,2,2,1,5.5,Delivered
10277,2026-09-10,65,3,2,2,10.0,Delivered
10278,2026-09-10,70,5,2,1,5.0,Delivered
10279,2026-09-10,3,1,3,1,7.0,Delivered
10280,2026-09-10,3,2,3,1,5.5,Delivered
10281,2026-09-10,3,6,3,1,5.0,Delivered
10282,2026-09-10,9,7,3,2,12.0,Delivered
10283,2026-09-10,15,2,3,1,5.5,Delivered
10284,2026-09-10,15,4,3,2,5.0,Delivered
10285,2026-09-10,15,5,3,1,5.0,Delivered
10286,2026-09-10,21,1,3,2,7.0,Delivered
10287,2026-09-10,27,1,3,1,7.0,Delivered
10288,2026-09-10,27,4,3,1,5.0,Delivered
10289,2026-09-10,27,5,3,1,5.0,Delivered
10290,2026-09-10,33,6,3,1,5.0,Delivered
10291,2026-09-10,39,3,3,1,10.0,Delivered
10292,2026-09-10,45,1,3,1,7.0,Delivered
10293,2026-09-10,45,2,3,1,5.5,Delivered
10294,2026-09-10,51,3,3,1,10.0,Delivered
10295,2026-09-10,51,4,3,1,5.0,Delivered
10296,2026-09-10,57,1,3,1,7.0,Delivered
10297,2026-09-10,4,2,4,1,5.5,Delivered
10298,2026-09-10,10,1,4,1,7.0,Delivered
10299,2026-09-10,10,3,4,1,10.0,Delivered
10300,2026-09-10,10,5,4,1,5.0,Delivered
10301,2026-09-10,16,2,4,1,5.5,Delivered
10302,2026-09-10,22,1,4,1,7.0,Delivered
10303,2026-09-10,22,5,4,1,5.0,Delivered
10304,2026-09-10,28,1,4,1,7.0,Delivered
10305,2026-09-10,28,5,4,1,5.0,Delivered
10306,2026-09-10,34,3,4,1,10.0,Delivered
10307,2026-09-10,40,4,4,1,5.0,Delivered
10308,2026-09-10,46,3,4,1,10.0,Delivered
10309,2026-09-10,52,4,4,1,5.0,Delivered
10310,2026-09-10,52,5,4,1,5.0,Delivered
10311,2026-09-10,58,2,4,2,5.5,Delivered
10312,2026-09-10,67,2,4,1,5.5,Delivered
10313,2026-09-10,5,1,5,1,7.0,Delivered
10314,2026-09-10,11,4,5,1,5.0,Delivered
10315,2026-09-10,17,2,5,1,5.5,Delivered
10316,2026-09-10,17,5,5,1,5.0,Delivered
10317,2026-09-10,23,2,5,1,5.5,Delivered
10318,2026-09-10,29,3,5,1,10.0,Delivered
10319,2026-09-10,29,4,5,1,5.0,Delivered
10320,2026-09-10,35,2,5,2,5.5,Delivered
10321,2026-09-10,35,6,5,1,5.0,Delivered
10322,2026-09-10,41,1,5,1,7.0,Delivered
10323,2026-09-10,47,1,5,1,7.0,Delivered
10324,2026-09-10,47,2,5,1,5.5,Delivered
10325,2026-09-10,47,5,5,1,5.0,Delivered
10326,2026-09-10,53,2,5,1,5.5,Delivered
10327,2026-09-10,53,3,5,1,10.0,Delivered
10328,2026-09-10,59,3,5,1,10.0,Delivered
10329,2026-09-10,63,2,5,1,5.5,Delivered
10330,2026-09-10,63,4,5,2,5.0,Delivered
10331,2026-09-10,71,1,5,1,7.0,Delivered
10332,2026-09-10,6,3,5,1,10.0,Delivered
10333,2026-09-10,12,6,5,1,5.0,Delivered
10334,2026-09-10,18,4,5,1,5.0,Delivered
10335,2026-09-10,24,7,5,1,12.0,Delivered
10336,2026-09-10,30,3,5,1,10.0,Delivered
10337,2026-09-10,36,8,5,1,6.0,Delivered
10338,2026-09-10,42,1,5,1,7.0,Delivered
10339,2026-09-10,60,1,5,1,7.0,Delivered
10340,2026-09-10,60,3,5,1,10.0,Delivered
10341,2026-09-10,66,3,5,1,10.0,Delivered
10342,2026-09-10,66,6,5,1,5.0,Delivered
10343,2026-09-11,7,3,1,1,10.0,Delivered
10344,2026-09-11,7,8,1,1,6.0,Delivered
10345,2026-09-11,13,5,1,1,5.0,Delivered
10346,2026-09-11,19,1,1,2,7.0,Delivered
10347,2026-09-11,19,5,1,2,5.0,Delivered
10348,2026-09-11,19,6,1,1,5.0,Delivered
10349,2026-09-11,25,3,1,1,10.0,Delivered
10350,2026-09-11,25,7,1,1,12.0,Delivered
10351,2026-09-11,31,1,1,1,7.0,Delivered
10352,2026-09-11,31,4,1,1,5.0,Delivered
10353,2026-09-11,31,5,1,1,5.0,Delivered
10354,2026-09-11,37,4,1,2,5.0,Delivered
10355,2026-09-11,37,7,1,1,12.0,Delivered
10356,2026-09-11,43,6,1,1,5.0,Delivered
10357,2026-09-11,55,5,1,1,5.0,Delivered
10358,2026-09-11,61,1,1,1,7.0,Delivered
10359,2026-09-11,68,3,1,1,10.0,Delivered
10360,2026-09-11,68,5,1,1,5.0,Delivered
10361,2026-09-11,69,2,1,1,5.5,Delivered
10362,2026-09-11,69,5,1,1,5.0,Delivered
10363,2026-09-11,2,1,2,1,7.0,Delivered
10364,2026-09-11,2,3,2,1,10.0,Delivered
10365,2026-09-11,8,5,2,1,5.0,Delivered
10366,2026-09-11,14,4,2,1,5.0,Delivered
10367,2026-09-11,20,1,2,1,7.0,Delivered
10368,2026-09-11,20,2,2,1,5.5,Delivered
10369,2026-09-11,20,7,2,1,12.0,Delivered
10370,2026-09-11,26,2,2,1,5.5,Delivered
10371,2026-09-11,32,3,2,1,10.0,Delivered
10372,2026-09-11,32,4,2,1,5.0,Delivered
10373,2026-09-11,38,4,2,1,5.0,Delivered
10374,2026-09-11,38,5,2,2,5.0,Delivered
10375,2026-09-11,44,1,2,1,7.0,Delivered
10376,2026-09-11,50,3,2,1,10.0,Delivered
10377,2026-09-11,50,4,2,1,5.0,Delivered
10378,2026-09-11,56,1,2,1,7.0,Delivered
10379,2026-09-11,56,2,2,1,5.5,Delivered
10380,2026-09-11,62,3,2,1,10.0,Delivered
10381,2026-09-11,64,1,2,1,7.0,Delivered
10382,2026-09-11,64,2,2,1,5.5,Delivered
10383,2026-09-11,65,3,2,2,10.0,Delivered
10384,2026-09-11,70,5,2,1,5.0,Delivered
10385,2026-09-11,3,1,3,1,7.0,Delivered
10386,2026-09-11,3,2,3,1,5.5,Delivered
10387,2026-09-11,3,6,3,1,5.0,Delivered
10388,2026-09-11,9,7,3,2,12.0,Delivered
10389,2026-09-11,15,2,3,1,5.5,Delivered
10390,2026-09-11,15,4,3,2,5.0,Delivered
10391,2026-09-11,15,5,3,1,5.0,Delivered
10392,2026-09-11,21,1,3,2,7.0,Delivered
10393,2026-09-11,27,1,3,1,7.0,Delivered
10394,2026-09-11,27,4,3,1,5.0,Delivered
10395,2026-09-11,27,5,3,1,5.0,Delivered
10396,2026-09-11,33,6,3,1,5.0,Delivered
10397,2026-09-11,39,3,3,1,10.0,Delivered
10398,2026-09-11,45,1,3,1,7.0,Delivered
10399,2026-09-11,45,2,3,1,5.5,Delivered
10400,2026-09-11,51,3,3,1,10.0,Delivered
10401,2026-09-11,51,4,3,1,5.0,Delivered
10402,2026-09-11,57,1,3,1,7.0,Delivered
10403,2026-09-11,72,4,3,1,5.0,Delivered
10404,2026-09-11,4,2,4,1,5.5,Delivered
10405,2026-09-11,10,1,4,1,7.0,Delivered
10406,2026-09-11,10,3,4,1,10.0,Delivered
10407,2026-09-11,10,5,4,1,5.0,Delivered
10408,2026-09-11,16,2,4,1,5.5,Delivered
10409,2026-09-11,22,1,4,1,7.0,Delivered
10410,2026-09-11,22,5,4,1,5.0,Delivered
10411,2026-09-11,28,1,4,1,7.0,Delivered
10412,2026-09-11,28,5,4,1,5.0,Delivered
10413,2026-09-11,34,3,4,1,10.0,Delivered
10414,2026-09-11,40,4,4,1,5.0,Delivered
10415,2026-09-11,46,3,4,1,10.0,Delivered
10416,2026-09-11,52,4,4,1,5.0,Delivered
10417,2026-09-11,52,5,4,1,5.0,Delivered
10418,2026-09-11,58,2,4,2,5.5,Delivered
10419,2026-09-11,67,2,4,1,5.5,Delivered
10420,2026-09-11,5,1,5,1,7.0,Delivered
10421,2026-09-11,11,4,5,1,5.0,Delivered
10422,2026-09-11,17,2,5,1,5.5,Delivered
10423,2026-09-11,17,5,5,1,5.0,Delivered
10424,2026-09-11,23,2,5,1,5.5,Delivered
10425,2026-09-11,29,3,5,1,10.0,Delivered
10426,2026-09-11,29,4,5,1,5.0,Delivered
10427,2026-09-11,35,2,5,2,5.5,Delivered
10428,2026-09-11,35,6,5,1,5.0,Delivered
10429,2026-09-11,41,1,5,1,7.0,Delivered
10430,2026-09-11,47,1,5,1,7.0,Delivered
10431,2026-09-11,47,2,5,1,5.5,Delivered
10432,2026-09-11,47,5,5,1,5.0,Delivered
10433,2026-09-11,53,2,5,1,5.5,Delivered
10434,2026-09-11,53,3,5,1,10.0,Delivered
10435,2026-09-11,59,3,5,1,10.0,Delivered
10436,2026-09-11,63,2,5,1,5.5,Delivered
10437,2026-09-11,63,4,5,2,5.0,Delivered
10438,2026-09-11,71,1,5,1,7.0,Delivered
10439,2026-09-11,6,3,5,1,10.0,Delivered
10440,2026-09-11,12,6,5,1,5.0,Delivered
10441,2026-09-11,18,4,5,1,5.0,Delivered
10442,2026-09-11,24,7,5,1,12.0,Delivered
10443,2026-09-11,30,3,5,1,10.0,Delivered
10444,2026-09-11,36,8,5,1,6.0,Delivered
10445,2026-09-11,42,1,5,1,7.0,Delivered
10446,2026-09-11,60,1,5,1,7.0,Delivered
10447,2026-09-11,60,3,5,1,10.0,Delivered
10448,2026-09-11,66,3,5,1,10.0,Delivered
10449,2026-09-11,66,6,5,1,5.0,Delivered
10450,2026-09-12,7,3,1,1,10.0,Delivered
10451,2026-09-12,7,8,1,1,6.0,Delivered
10452,2026-09-12,13,5,1,1,5.0,Delivered
10453,2026-09-12,19,1,1,2,7.0,Delivered
10454,2026-09-12,19,5,1,2,5.0,Delivered
10455,2026-09-12,19,6,1,1,5.0,Delivered
10456,2026-09-12,25,3,1,1,10.0,Delivered
10457,2026-09-12,25,7,1,1,12.0,Delivered
10458,2026-09-12,31,1,1,1,7.0,Delivered
10459,2026-09-12,31,4,1,1,5.0,Delivered
10460,2026-09-12,31,5,1,1,5.0,Delivered
10461,2026-09-12,37,4,1,2,5.0,Delivered
10462,2026-09-12,37,7,1,1,12.0,Delivered
10463,2026-09-12,43,6,1,1,5.0,Delivered
10464,2026-09-12,49,4,1,1,5.0,Delivered
10465,2026-09-12,49,7,1,1,12.0,Delivered
10466,2026-09-12,55,5,1,1,5.0,Delivered
10467,2026-09-12,61,1,1,1,7.0,Delivered
10468,2026-09-12,68,3,1,1,10.0,Delivered
10469,2026-09-12,68,5,1,1,5.0,Delivered
10470,2026-09-12,69,2,1,1,5.5,Delivered
10471,2026-09-12,69,5,1,1,5.0,Delivered
10472,2026-09-12,2,1,2,1,7.0,Delivered
10473,2026-09-12,2,3,2,1,10.0,Delivered
10474,2026-09-12,8,5,2,1,5.0,Delivered
10475,2026-09-12,14,4,2,1,5.0,Delivered
10476,2026-09-12,20,1,2,1,7.0,Delivered
10477,2026-09-12,20,2,2,1,5.5,Delivered
10478,2026-09-12,20,7,2,1,12.0,Delivered
10479,2026-09-12,26,2,2,1,5.5,Delivered
10480,2026-09-12,32,3,2,1,10.0,Delivered
10481,2026-09-12,32,4,2,1,5.0,Delivered
10482,2026-09-12,38,4,2,1,5.0,Delivered
10483,2026-09-12,38,5,2,2,5.0,Delivered
10484,2026-09-12,44,1,2,1,7.0,Delivered
10485,2026-09-12,50,3,2,1,10.0,Delivered
10486,2026-09-12,50,4,2,1,5.0,Delivered
10487,2026-09-12,56,1,2,1,7.0,Delivered
10488,2026-09-12,56,2,2,1,5.5,Delivered
10489,2026-09-12,62,3,2,1,10.0,Delivered
10490,2026-09-12,64,1,2,1,7.0,Delivered
10491,2026-09-12,64,2,2,1,5.5,Delivered
10492,2026-09-12,65,3,2,2,10.0,Delivered
10493,2026-09-12,70,5,2,1,5.0,Delivered
10494,2026-09-12,3,1,3,1,7.0,Delivered
10495,2026-09-12,3,2,3,1,5.5,Delivered
10496,2026-09-12,3,6,3,1,5.0,Delivered
10497,2026-09-12,9,7,3,2,12.0,Delivered
10498,2026-09-12,15,2,3,1,5.5,Delivered
10499,2026-09-12,15,4,3,2,5.0,Delivered
10500,2026-09-12,15,5,3,1,5.0,Delivered
10501,2026-09-12,21,1,3,2,7.0,Delivered
10502,2026-09-12,27,1,3,1,7.0,Delivered
10503,2026-09-12,27,4,3,1,5.0,Delivered
10504,2026-09-12,27,5,3,1,5.0,Delivered
10505,2026-09-12,33,6,3,1,5.0,Delivered
10506,2026-09-12,39,3,3,1,10.0,Delivered
10507,2026-09-12,45,1,3,1,7.0,Delivered
10508,2026-09-12,45,2,3,1,5.5,Delivered
10509,2026-09-12,51,3,3,1,10.0,Delivered
10510,2026-09-12,51,4,3,1,5.0,Delivered
10511,2026-09-12,57,1,3,1,7.0,Delivered
10512,2026-09-12,72,4,3,1,5.0,Delivered
10513,2026-09-12,4,2,4,1,5.5,Delivered
10514,2026-09-12,10,1,4,1,7.0,Delivered
10515,2026-09-12,10,3,4,1,10.0,Delivered
10516,2026-09-12,10,5,4,1,5.0,Delivered
10517,2026-09-12,16,2,4,1,5.5,Delivered
10518,2026-09-12,22,1,4,1,7.0,Delivered
10519,2026-09-12,22,5,4,1,5.0,Delivered
10520,2026-09-12,28,1,4,1,7.0,Delivered
10521,2026-09-12,28,5,4,1,5.0,Delivered
10522,2026-09-12,34,3,4,1,10.0,Delivered
10523,2026-09-12,40,4,4,1,5.0,Delivered
10524,2026-09-12,46,3,4,1,10.0,Delivered
10525,2026-09-12,52,4,4,1,5.0,Delivered
10526,2026-09-12,52,5,4,1,5.0,Delivered
10527,2026-09-12,58,2,4,2,5.5,Delivered
10528,2026-09-12,67,2,4,1,5.5,Delivered
10529,2026-09-12,5,1,5,1,7.0,Delivered
10530,2026-09-12,11,4,5,1,5.0,Delivered
10531,2026-09-12,17,2,5,1,5.5,Delivered
10532,2026-09-12,17,5,5,1,5.0,Delivered
10533,2026-09-12,23,2,5,1,5.5,Delivered
10534,2026-09-12,29,3,5,1,10.0,Delivered
10535,2026-09-12,29,4,5,1,5.0,Delivered
10536,2026-09-12,35,2,5,2,5.5,Delivered
10537,2026-09-12,35,6,5,1,5.0,Delivered
10538,2026-09-12,41,1,5,1,7.0,Delivered
10539,2026-09-12,47,1,5,1,7.0,Delivered
10540,2026-09-12,47,2,5,1,5.5,Delivered
10541,2026-09-12,47,5,5,1,5.0,Delivered
10542,2026-09-12,53,2,5,1,5.5,Delivered
10543,2026-09-12,53,3,5,1,10.0,Delivered
10544,2026-09-12,59,3,5,1,10.0,Delivered
10545,2026-09-12,63,2,5,1,5.5,Delivered
10546,2026-09-12,63,4,5,2,5.0,Delivered
10547,2026-09-12,71,1,5,1,7.0,Delivered
10548,2026-09-12,6,3,5,1,10.0,Delivered
10549,2026-09-12,12,6,5,1,5.0,Delivered
10550,2026-09-12,18,4,5,1,5.0,Delivered
10551,2026-09-12,24,7,5,1,12.0,Delivered
10552,2026-09-12,30,3,5,1,10.0,Delivered
10553,2026-09-12,36,8,5,1,6.0,Delivered
10554,2026-09-12,42,1,5,1,7.0,Delivered
10555,2026-09-12,60,1,5,1,7.0,Delivered
10556,2026-09-12,60,3,5,1,10.0,Delivered
10557,2026-09-12,66,3,5,1,10.0,Delivered
10558,2026-09-12,66,6,5,1,5.0,Delivered
10559,2026-09-13,7,3,1,1,10.0,Delivered
10560,2026-09-13,7,8,1,1,6.0,Delivered
10561,2026-09-13,13,5,1,1,5.0,Delivered
10562,2026-09-13,19,1,1,2,7.0,Delivered
10563,2026-09-13,19,5,1,2,5.0,Delivered
10564,2026-09-13,19,6,1,1,5.0,Delivered
10565,2026-09-13,25,3,1,1,10.0,Delivered
10566,2026-09-13,25,7,1,1,12.0,Delivered
10567,2026-09-13,31,1,1,1,7.0,Delivered
10568,2026-09-13,31,4,1,1,5.0,Delivered
10569,2026-09-13,31,5,1,1,5.0,Delivered
10570,2026-09-13,37,4,1,2,5.0,Delivered
10571,2026-09-13,37,7,1,1,12.0,Delivered
10572,2026-09-13,43,6,1,1,5.0,Delivered
10573,2026-09-13,49,4,1,1,5.0,Delivered
10574,2026-09-13,49,7,1,1,12.0,Delivered
10575,2026-09-13,55,5,1,1,5.0,Delivered
10576,2026-09-13,61,1,1,1,7.0,Delivered
10577,2026-09-13,68,3,1,1,10.0,Delivered
10578,2026-09-13,68,5,1,1,5.0,Delivered
10579,2026-09-13,69,2,1,1,5.5,Delivered
10580,2026-09-13,69,5,1,1,5.0,Delivered
10581,2026-09-13,2,1,2,1,7.0,Delivered
10582,2026-09-13,2,3,2,1,10.0,Delivered
10583,2026-09-13,8,5,2,1,5.0,Delivered
10584,2026-09-13,14,4,2,1,5.0,Delivered
10585,2026-09-13,20,1,2,1,7.0,Delivered
10586,2026-09-13,20,2,2,1,5.5,Delivered
10587,2026-09-13,20,7,2,1,12.0,Delivered
10588,2026-09-13,26,2,2,1,5.5,Delivered
10589,2026-09-13,32,3,2,1,10.0,Delivered
10590,2026-09-13,32,4,2,1,5.0,Delivered
10591,2026-09-13,38,4,2,1,5.0,Delivered
10592,2026-09-13,38,5,2,2,5.0,Delivered
10593,2026-09-13,44,1,2,1,7.0,Delivered
10594,2026-09-13,50,3,2,1,10.0,Delivered
10595,2026-09-13,50,4,2,1,5.0,Delivered
10596,2026-09-13,56,1,2,1,7.0,Delivered
10597,2026-09-13,56,2,2,1,5.5,Delivered
10598,2026-09-13,62,3,2,1,10.0,Delivered
10599,2026-09-13,64,1,2,1,7.0,Delivered
10600,2026-09-13,64,2,2,1,5.5,Delivered
10601,2026-09-13,65,3,2,2,10.0,Delivered
10602,2026-09-13,70,5,2,1,5.0,Delivered
10603,2026-09-13,3,1,3,1,7.0,Delivered
10604,2026-09-13,3,2,3,1,5.5,Delivered
10605,2026-09-13,3,6,3,1,5.0,Delivered
10606,2026-09-13,9,7,3,2,12.0,Delivered
10607,2026-09-13,15,2,3,1,5.5,Delivered
10608,2026-09-13,15,4,3,2,5.0,Delivered
10609,2026-09-13,15,5,3,1,5.0,Delivered
10610,2026-09-13,21,1,3,2,7.0,Delivered
10611,2026-09-13,27,1,3,1,7.0,Delivered
10612,2026-09-13,27,4,3,1,5.0,Delivered
10613,2026-09-13,27,5,3,1,5.0,Delivered
10614,2026-09-13,33,6,3,1,5.0,Delivered
10615,2026-09-13,39,3,3,1,10.0,Failed
10616,2026-09-13,45,1,3,1,7.0,Delivered
10617,2026-09-13,45,2,3,1,5.5,Delivered
10618,2026-09-13,51,3,3,1,10.0,Delivered
10619,2026-09-13,51,4,3,1,5.0,Delivered
10620,2026-09-13,57,1,3,1,7.0,Delivered
10621,2026-09-13,72,4,3,1,5.0,Delivered
10622,2026-09-13,4,2,4,1,5.5,Failed
10623,2026-09-13,10,1,4,1,7.0,Delivered
10624,2026-09-13,10,3,4,1,10.0,Delivered
10625,2026-09-13,10,5,4,1,5.0,Delivered
10626,2026-09-13,16,2,4,1,5.5,Delivered
10627,2026-09-13,22,1,4,1,7.0,Delivered
10628,2026-09-13,22,5,4,1,5.0,Delivered
10629,2026-09-13,28,1,4,1,7.0,Delivered
10630,2026-09-13,28,5,4,1,5.0,Delivered
10631,2026-09-13,34,3,4,1,10.0,Delivered
10632,2026-09-13,40,4,4,1,5.0,Delivered
10633,2026-09-13,46,3,4,1,10.0,Delivered
10634,2026-09-13,52,4,4,1,5.0,Delivered
10635,2026-09-13,52,5,4,1,5.0,Delivered
10636,2026-09-13,58,2,4,2,5.5,Delivered
10637,2026-09-13,67,2,4,1,5.5,Delivered
10638,2026-09-13,5,1,5,1,7.0,Delivered
10639,2026-09-13,11,4,5,1,5.0,Delivered
10640,2026-09-13,17,2,5,1,5.5,Delivered
10641,2026-09-13,17,5,5,1,5.0,Delivered
10642,2026-09-13,23,2,5,1,5.5,Delivered
10643,2026-09-13,29,3,5,1,10.0,Delivered
10644,2026-09-13,29,4,5,1,5.0,Delivered
10645,2026-09-13,35,2,5,2,5.5,Delivered
10646,2026-09-13,35,6,5,1,5.0,Delivered
10647,2026-09-13,41,1,5,1,7.0,Delivered
10648,2026-09-13,47,1,5,1,7.0,Delivered
10649,2026-09-13,47,2,5,1,5.5,Delivered
10650,2026-09-13,47,5,5,1,5.0,Delivered
10651,2026-09-13,53,2,5,1,5.5,Delivered
10652,2026-09-13,53,3,5,1,10.0,Delivered
10653,2026-09-13,59,3,5,1,10.0,Delivered
10654,2026-09-13,63,2,5,1,5.5,Delivered
10655,2026-09-13,63,4,5,2,5.0,Delivered
10656,2026-09-13,71,1,5,1,7.0,Delivered
10657,2026-09-13,6,3,5,1,10.0,Delivered
10658,2026-09-13,12,6,5,1,5.0,Delivered
10659,2026-09-13,18,4,5,1,5.0,Delivered
10660,2026-09-13,24,7,5,1,12.0,Delivered
10661,2026-09-13,30,3,5,1,10.0,Delivered
10662,2026-09-13,36,8,5,1,6.0,Delivered
10663,2026-09-13,42,1,5,1,7.0,Delivered
10664,2026-09-13,60,1,5,1,7.0,Delivered
10665,2026-09-13,60,3,5,1,10.0,Delivered
10666,2026-09-13,66,3,5,1,10.0,Delivered
10667,2026-09-13,66,6,5,1,5.0,Delivered
10668,2026-09-14,7,3,1,1,10.0,Delivered
10669,2026-09-14,7,8,1,1,6.0,Delivered
10670,2026-09-14,13,5,1,1,5.0,Delivered
10671,2026-09-14,19,1,1,2,7.0,Delivered
10672,2026-09-14,19,5,1,2,5.0,Delivered
10673,2026-09-14,19,6,1,1,5.0,Delivered
10674,2026-09-14,25,3,1,1,10.0,Delivered
10675,2026-09-14,25,7,1,1,12.0,Delivered
10676,2026-09-14,31,1,1,1,7.0,Delivered
10677,2026-09-14,31,4,1,1,5.0,Delivered
10678,2026-09-14,31,5,1,1,5.0,Delivered
10679,2026-09-14,37,4,1,2,5.0,Delivered
10680,2026-09-14,37,7,1,1,12.0,Delivered
10681,2026-09-14,43,6,1,1,5.0,Delivered
10682,2026-09-14,49,4,1,1,5.0,Delivered
10683,2026-09-14,49,7,1,1,12.0,Delivered
10684,2026-09-14,55,5,1,1,5.0,Delivered
10685,2026-09-14,61,1,1,1,7.0,Delivered
10686,2026-09-14,68,3,1,1,10.0,Delivered
10687,2026-09-14,68,5,1,1,5.0,Delivered
10688,2026-09-14,69,2,1,1,5.5,Delivered
10689,2026-09-14,69,5,1,1,5.0,Delivered
10690,2026-09-14,2,1,2,1,7.0,Delivered
10691,2026-09-14,2,3,2,1,10.0,Delivered
10692,2026-09-14,8,5,2,1,5.0,Delivered
10693,2026-09-14,14,4,2,1,5.0,Delivered
10694,2026-09-14,20,1,2,1,7.0,Delivered
10695,2026-09-14,20,2,2,1,5.5,Delivered
10696,2026-09-14,20,7,2,1,12.0,Delivered
10697,2026-09-14,26,2,2,1,5.5,Delivered
10698,2026-09-14,32,3,2,1,10.0,Delivered
10699,2026-09-14,32,4,2,1,5.0,Delivered
10700,2026-09-14,38,4,2,1,5.0,Delivered
10701,2026-09-14,38,5,2,2,5.0,Delivered
10702,2026-09-14,44,1,2,1,7.0,Delivered
10703,2026-09-14,50,3,2,1,10.0,Delivered
10704,2026-09-14,50,4,2,1,5.0,Delivered
10705,2026-09-14,56,1,2,1,7.0,Delivered
10706,2026-09-14,56,2,2,1,5.5,Delivered
10707,2026-09-14,62,3,2,1,10.0,Delivered
10708,2026-09-14,64,1,2,1,7.0,Delivered
10709,2026-09-14,64,2,2,1,5.5,Delivered
10710,2026-09-14,65,3,2,2,10.0,Delivered
10711,2026-09-14,70,5,2,1,5.0,Delivered
10712,2026-09-14,3,1,3,1,7.0,Delivered
10713,2026-09-14,3,2,3,1,5.5,Delivered
10714,2026-09-14,3,6,3,1,5.0,Delivered
10715,2026-09-14,9,7,3,2,12.0,Delivered
10716,2026-09-14,15,2,3,1,5.5,Delivered
10717,2026-09-14,15,4,3,2,5.0,Delivered
10718,2026-09-14,15,5,3,1,5.0,Delivered
10719,2026-09-14,21,1,3,2,7.0,Delivered
10720,2026-09-14,27,1,3,1,7.0,Delivered
10721,2026-09-14,27,4,3,1,5.0,Delivered
10722,2026-09-14,27,5,3,1,5.0,Delivered
10723,2026-09-14,33,6,3,1,5.0,Delivered
10724,2026-09-14,39,3,3,1,10.0,Delivered
10725,2026-09-14,45,1,3,1,7.0,Delivered
10726,2026-09-14,45,2,3,1,5.5,Delivered
10727,2026-09-14,51,3,3,1,10.0,Delivered
10728,2026-09-14,51,4,3,1,5.0,Delivered
10729,2026-09-14,57,1,3,1,7.0,Delivered
10730,2026-09-14,72,4,3,1,5.0,Delivered
10731,2026-09-14,4,2,4,1,5.5,Delivered
10732,2026-09-14,10,1,4,1,7.0,Delivered
10733,2026-09-14,10,3,4,1,10.0,Delivered
10734,2026-09-14,10,5,4,1,5.0,Delivered
10735,2026-09-14,16,2,4,1,5.5,Delivered
10736,2026-09-14,22,1,4,1,7.0,Delivered
10737,2026-09-14,22,5,4,1,5.0,Delivered
10738,2026-09-14,28,1,4,1,7.0,Delivered
10739,2026-09-14,28,5,4,1,5.0,Delivered
10740,2026-09-14,34,3,4,1,10.0,Failed
10741,2026-09-14,40,4,4,1,5.0,Delivered
10742,2026-09-14,46,3,4,1,10.0,Delivered
10743,2026-09-14,52,4,4,1,5.0,Delivered
10744,2026-09-14,52,5,4,1,5.0,Delivered
10745,2026-09-14,58,2,4,2,5.5,Delivered
10746,2026-09-14,67,2,4,1,5.5,Delivered
10747,2026-09-14,5,1,5,1,7.0,Delivered
10748,2026-09-14,11,4,5,1,5.0,Delivered
10749,2026-09-14,17,2,5,1,5.5,Delivered
10750,2026-09-14,17,5,5,1,5.0,Delivered
10751,2026-09-14,23,2,5,1,5.5,Delivered
10752,2026-09-14,29,3,5,1,10.0,Delivered
10753,2026-09-14,29,4,5,1,5.0,Delivered
10754,2026-09-14,35,2,5,2,5.5,Delivered
10755,2026-09-14,35,6,5,1,5.0,Delivered
10756,2026-09-14,41,1,5,1,7.0,Delivered
10757,2026-09-14,47,1,5,1,7.0,Delivered
10758,2026-09-14,47,2,5,1,5.5,Delivered
10759,2026-09-14,47,5,5,1,5.0,Delivered
10760,2026-09-14,53,2,5,1,5.5,Delivered
10761,2026-09-14,53,3,5,1,10.0,Delivered
10762,2026-09-14,59,3,5,1,10.0,Delivered
10763,2026-09-14,63,2,5,1,5.5,Delivered
10764,2026-09-14,63,4,5,2,5.0,Delivered
10765,2026-09-14,71,1,5,1,7.0,Delivered
10766,2026-09-14,6,3,5,1,10.0,Delivered
10767,2026-09-14,12,6,5,1,5.0,Delivered
10768,2026-09-14,18,4,5,1,5.0,Delivered
10769,2026-09-14,24,7,5,1,12.0,Delivered
10770,2026-09-14,30,3,5,1,10.0,Delivered
10771,2026-09-14,36,8,5,1,6.0,Delivered
10772,2026-09-14,42,1,5,1,7.0,Delivered
10773,2026-09-14,60,1,5,1,7.0,Delivered
10774,2026-09-14,60,3,5,1,10.0,Delivered
10775,2026-09-14,66,3,5,1,10.0,Delivered
10776,2026-09-14,66,6,5,1,5.0,Delivered
10777,2026-09-15,7,3,1,1,10.0,Delivered
10778,2026-09-15,7,8,1,1,6.0,Delivered
10779,2026-09-15,13,5,1,1,5.0,Delivered
10780,2026-09-15,19,1,1,2,7.0,Delivered
10781,2026-09-15,19,5,1,2,5.0,Delivered
10782,2026-09-15,19,6,1,1,5.0,Delivered
10783,2026-09-15,25,3,1,1,10.0,Delivered
10784,2026-09-15,25,7,1,1,12.0,Delivered
10785,2026-09-15,31,1,1,1,7.0,Delivered
10786,2026-09-15,31,4,1,1,5.0,Delivered
10787,2026-09-15,31,5,1,1,5.0,Delivered
10788,2026-09-15,37,4,1,2,5.0,Delivered
10789,2026-09-15,37,7,1,1,12.0,Delivered
10790,2026-09-15,43,6,1,1,5.0,Delivered
10791,2026-09-15,49,4,1,1,5.0,Delivered
10792,2026-09-15,49,7,1,1,12.0,Delivered
10793,2026-09-15,55,5,1,1,5.0,Delivered
10794,2026-09-15,61,1,1,1,7.0,Delivered
10795,2026-09-15,68,3,1,1,10.0,Delivered
10796,2026-09-15,68,5,1,1,5.0,Delivered
10797,2026-09-15,69,2,1,1,5.5,Delivered
10798,2026-09-15,69,5,1,1,5.0,Delivered
10799,2026-09-15,2,1,2,1,7.0,Delivered
10800,2026-09-15,2,3,2,1,10.0,Delivered
10801,2026-09-15,8,5,2,1,5.0,Delivered
10802,2026-09-15,14,4,2,1,5.0,Delivered
10803,2026-09-15,20,1,2,1,7.0,Delivered
10804,2026-09-15,20,2,2,1,5.5,Delivered
10805,2026-09-15,20,7,2,1,12.0,Delivered
10806,2026-09-15,26,2,2,1,5.5,Delivered
10807,2026-09-15,32,3,2,1,10.0,Delivered
10808,2026-09-15,32,4,2,1,5.0,Delivered
10809,2026-09-15,38,4,2,1,5.0,Delivered
10810,2026-09-15,38,5,2,2,5.0,Delivered
10811,2026-09-15,44,1,2,1,7.0,Delivered
10812,2026-09-15,50,3,2,1,10.0,Delivered
10813,2026-09-15,50,4,2,1,5.0,Delivered
10814,2026-09-15,56,1,2,1,7.0,Delivered
10815,2026-09-15,56,2,2,1,5.5,Delivered
10816,2026-09-15,62,3,2,1,10.0,Delivered
10817,2026-09-15,64,1,2,1,7.0,Delivered
10818,2026-09-15,64,2,2,1,5.5,Delivered
10819,2026-09-15,65,3,2,2,10.0,Delivered
10820,2026-09-15,70,5,2,1,5.0,Delivered
10821,2026-09-15,3,1,3,1,7.0,Delivered
10822,2026-09-15,3,2,3,1,5.5,Delivered
10823,2026-09-15,3,6,3,1,5.0,Delivered
10824,2026-09-15,9,7,3,2,12.0,Delivered
10825,2026-09-15,15,2,3,1,5.5,Delivered
10826,2026-09-15,15,4,3,2,5.0,Delivered
10827,2026-09-15,15,5,3,1,5.0,Delivered
10828,2026-09-15,21,1,3,2,7.0,Delivered
10829,2026-09-15,27,1,3,1,7.0,Delivered
10830,2026-09-15,27,4,3,1,5.0,Delivered
10831,2026-09-15,27,5,3,1,5.0,Delivered
10832,2026-09-15,33,6,3,1,5.0,Delivered
10833,2026-09-15,39,3,3,1,10.0,Delivered
10834,2026-09-15,45,1,3,1,7.0,Delivered
10835,2026-09-15,45,2,3,1,5.5,Delivered
10836,2026-09-15,51,3,3,1,10.0,Delivered
10837,2026-09-15,51,4,3,1,5.0,Delivered
10838,2026-09-15,57,1,3,1,7.0,Delivered
10839,2026-09-15,72,4,3,1,5.0,Delivered
10840,2026-09-15,4,2,4,1,5.5,Delivered
10841,2026-09-15,10,1,4,1,7.0,Delivered
10842,2026-09-15,10,3,4,1,10.0,Delivered
10843,2026-09-15,10,5,4,1,5.0,Delivered
10844,2026-09-15,16,2,4,1,5.5,Delivered
10845,2026-09-15,22,1,4,1,7.0,Delivered
10846,2026-09-15,22,5,4,1,5.0,Delivered
10847,2026-09-15,28,1,4,1,7.0,Delivered
10848,2026-09-15,28,5,4,1,5.0,Delivered
10849,2026-09-15,34,3,4,1,10.0,Delivered
10850,2026-09-15,40,4,4,1,5.0,Delivered
10851,2026-09-15,46,3,4,1,10.0,Delivered
10852,2026-09-15,52,4,4,1,5.0,Delivered
10853,2026-09-15,52,5,4,1,5.0,Delivered
10854,2026-09-15,58,2,4,2,5.5,Delivered
10855,2026-09-15,67,2,4,1,5.5,Delivered
10856,2026-09-15,5,1,5,1,7.0,Delivered
10857,2026-09-15,11,4,5,1,5.0,Delivered
10858,2026-09-15,17,2,5,1,5.5,Delivered
10859,2026-09-15,17,5,5,1,5.0,Delivered
10860,2026-09-15,23,2,5,1,5.5,Delivered
10861,2026-09-15,29,3,5,1,10.0,Delivered
10862,2026-09-15,29,4,5,1,5.0,Delivered
10863,2026-09-15,35,2,5,2,5.5,Delivered
10864,2026-09-15,35,6,5,1,5.0,Delivered
10865,2026-09-15,41,1,5,1,7.0,Delivered
10866,2026-09-15,47,1,5,1,7.0,Delivered
10867,2026-09-15,47,2,5,1,5.5,Delivered
10868,2026-09-15,47,5,5,1,5.0,Delivered
10869,2026-09-15,53,2,5,1,5.5,Delivered
10870,2026-09-15,53,3,5,1,10.0,Delivered
10871,2026-09-15,59,3,5,1,10.0,Delivered
10872,2026-09-15,63,2,5,1,5.5,Delivered
10873,2026-09-15,63,4,5,2,5.0,Delivered
10874,2026-09-15,71,1,5,1,7.0,Delivered
10875,2026-09-15,6,3,5,1,10.0,Delivered
10876,2026-09-15,12,6,5,1,5.0,Delivered
10877,2026-09-15,18,4,5,1,5.0,Delivered
10878,2026-09-15,24,7,5,1,12.0,Delivered
10879,2026-09-15,30,3,5,1,10.0,Delivered
10880,2026-09-15,36,8,5,1,6.0,Delivered
10881,2026-09-15,42,1,5,1,7.0,Delivered
10882,2026-09-15,60,1,5,1,7.0,Delivered
10883,2026-09-15,60,3,5,1,10.0,Delivered
10884,2026-09-15,66,3,5,1,10.0,Delivered
10885,2026-09-15,66,6,5,1,5.0,Delivered
10886,2026-09-16,7,3,1,1,10.0,Delivered
10887,2026-09-16,7,8,1,1,6.0,Delivered
10888,2026-09-16,13,5,1,1,5.0,Delivered
10889,2026-09-16,19,1,1,2,7.0,Delivered
10890,2026-09-16,19,5,1,2,5.0,Delivered
10891,2026-09-16,19,6,1,1,5.0,Delivered
10892,2026-09-16,25,3,1,1,10.0,Delivered
10893,2026-09-16,25,7,1,1,12.0,Delivered
10894,2026-09-16,31,1,1,1,7.0,Delivered
10895,2026-09-16,31,4,1,1,5.0,Delivered
10896,2026-09-16,31,5,1,1,5.0,Delivered
10897,2026-09-16,37,4,1,2,5.0,Delivered
10898,2026-09-16,37,7,1,1,12.0,Delivered
10899,2026-09-16,43,6,1,1,5.0,Delivered
10900,2026-09-16,49,4,1,1,5.0,Delivered
10901,2026-09-16,49,7,1,1,12.0,Delivered
10902,2026-09-16,55,5,1,1,5.0,Delivered
10903,2026-09-16,61,1,1,1,7.0,Delivered
10904,2026-09-16,68,3,1,1,10.0,Delivered
10905,2026-09-16,68,5,1,1,5.0,Delivered
10906,2026-09-16,69,2,1,1,5.5,Delivered
10907,2026-09-16,69,5,1,1,5.0,Delivered
10908,2026-09-16,2,1,2,1,7.0,Delivered
10909,2026-09-16,2,3,2,1,10.0,Delivered
10910,2026-09-16,8,5,2,1,5.0,Delivered
10911,2026-09-16,14,4,2,1,5.0,Delivered
10912,2026-09-16,20,1,2,1,7.0,Delivered
10913,2026-09-16,20,2,2,1,5.5,Delivered
10914,2026-09-16,20,7,2,1,12.0,Delivered
10915,2026-09-16,26,2,2,1,5.5,Delivered
10916,2026-09-16,32,3,2,1,10.0,Delivered
10917,2026-09-16,32,4,2,1,5.0,Delivered
10918,2026-09-16,38,4,2,1,5.0,Delivered
10919,2026-09-16,38,5,2,2,5.0,Delivered
10920,2026-09-16,44,1,2,1,7.0,Delivered
10921,2026-09-16,50,3,2,1,10.0,Delivered
10922,2026-09-16,50,4,2,1,5.0,Delivered
10923,2026-09-16,56,1,2,1,7.0,Delivered
10924,2026-09-16,56,2,2,1,5.5,Delivered
10925,2026-09-16,62,3,2,1,10.0,Delivered
10926,2026-09-16,64,1,2,1,7.0,Delivered
10927,2026-09-16,64,2,2,1,5.5,Delivered
10928,2026-09-16,65,3,2,2,10.0,Delivered
10929,2026-09-16,70,5,2,1,5.0,Delivered
10930,2026-09-16,3,1,3,1,7.0,Delivered
10931,2026-09-16,3,2,3,1,5.5,Delivered
10932,2026-09-16,3,6,3,1,5.0,Delivered
10933,2026-09-16,9,7,3,2,12.0,Delivered
10934,2026-09-16,15,2,3,1,5.5,Delivered
10935,2026-09-16,15,4,3,2,5.0,Delivered
10936,2026-09-16,15,5,3,1,5.0,Delivered
10937,2026-09-16,21,1,3,2,7.0,Delivered
10938,2026-09-16,27,1,3,1,7.0,Delivered
10939,2026-09-16,27,4,3,1,5.0,Delivered
10940,2026-09-16,27,5,3,1,5.0,Delivered
10941,2026-09-16,33,6,3,1,5.0,Delivered
10942,2026-09-16,39,3,3,1,10.0,Delivered
10943,2026-09-16,45,1,3,1,7.0,Delivered
10944,2026-09-16,45,2,3,1,5.5,Delivered
10945,2026-09-16,51,3,3,1,10.0,Delivered
10946,2026-09-16,51,4,3,1,5.0,Delivered
10947,2026-09-16,57,1,3,1,7.0,Delivered
10948,2026-09-16,72,4,3,1,5.0,Delivered
10949,2026-09-16,4,2,4,1,5.5,Delivered
10950,2026-09-16,10,1,4,1,7.0,Delivered
10951,2026-09-16,10,3,4,1,10.0,Delivered
10952,2026-09-16,10,5,4,1,5.0,Delivered
10953,2026-09-16,16,2,4,1,5.5,Delivered
10954,2026-09-16,22,1,4,1,7.0,Delivered
10955,2026-09-16,22,5,4,1,5.0,Delivered
10956,2026-09-16,28,1,4,1,7.0,Delivered
10957,2026-09-16,28,5,4,1,5.0,Delivered
10958,2026-09-16,34,3,4,1,10.0,Delivered
10959,2026-09-16,40,4,4,1,5.0,Delivered
10960,2026-09-16,46,3,4,1,10.0,Delivered
10961,2026-09-16,52,4,4,1,5.0,Delivered
10962,2026-09-16,52,5,4,1,5.0,Delivered
10963,2026-09-16,58,2,4,2,5.5,Delivered
10964,2026-09-16,67,2,4,1,5.5,Delivered
10965,2026-09-16,5,1,5,1,7.0,Delivered
10966,2026-09-16,11,4,5,1,5.0,Delivered
10967,2026-09-16,17,2,5,1,5.5,Delivered
10968,2026-09-16,17,5,5,1,5.0,Delivered
10969,2026-09-16,23,2,5,1,5.5,Delivered
10970,2026-09-16,29,3,5,1,10.0,Delivered
10971,2026-09-16,29,4,5,1,5.0,Delivered
10972,2026-09-16,35,2,5,2,5.5,Delivered
10973,2026-09-16,35,6,5,1,5.0,Delivered
10974,2026-09-16,41,1,5,1,7.0,Delivered
10975,2026-09-16,47,1,5,1,7.0,Delivered
10976,2026-09-16,47,2,5,1,5.5,Delivered
10977,2026-09-16,47,5,5,1,5.0,Delivered
10978,2026-09-16,53,2,5,1,5.5,Delivered
10979,2026-09-16,53,3,5,1,10.0,Delivered
10980,2026-09-16,59,3,5,1,10.0,Delivered
10981,2026-09-16,63,2,5,1,5.5,Delivered
10982,2026-09-16,63,4,5,2,5.0,Delivered
10983,2026-09-16,71,1,5,1,7.0,Delivered
10984,2026-09-16,6,3,5,1,10.0,Delivered
10985,2026-09-16,12,6,5,1,5.0,Delivered
10986,2026-09-16,18,4,5,1,5.0,Delivered
10987,2026-09-16,24,7,5,1,12.0,Delivered
10988,2026-09-16,30,3,5,1,10.0,Delivered
10989,2026-09-16,36,8,5,1,6.0,Delivered
10990,2026-09-16,42,1,5,1,7.0,Delivered
10991,2026-09-16,60,1,5,1,7.0,Delivered
10992,2026-09-16,60,3,5,1,10.0,Delivered
10993,2026-09-16,66,3,5,1,10.0,Delivered
10994,2026-09-16,66,6,5,1,5.0,Delivered
10995,2026-09-17,1,2,1,2,5.5,Delivered
10996,2026-09-17,1,4,1,1,5.0,Delivered
10997,2026-09-17,7,3,1,1,10.0,Delivered
10998,2026-09-17,7,8,1,1,6.0,Delivered
10999,2026-09-17,13,5,1,1,5.0,Delivered
11000,2026-09-17,19,1,1,2,7.0,Delivered
11001,2026-09-17,19,5,1,2,5.0,Delivered
11002,2026-09-17,19,6,1,1,5.0,Delivered
11003,2026-09-17,25,3,1,1,10.0,Delivered
11004,2026-09-17,25,7,1,1,12.0,Delivered
11005,2026-09-17,31,1,1,1,7.0,Delivered
11006,2026-09-17,31,4,1,1,5.0,Delivered
11007,2026-09-17,31,5,1,1,5.0,Delivered
11008,2026-09-17,37,4,1,2,5.0,Delivered
11009,2026-09-17,37,7,1,1,12.0,Delivered
11010,2026-09-17,43,6,1,1,5.0,Delivered
11011,2026-09-17,49,4,1,1,5.0,Delivered
11012,2026-09-17,49,7,1,1,12.0,Delivered
11013,2026-09-17,55,5,1,1,5.0,Delivered
11014,2026-09-17,61,1,1,1,7.0,Delivered
11015,2026-09-17,68,3,1,1,10.0,Delivered
11016,2026-09-17,68,5,1,1,5.0,Delivered
11017,2026-09-17,69,2,1,1,5.5,Delivered
11018,2026-09-17,69,5,1,1,5.0,Delivered
11019,2026-09-17,2,1,2,1,7.0,Delivered
11020,2026-09-17,2,3,2,1,10.0,Delivered
11021,2026-09-17,8,5,2,1,5.0,Delivered
11022,2026-09-17,14,4,2,1,5.0,Delivered
11023,2026-09-17,20,1,2,1,7.0,Delivered
11024,2026-09-17,20,2,2,1,5.5,Delivered
11025,2026-09-17,20,7,2,1,12.0,Delivered
11026,2026-09-17,26,2,2,1,5.5,Delivered
11027,2026-09-17,32,3,2,1,10.0,Delivered
11028,2026-09-17,32,4,2,1,5.0,Delivered
11029,2026-09-17,38,4,2,1,5.0,Delivered
11030,2026-09-17,38,5,2,2,5.0,Delivered
11031,2026-09-17,44,1,2,1,7.0,Delivered
11032,2026-09-17,50,3,2,1,10.0,Delivered
11033,2026-09-17,50,4,2,1,5.0,Delivered
11034,2026-09-17,56,1,2,1,7.0,Delivered
11035,2026-09-17,56,2,2,1,5.5,Delivered
11036,2026-09-17,62,3,2,1,10.0,Delivered
11037,2026-09-17,64,1,2,1,7.0,Delivered
11038,2026-09-17,64,2,2,1,5.5,Delivered
11039,2026-09-17,65,3,2,2,10.0,Delivered
11040,2026-09-17,70,5,2,1,5.0,Delivered
11041,2026-09-17,3,1,3,1,7.0,Delivered
11042,2026-09-17,3,2,3,1,5.5,Delivered
11043,2026-09-17,3,6,3,1,5.0,Delivered
11044,2026-09-17,9,7,3,2,12.0,Delivered
11045,2026-09-17,15,2,3,1,5.5,Delivered
11046,2026-09-17,15,4,3,2,5.0,Delivered
11047,2026-09-17,15,5,3,1,5.0,Delivered
11048,2026-09-17,21,1,3,2,7.0,Delivered
11049,2026-09-17,27,1,3,1,7.0,Delivered
11050,2026-09-17,27,4,3,1,5.0,Delivered
11051,2026-09-17,27,5,3,1,5.0,Delivered
11052,2026-09-17,33,6,3,1,5.0,Delivered
11053,2026-09-17,39,3,3,1,10.0,Delivered
11054,2026-09-17,45,1,3,1,7.0,Delivered
11055,2026-09-17,45,2,3,1,5.5,Delivered
11056,2026-09-17,51,3,3,1,10.0,Delivered
11057,2026-09-17,51,4,3,1,5.0,Delivered
11058,2026-09-17,57,1,3,1,7.0,Delivered
11059,2026-09-17,72,4,3,1,5.0,Delivered
11060,2026-09-17,4,2,4,1,5.5,Delivered
11061,2026-09-17,10,1,4,1,7.0,Delivered
11062,2026-09-17,10,3,4,1,10.0,Delivered
11063,2026-09-17,10,5,4,1,5.0,Delivered
11064,2026-09-17,16,2,4,1,5.5,Delivered
11065,2026-09-17,22,1,4,1,7.0,Delivered
11066,2026-09-17,22,5,4,1,5.0,Delivered
11067,2026-09-17,28,1,4,1,7.0,Delivered
11068,2026-09-17,28,5,4,1,5.0,Delivered
11069,2026-09-17,34,3,4,1,10.0,Delivered
11070,2026-09-17,40,4,4,1,5.0,Delivered
11071,2026-09-17,46,3,4,1,10.0,Delivered
11072,2026-09-17,52,4,4,1,5.0,Delivered
11073,2026-09-17,52,5,4,1,5.0,Delivered
11074,2026-09-17,58,2,4,2,5.5,Delivered
11075,2026-09-17,67,2,4,1,5.5,Delivered
11076,2026-09-17,5,1,5,1,7.0,Delivered
11077,2026-09-17,11,4,5,1,5.0,Delivered
11078,2026-09-17,17,2,5,1,5.5,Delivered
11079,2026-09-17,17,5,5,1,5.0,Delivered
11080,2026-09-17,23,2,5,1,5.5,Delivered
11081,2026-09-17,29,3,5,1,10.0,Delivered
11082,2026-09-17,29,4,5,1,5.0,Delivered
11083,2026-09-17,35,2,5,2,5.5,Delivered
11084,2026-09-17,35,6,5,1,5.0,Delivered
11085,2026-09-17,41,1,5,1,7.0,Delivered
11086,2026-09-17,47,1,5,1,7.0,Delivered
11087,2026-09-17,47,2,5,1,5.5,Delivered
11088,2026-09-17,47,5,5,1,5.0,Delivered
11089,2026-09-17,53,2,5,1,5.5,Delivered
11090,2026-09-17,53,3,5,1,10.0,Delivered
11091,2026-09-17,59,3,5,1,10.0,Delivered
11092,2026-09-17,63,2,5,1,5.5,Delivered
11093,2026-09-17,63,4,5,2,5.0,Delivered
11094,2026-09-17,71,1,5,1,7.0,Delivered
11095,2026-09-17,6,3,5,1,10.0,Delivered
11096,2026-09-17,12,6,5,1,5.0,Delivered
11097,2026-09-17,18,4,5,1,5.0,Delivered
11098,2026-09-17,24,7,5,1,12.0,Delivered
11099,2026-09-17,30,3,5,1,10.0,Delivered
11100,2026-09-17,36,8,5,1,6.0,Delivered
11101,2026-09-17,42,1,5,1,7.0,Delivered
11102,2026-09-17,60,1,5,1,7.0,Delivered
11103,2026-09-17,60,3,5,1,10.0,Delivered
11104,2026-09-17,66,3,5,1,10.0,Delivered
11105,2026-09-17,66,6,5,1,5.0,Delivered
11106,2026-09-18,1,2,1,2,5.5,Failed
11107,2026-09-18,1,4,1,1,5.0,Delivered
11108,2026-09-18,7,3,1,1,10.0,Delivered
11109,2026-09-18,7,8,1,1,6.0,Delivered
11110,2026-09-18,13,5,1,1,5.0,Delivered
11111,2026-09-18,19,1,1,2,7.0,Delivered
11112,2026-09-18,19,5,1,2,5.0,Delivered
11113,2026-09-18,19,6,1,1,5.0,Delivered
11114,2026-09-18,25,3,1,1,10.0,Delivered
11115,2026-09-18,25,7,1,1,12.0,Delivered
11116,2026-09-18,31,1,1,1,7.0,Delivered
11117,2026-09-18,31,4,1,1,5.0,Delivered
11118,2026-09-18,31,5,1,1,5.0,Delivered
11119,2026-09-18,37,4,1,2,5.0,Delivered
11120,2026-09-18,37,7,1,1,12.0,Delivered
11121,2026-09-18,43,6,1,1,5.0,Delivered
11122,2026-09-18,49,4,1,1,5.0,Delivered
11123,2026-09-18,49,7,1,1,12.0,Delivered
11124,2026-09-18,55,5,1,1,5.0,Delivered
11125,2026-09-18,61,1,1,1,7.0,Delivered
11126,2026-09-18,68,3,1,1,10.0,Delivered
11127,2026-09-18,68,5,1,1,5.0,Delivered
11128,2026-09-18,69,2,1,1,5.5,Delivered
11129,2026-09-18,69,5,1,1,5.0,Delivered
11130,2026-09-18,2,1,2,1,7.0,Delivered
11131,2026-09-18,2,3,2,1,10.0,Delivered
11132,2026-09-18,8,5,2,1,5.0,Delivered
11133,2026-09-18,14,4,2,1,5.0,Delivered
11134,2026-09-18,20,1,2,1,7.0,Delivered
11135,2026-09-18,20,2,2,1,5.5,Delivered
11136,2026-09-18,20,7,2,1,12.0,Delivered
11137,2026-09-18,26,2,2,1,5.5,Delivered
11138,2026-09-18,32,3,2,1,10.0,Delivered
11139,2026-09-18,32,4,2,1,5.0,Delivered
11140,2026-09-18,38,4,2,1,5.0,Delivered
11141,2026-09-18,38,5,2,2,5.0,Delivered
11142,2026-09-18,44,1,2,1,7.0,Delivered
11143,2026-09-18,50,3,2,1,10.0,Delivered
11144,2026-09-18,50,4,2,1,5.0,Delivered
11145,2026-09-18,56,1,2,1,7.0,Delivered
11146,2026-09-18,56,2,2,1,5.5,Delivered
11147,2026-09-18,62,3,2,1,10.0,Delivered
11148,2026-09-18,64,1,2,1,7.0,Delivered
11149,2026-09-18,64,2,2,1,5.5,Delivered
11150,2026-09-18,65,3,2,2,10.0,Delivered
11151,2026-09-18,70,5,2,1,5.0,Delivered
11152,2026-09-18,3,1,3,1,7.0,Delivered
11153,2026-09-18,3,2,3,1,5.5,Delivered
11154,2026-09-18,3,6,3,1,5.0,Delivered
11155,2026-09-18,9,7,3,2,12.0,Delivered
11156,2026-09-18,15,2,3,1,5.5,Failed
11157,2026-09-18,15,4,3,2,5.0,Delivered
11158,2026-09-18,15,5,3,1,5.0,Failed
11159,2026-09-18,21,1,3,2,7.0,Delivered
11160,2026-09-18,27,1,3,1,7.0,Delivered
11161,2026-09-18,27,4,3,1,5.0,Delivered
11162,2026-09-18,27,5,3,1,5.0,Delivered
11163,2026-09-18,33,6,3,1,5.0,Delivered
11164,2026-09-18,39,3,3,1,10.0,Delivered
11165,2026-09-18,45,1,3,1,7.0,Delivered
11166,2026-09-18,45,2,3,1,5.5,Delivered
11167,2026-09-18,51,3,3,1,10.0,Delivered
11168,2026-09-18,51,4,3,1,5.0,Delivered
11169,2026-09-18,57,1,3,1,7.0,Delivered
11170,2026-09-18,72,4,3,1,5.0,Delivered
11171,2026-09-18,73,3,3,1,10.0,Delivered
11172,2026-09-18,4,2,4,1,5.5,Delivered
11173,2026-09-18,10,1,4,1,7.0,Delivered
11174,2026-09-18,10,3,4,1,10.0,Delivered
11175,2026-09-18,10,5,4,1,5.0,Delivered
11176,2026-09-18,16,2,4,1,5.5,Delivered
11177,2026-09-18,22,1,4,1,7.0,Delivered
11178,2026-09-18,22,5,4,1,5.0,Delivered
11179,2026-09-18,28,1,4,1,7.0,Delivered
11180,2026-09-18,28,5,4,1,5.0,Delivered
11181,2026-09-18,34,3,4,1,10.0,Delivered
11182,2026-09-18,40,4,4,1,5.0,Delivered
11183,2026-09-18,46,3,4,1,10.0,Delivered
11184,2026-09-18,52,4,4,1,5.0,Delivered
11185,2026-09-18,52,5,4,1,5.0,Delivered
11186,2026-09-18,58,2,4,2,5.5,Delivered
11187,2026-09-18,67,2,4,1,5.5,Delivered
11188,2026-09-18,5,1,5,1,7.0,Delivered
11189,2026-09-18,11,4,5,1,5.0,Delivered
11190,2026-09-18,17,2,5,1,5.5,Delivered
11191,2026-09-18,17,5,5,1,5.0,Delivered
11192,2026-09-18,23,2,5,1,5.5,Delivered
11193,2026-09-18,29,3,5,1,10.0,Delivered
11194,2026-09-18,29,4,5,1,5.0,Delivered
11195,2026-09-18,35,2,5,2,5.5,Delivered
11196,2026-09-18,35,6,5,1,5.0,Delivered
11197,2026-09-18,41,1,5,1,7.0,Delivered
11198,2026-09-18,47,1,5,1,7.0,Delivered
11199,2026-09-18,47,2,5,1,5.5,Delivered
11200,2026-09-18,47,5,5,1,5.0,Delivered
11201,2026-09-18,53,2,5,1,5.5,Delivered
11202,2026-09-18,53,3,5,1,10.0,Delivered
11203,2026-09-18,59,3,5,1,10.0,Delivered
11204,2026-09-18,63,2,5,1,5.5,Delivered
11205,2026-09-18,63,4,5,2,5.0,Delivered
11206,2026-09-18,71,1,5,1,7.0,Delivered
11207,2026-09-18,6,3,5,1,10.0,Delivered
11208,2026-09-18,12,6,5,1,5.0,Delivered
11209,2026-09-18,18,4,5,1,5.0,Delivered
11210,2026-09-18,24,7,5,1,12.0,Delivered
11211,2026-09-18,30,3,5,1,10.0,Delivered
11212,2026-09-18,36,8,5,1,6.0,Delivered
11213,2026-09-18,42,1,5,1,7.0,Delivered
11214,2026-09-18,60,1,5,1,7.0,Delivered
11215,2026-09-18,60,3,5,1,10.0,Delivered
11216,2026-09-18,66,3,5,1,10.0,Delivered
11217,2026-09-18,66,6,5,1,5.0,Delivered
11218,2026-09-19,1,2,1,2,5.5,Delivered
11219,2026-09-19,1,4,1,1,5.0,Delivered
11220,2026-09-19,7,3,1,1,10.0,Delivered
11221,2026-09-19,7,8,1,1,6.0,Delivered
11222,2026-09-19,13,5,1,1,5.0,Delivered
11223,2026-09-19,19,1,1,2,7.0,Delivered
11224,2026-09-19,19,5,1,2,5.0,Delivered
11225,2026-09-19,19,6,1,1,5.0,Delivered
11226,2026-09-19,25,3,1,1,10.0,Delivered
11227,2026-09-19,25,7,1,1,12.0,Delivered
11228,2026-09-19,31,1,1,1,7.0,Delivered
11229,2026-09-19,31,4,1,1,5.0,Delivered
11230,2026-09-19,31,5,1,1,5.0,Delivered
11231,2026-09-19,37,4,1,2,5.0,Delivered
11232,2026-09-19,37,7,1,1,12.0,Delivered
11233,2026-09-19,43,6,1,1,5.0,Delivered
11234,2026-09-19,49,4,1,1,5.0,Delivered
11235,2026-09-19,49,7,1,1,12.0,Delivered
11236,2026-09-19,55,5,1,1,5.0,Delivered
11237,2026-09-19,61,1,1,1,7.0,Delivered
11238,2026-09-19,68,3,1,1,10.0,Delivered
11239,2026-09-19,68,5,1,1,5.0,Delivered
11240,2026-09-19,69,2,1,1,5.5,Delivered
11241,2026-09-19,69,5,1,1,5.0,Delivered
11242,2026-09-19,2,1,2,1,7.0,Delivered
11243,2026-09-19,2,3,2,1,10.0,Delivered
11244,2026-09-19,8,5,2,1,5.0,Delivered
11245,2026-09-19,14,4,2,1,5.0,Delivered
11246,2026-09-19,20,1,2,1,7.0,Delivered
11247,2026-09-19,20,2,2,1,5.5,Delivered
11248,2026-09-19,20,7,2,1,12.0,Delivered
11249,2026-09-19,26,2,2,1,5.5,Delivered
11250,2026-09-19,32,3,2,1,10.0,Delivered
11251,2026-09-19,32,4,2,1,5.0,Delivered
11252,2026-09-19,38,4,2,1,5.0,Delivered
11253,2026-09-19,38,5,2,2,5.0,Delivered
11254,2026-09-19,44,1,2,1,7.0,Delivered
11255,2026-09-19,50,3,2,1,10.0,Delivered
11256,2026-09-19,50,4,2,1,5.0,Delivered
11257,2026-09-19,56,1,2,1,7.0,Delivered
11258,2026-09-19,56,2,2,1,5.5,Delivered
11259,2026-09-19,62,3,2,1,10.0,Delivered
11260,2026-09-19,64,1,2,1,7.0,Delivered
11261,2026-09-19,64,2,2,1,5.5,Delivered
11262,2026-09-19,65,3,2,2,10.0,Delivered
11263,2026-09-19,70,5,2,1,5.0,Delivered
11264,2026-09-19,3,1,3,1,7.0,Delivered
11265,2026-09-19,3,2,3,1,5.5,Delivered
11266,2026-09-19,3,6,3,1,5.0,Delivered
11267,2026-09-19,9,7,3,2,12.0,Delivered
11268,2026-09-19,15,2,3,1,5.5,Delivered
11269,2026-09-19,15,4,3,2,5.0,Delivered
11270,2026-09-19,15,5,3,1,5.0,Delivered
11271,2026-09-19,21,1,3,2,7.0,Delivered
11272,2026-09-19,27,1,3,1,7.0,Delivered
11273,2026-09-19,27,4,3,1,5.0,Delivered
11274,2026-09-19,27,5,3,1,5.0,Delivered
11275,2026-09-19,33,6,3,1,5.0,Delivered
11276,2026-09-19,39,3,3,1,10.0,Delivered
11277,2026-09-19,45,1,3,1,7.0,Delivered
11278,2026-09-19,45,2,3,1,5.5,Delivered
11279,2026-09-19,51,3,3,1,10.0,Delivered
11280,2026-09-19,51,4,3,1,5.0,Delivered
11281,2026-09-19,57,1,3,1,7.0,Delivered
11282,2026-09-19,72,4,3,1,5.0,Delivered
11283,2026-09-19,73,3,3,1,10.0,Delivered
11284,2026-09-19,4,2,4,1,5.5,Delivered
11285,2026-09-19,10,1,4,1,7.0,Delivered
11286,2026-09-19,10,3,4,1,10.0,Delivered
11287,2026-09-19,10,5,4,1,5.0,Delivered
11288,2026-09-19,16,2,4,1,5.5,Delivered
11289,2026-09-19,22,1,4,1,7.0,Delivered
11290,2026-09-19,22,5,4,1,5.0,Delivered
11291,2026-09-19,28,1,4,1,7.0,Delivered
11292,2026-09-19,28,5,4,1,5.0,Delivered
11293,2026-09-19,34,3,4,1,10.0,Delivered
11294,2026-09-19,40,4,4,1,5.0,Delivered
11295,2026-09-19,46,3,4,1,10.0,Delivered
11296,2026-09-19,52,4,4,1,5.0,Delivered
11297,2026-09-19,52,5,4,1,5.0,Delivered
11298,2026-09-19,58,2,4,2,5.5,Delivered
11299,2026-09-19,67,2,4,1,5.5,Delivered
11300,2026-09-19,5,1,5,1,7.0,Failed
11301,2026-09-19,11,4,5,1,5.0,Delivered
11302,2026-09-19,17,2,5,1,5.5,Delivered
11303,2026-09-19,17,5,5,1,5.0,Delivered
11304,2026-09-19,23,2,5,1,5.5,Delivered
11305,2026-09-19,29,3,5,1,10.0,Delivered
11306,2026-09-19,29,4,5,1,5.0,Delivered
11307,2026-09-19,35,2,5,2,5.5,Delivered
11308,2026-09-19,35,6,5,1,5.0,Delivered
11309,2026-09-19,41,1,5,1,7.0,Delivered
11310,2026-09-19,47,1,5,1,7.0,Delivered
11311,2026-09-19,47,2,5,1,5.5,Delivered
11312,2026-09-19,47,5,5,1,5.0,Delivered
11313,2026-09-19,53,2,5,1,5.5,Delivered
11314,2026-09-19,53,3,5,1,10.0,Delivered
11315,2026-09-19,59,3,5,1,10.0,Delivered
11316,2026-09-19,63,2,5,1,5.5,Delivered
11317,2026-09-19,63,4,5,2,5.0,Delivered
11318,2026-09-19,71,1,5,1,7.0,Delivered
11319,2026-09-19,6,3,5,1,10.0,Delivered
11320,2026-09-19,12,6,5,1,5.0,Delivered
11321,2026-09-19,18,4,5,1,5.0,Delivered
11322,2026-09-19,24,7,5,1,12.0,Delivered
11323,2026-09-19,30,3,5,1,10.0,Delivered
11324,2026-09-19,36,8,5,1,6.0,Delivered
11325,2026-09-19,42,1,5,1,7.0,Delivered
11326,2026-09-19,60,1,5,1,7.0,Delivered
11327,2026-09-19,60,3,5,1,10.0,Delivered
11328,2026-09-19,66,3,5,1,10.0,Delivered
11329,2026-09-19,66,6,5,1,5.0,Delivered
11330,2026-09-20,1,2,1,2,5.5,Delivered
11331,2026-09-20,1,4,1,1,5.0,Delivered
11332,2026-09-20,7,3,1,1,10.0,Delivered
11333,2026-09-20,7,8,1,1,6.0,Delivered
11334,2026-09-20,13,5,1,1,5.0,Delivered
11335,2026-09-20,19,1,1,2,7.0,Delivered
11336,2026-09-20,19,5,1,2,5.0,Delivered
11337,2026-09-20,19,6,1,1,5.0,Delivered
11338,2026-09-20,25,3,1,1,10.0,Delivered
11339,2026-09-20,25,7,1,1,12.0,Delivered
11340,2026-09-20,31,1,1,1,7.0,Delivered
11341,2026-09-20,31,4,1,1,5.0,Delivered
11342,2026-09-20,31,5,1,1,5.0,Delivered
11343,2026-09-20,37,4,1,2,5.0,Delivered
11344,2026-09-20,37,7,1,1,12.0,Delivered
11345,2026-09-20,43,6,1,1,5.0,Delivered
11346,2026-09-20,49,4,1,1,5.0,Delivered
11347,2026-09-20,49,7,1,1,12.0,Delivered
11348,2026-09-20,55,5,1,1,5.0,Delivered
11349,2026-09-20,61,1,1,1,7.0,Delivered
11350,2026-09-20,68,3,1,1,10.0,Delivered
11351,2026-09-20,68,5,1,1,5.0,Delivered
11352,2026-09-20,69,2,1,1,5.5,Delivered
11353,2026-09-20,69,5,1,1,5.0,Delivered
11354,2026-09-20,2,1,2,1,7.0,Delivered
11355,2026-09-20,2,3,2,1,10.0,Delivered
11356,2026-09-20,8,5,2,1,5.0,Delivered
11357,2026-09-20,14,4,2,1,5.0,Delivered
11358,2026-09-20,20,1,2,1,7.0,Delivered
11359,2026-09-20,20,2,2,1,5.5,Delivered
11360,2026-09-20,20,7,2,1,12.0,Delivered
11361,2026-09-20,26,2,2,1,5.5,Delivered
11362,2026-09-20,32,3,2,1,10.0,Delivered
11363,2026-09-20,32,4,2,1,5.0,Delivered
11364,2026-09-20,38,4,2,1,5.0,Delivered
11365,2026-09-20,38,5,2,2,5.0,Delivered
11366,2026-09-20,44,1,2,1,7.0,Delivered
11367,2026-09-20,50,3,2,1,10.0,Delivered
11368,2026-09-20,50,4,2,1,5.0,Delivered
11369,2026-09-20,56,1,2,1,7.0,Delivered
11370,2026-09-20,56,2,2,1,5.5,Delivered
11371,2026-09-20,62,3,2,1,10.0,Delivered
11372,2026-09-20,64,1,2,1,7.0,Delivered
11373,2026-09-20,64,2,2,1,5.5,Delivered
11374,2026-09-20,65,3,2,2,10.0,Delivered
11375,2026-09-20,70,5,2,1,5.0,Delivered
11376,2026-09-20,3,1,3,1,7.0,Delivered
11377,2026-09-20,3,2,3,1,5.5,Delivered
11378,2026-09-20,3,6,3,1,5.0,Delivered
11379,2026-09-20,9,7,3,2,12.0,Delivered
11380,2026-09-20,15,2,3,1,5.5,Delivered
11381,2026-09-20,15,4,3,2,5.0,Delivered
11382,2026-09-20,15,5,3,1,5.0,Delivered
11383,2026-09-20,21,1,3,2,7.0,Failed
11384,2026-09-20,27,1,3,1,7.0,Delivered
11385,2026-09-20,27,4,3,1,5.0,Delivered
11386,2026-09-20,27,5,3,1,5.0,Delivered
11387,2026-09-20,33,6,3,1,5.0,Delivered
11388,2026-09-20,39,3,3,1,10.0,Delivered
11389,2026-09-20,45,1,3,1,7.0,Delivered
11390,2026-09-20,45,2,3,1,5.5,Delivered
11391,2026-09-20,51,3,3,1,10.0,Delivered
11392,2026-09-20,51,4,3,1,5.0,Delivered
11393,2026-09-20,57,1,3,1,7.0,Delivered
11394,2026-09-20,72,4,3,1,5.0,Delivered
11395,2026-09-20,73,3,3,1,10.0,Delivered
11396,2026-09-20,4,2,4,1,5.5,Delivered
11397,2026-09-20,10,1,4,1,7.0,Delivered
11398,2026-09-20,10,3,4,1,10.0,Delivered
11399,2026-09-20,10,5,4,1,5.0,Delivered
11400,2026-09-20,16,2,4,1,5.5,Delivered
11401,2026-09-20,22,1,4,1,7.0,Delivered
11402,2026-09-20,22,5,4,1,5.0,Delivered
11403,2026-09-20,28,1,4,1,7.0,Delivered
11404,2026-09-20,28,5,4,1,5.0,Delivered
11405,2026-09-20,34,3,4,1,10.0,Delivered
11406,2026-09-20,40,4,4,1,5.0,Delivered
11407,2026-09-20,46,3,4,1,10.0,Delivered
11408,2026-09-20,52,4,4,1,5.0,Delivered
11409,2026-09-20,52,5,4,1,5.0,Delivered
11410,2026-09-20,58,2,4,2,5.5,Delivered
11411,2026-09-20,67,2,4,1,5.5,Delivered
11412,2026-09-20,5,1,5,1,7.0,Delivered
11413,2026-09-20,11,4,5,1,5.0,Delivered
11414,2026-09-20,17,2,5,1,5.5,Delivered
11415,2026-09-20,17,5,5,1,5.0,Delivered
11416,2026-09-20,23,2,5,1,5.5,Delivered
11417,2026-09-20,29,3,5,1,10.0,Delivered
11418,2026-09-20,29,4,5,1,5.0,Delivered
11419,2026-09-20,35,2,5,2,5.5,Delivered
11420,2026-09-20,35,6,5,1,5.0,Delivered
11421,2026-09-20,41,1,5,1,7.0,Delivered
11422,2026-09-20,47,1,5,1,7.0,Delivered
11423,2026-09-20,47,2,5,1,5.5,Delivered
11424,2026-09-20,47,5,5,1,5.0,Delivered
11425,2026-09-20,53,2,5,1,5.5,Delivered
11426,2026-09-20,53,3,5,1,10.0,Delivered
11427,2026-09-20,59,3,5,1,10.0,Delivered
11428,2026-09-20,63,2,5,1,5.5,Delivered
11429,2026-09-20,63,4,5,2,5.0,Delivered
11430,2026-09-20,71,1,5,1,7.0,Delivered
11431,2026-09-20,6,3,5,1,10.0,Delivered
11432,2026-09-20,12,6,5,1,5.0,Delivered
11433,2026-09-20,18,4,5,1,5.0,Delivered
11434,2026-09-20,24,7,5,1,12.0,Delivered
11435,2026-09-20,30,3,5,1,10.0,Delivered
11436,2026-09-20,36,8,5,1,6.0,Delivered
11437,2026-09-20,42,1,5,1,7.0,Delivered
11438,2026-09-20,60,1,5,1,7.0,Delivered
11439,2026-09-20,60,3,5,1,10.0,Delivered
11440,2026-09-20,66,3,5,1,10.0,Delivered
11441,2026-09-20,66,6,5,1,5.0,Delivered
11442,2026-09-21,1,2,1,2,5.5,Delivered
11443,2026-09-21,1,4,1,1,5.0,Delivered
11444,2026-09-21,7,3,1,1,10.0,Delivered
11445,2026-09-21,7,8,1,1,6.0,Delivered
11446,2026-09-21,13,5,1,1,5.0,Delivered
11447,2026-09-21,19,1,1,2,7.0,Delivered
11448,2026-09-21,19,5,1,2,5.0,Delivered
11449,2026-09-21,19,6,1,1,5.0,Delivered
11450,2026-09-21,25,3,1,1,10.0,Delivered
11451,2026-09-21,25,7,1,1,12.0,Delivered
11452,2026-09-21,31,1,1,1,7.0,Delivered
11453,2026-09-21,31,4,1,1,5.0,Delivered
11454,2026-09-21,31,5,1,1,5.0,Delivered
11455,2026-09-21,37,4,1,2,5.0,Delivered
11456,2026-09-21,37,7,1,1,12.0,Delivered
11457,2026-09-21,43,6,1,1,5.0,Delivered
11458,2026-09-21,49,4,1,1,5.0,Delivered
11459,2026-09-21,49,7,1,1,12.0,Delivered
11460,2026-09-21,55,5,1,1,5.0,Delivered
11461,2026-09-21,61,1,1,1,7.0,Delivered
11462,2026-09-21,68,3,1,1,10.0,Delivered
11463,2026-09-21,68,5,1,1,5.0,Delivered
11464,2026-09-21,69,2,1,1,5.5,Delivered
11465,2026-09-21,69,5,1,1,5.0,Delivered
11466,2026-09-21,2,1,2,1,7.0,Delivered
11467,2026-09-21,2,3,2,1,10.0,Delivered
11468,2026-09-21,8,5,2,1,5.0,Delivered
11469,2026-09-21,14,4,2,1,5.0,Delivered
11470,2026-09-21,20,1,2,1,7.0,Delivered
11471,2026-09-21,20,2,2,1,5.5,Delivered
11472,2026-09-21,20,7,2,1,12.0,Delivered
11473,2026-09-21,26,2,2,1,5.5,Delivered
11474,2026-09-21,32,3,2,1,10.0,Delivered
11475,2026-09-21,32,4,2,1,5.0,Delivered
11476,2026-09-21,38,4,2,1,5.0,Delivered
11477,2026-09-21,38,5,2,2,5.0,Delivered
11478,2026-09-21,44,1,2,1,7.0,Delivered
11479,2026-09-21,50,3,2,1,10.0,Delivered
11480,2026-09-21,50,4,2,1,5.0,Delivered
11481,2026-09-21,56,1,2,1,7.0,Delivered
11482,2026-09-21,56,2,2,1,5.5,Delivered
11483,2026-09-21,62,3,2,1,10.0,Delivered
11484,2026-09-21,64,1,2,1,7.0,Delivered
11485,2026-09-21,64,2,2,1,5.5,Delivered
11486,2026-09-21,65,3,2,2,10.0,Delivered
11487,2026-09-21,70,5,2,1,5.0,Delivered
11488,2026-09-21,3,1,3,1,7.0,Delivered
11489,2026-09-21,3,2,3,1,5.5,Delivered
11490,2026-09-21,3,6,3,1,5.0,Delivered
11491,2026-09-21,9,7,3,2,12.0,Delivered
11492,2026-09-21,15,2,3,1,5.5,Delivered
11493,2026-09-21,15,4,3,2,5.0,Delivered
11494,2026-09-21,15,5,3,1,5.0,Delivered
11495,2026-09-21,21,1,3,2,7.0,Delivered
11496,2026-09-21,27,1,3,1,7.0,Delivered
11497,2026-09-21,27,4,3,1,5.0,Delivered
11498,2026-09-21,27,5,3,1,5.0,Delivered
11499,2026-09-21,33,6,3,1,5.0,Delivered
11500,2026-09-21,39,3,3,1,10.0,Delivered
11501,2026-09-21,45,1,3,1,7.0,Delivered
11502,2026-09-21,45,2,3,1,5.5,Delivered
11503,2026-09-21,51,3,3,1,10.0,Delivered
11504,2026-09-21,51,4,3,1,5.0,Delivered
11505,2026-09-21,57,1,3,1,7.0,Delivered
11506,2026-09-21,72,4,3,1,5.0,Delivered
11507,2026-09-21,73,3,3,1,10.0,Delivered
11508,2026-09-21,4,2,4,1,5.5,Delivered
11509,2026-09-21,10,1,4,1,7.0,Delivered
11510,2026-09-21,10,3,4,1,10.0,Delivered
11511,2026-09-21,10,5,4,1,5.0,Delivered
11512,2026-09-21,16,2,4,1,5.5,Delivered
11513,2026-09-21,22,1,4,1,7.0,Delivered
11514,2026-09-21,22,5,4,1,5.0,Delivered
11515,2026-09-21,28,1,4,1,7.0,Delivered
11516,2026-09-21,28,5,4,1,5.0,Delivered
11517,2026-09-21,34,3,4,1,10.0,Delivered
11518,2026-09-21,40,4,4,1,5.0,Delivered
11519,2026-09-21,46,3,4,1,10.0,Delivered
11520,2026-09-21,52,4,4,1,5.0,Delivered
11521,2026-09-21,52,5,4,1,5.0,Delivered
11522,2026-09-21,58,2,4,2,5.5,Delivered
11523,2026-09-21,67,2,4,1,5.5,Delivered
11524,2026-09-21,5,1,5,1,7.0,Delivered
11525,2026-09-21,11,4,5,1,5.0,Delivered
11526,2026-09-21,17,2,5,1,5.5,Delivered
11527,2026-09-21,17,5,5,1,5.0,Delivered
11528,2026-09-21,23,2,5,1,5.5,Delivered
11529,2026-09-21,29,3,5,1,10.0,Delivered
11530,2026-09-21,29,4,5,1,5.0,Delivered
11531,2026-09-21,35,2,5,2,5.5,Delivered
11532,2026-09-21,35,6,5,1,5.0,Delivered
11533,2026-09-21,41,1,5,1,7.0,Delivered
11534,2026-09-21,47,1,5,1,7.0,Delivered
11535,2026-09-21,47,2,5,1,5.5,Delivered
11536,2026-09-21,47,5,5,1,5.0,Delivered
11537,2026-09-21,53,2,5,1,5.5,Delivered
11538,2026-09-21,53,3,5,1,10.0,Delivered
11539,2026-09-21,59,3,5,1,10.0,Delivered
11540,2026-09-21,63,2,5,1,5.5,Delivered
11541,2026-09-21,63,4,5,2,5.0,Delivered
11542,2026-09-21,71,1,5,1,7.0,Delivered
11543,2026-09-21,6,3,5,1,10.0,Delivered
11544,2026-09-21,12,6,5,1,5.0,Delivered
11545,2026-09-21,18,4,5,1,5.0,Delivered
11546,2026-09-21,24,7,5,1,12.0,Delivered
11547,2026-09-21,30,3,5,1,10.0,Delivered
11548,2026-09-21,36,8,5,1,6.0,Delivered
11549,2026-09-21,42,1,5,1,7.0,Delivered
11550,2026-09-21,60,1,5,1,7.0,Delivered
11551,2026-09-21,60,3,5,1,10.0,Delivered
11552,2026-09-21,66,3,5,1,10.0,Delivered
11553,2026-09-21,66,6,5,1,5.0,Delivered
11554,2026-09-22,1,2,1,2,5.5,Delivered
11555,2026-09-22,1,4,1,1,5.0,Delivered
11556,2026-09-22,7,3,1,1,10.0,Delivered
11557,2026-09-22,7,8,1,1,6.0,Delivered
11558,2026-09-22,13,5,1,1,5.0,Delivered
11559,2026-09-22,19,1,1,2,7.0,Delivered
11560,2026-09-22,19,5,1,2,5.0,Delivered
11561,2026-09-22,19,6,1,1,5.0,Delivered
11562,2026-09-22,25,3,1,1,10.0,Delivered
11563,2026-09-22,25,7,1,1,12.0,Delivered
11564,2026-09-22,31,1,1,1,7.0,Delivered
11565,2026-09-22,31,4,1,1,5.0,Delivered
11566,2026-09-22,31,5,1,1,5.0,Delivered
11567,2026-09-22,37,4,1,2,5.0,Delivered
11568,2026-09-22,37,7,1,1,12.0,Delivered
11569,2026-09-22,43,6,1,1,5.0,Delivered
11570,2026-09-22,49,4,1,1,5.0,Delivered
11571,2026-09-22,49,7,1,1,12.0,Delivered
11572,2026-09-22,55,5,1,1,5.0,Delivered
11573,2026-09-22,61,1,1,1,7.0,Delivered
11574,2026-09-22,68,3,1,1,10.0,Delivered
11575,2026-09-22,68,5,1,1,5.0,Delivered
11576,2026-09-22,69,2,1,1,5.5,Delivered
11577,2026-09-22,69,5,1,1,5.0,Delivered
11578,2026-09-22,2,1,2,1,7.0,Delivered
11579,2026-09-22,2,3,2,1,10.0,Delivered
11580,2026-09-22,8,5,2,1,5.0,Delivered
11581,2026-09-22,14,4,2,1,5.0,Delivered
11582,2026-09-22,20,1,2,1,7.0,Delivered
11583,2026-09-22,20,2,2,1,5.5,Delivered
11584,2026-09-22,20,7,2,1,12.0,Delivered
11585,2026-09-22,26,2,2,1,5.5,Delivered
11586,2026-09-22,32,3,2,1,10.0,Delivered
11587,2026-09-22,32,4,2,1,5.0,Delivered
11588,2026-09-22,38,4,2,1,5.0,Delivered
11589,2026-09-22,38,5,2,2,5.0,Delivered
11590,2026-09-22,44,1,2,1,7.0,Delivered
11591,2026-09-22,50,3,2,1,10.0,Delivered
11592,2026-09-22,50,4,2,1,5.0,Delivered
11593,2026-09-22,56,1,2,1,7.0,Delivered
11594,2026-09-22,56,2,2,1,5.5,Delivered
11595,2026-09-22,62,3,2,1,10.0,Delivered
11596,2026-09-22,64,1,2,1,7.0,Delivered
11597,2026-09-22,64,2,2,1,5.5,Delivered
11598,2026-09-22,65,3,2,2,10.0,Delivered
11599,2026-09-22,70,5,2,1,5.0,Delivered
11600,2026-09-22,3,1,3,1,7.0,Delivered
11601,2026-09-22,3,2,3,1,5.5,Delivered
11602,2026-09-22,3,6,3,1,5.0,Delivered
11603,2026-09-22,9,7,3,2,12.0,Delivered
11604,2026-09-22,15,2,3,1,5.5,Delivered
11605,2026-09-22,15,4,3,2,5.0,Delivered
11606,2026-09-22,15,5,3,1,5.0,Delivered
11607,2026-09-22,21,1,3,2,7.0,Delivered
11608,2026-09-22,27,1,3,1,7.0,Delivered
11609,2026-09-22,27,4,3,1,5.0,Delivered
11610,2026-09-22,27,5,3,1,5.0,Delivered
11611,2026-09-22,33,6,3,1,5.0,Delivered
11612,2026-09-22,39,3,3,1,10.0,Delivered
11613,2026-09-22,45,1,3,1,7.0,Delivered
11614,2026-09-22,45,2,3,1,5.5,Delivered
11615,2026-09-22,51,3,3,1,10.0,Delivered
11616,2026-09-22,51,4,3,1,5.0,Delivered
11617,2026-09-22,57,1,3,1,7.0,Delivered
11618,2026-09-22,72,4,3,1,5.0,Delivered
11619,2026-09-22,73,3,3,1,10.0,Delivered
11620,2026-09-22,4,2,4,1,5.5,Delivered
11621,2026-09-22,10,1,4,1,7.0,Delivered
11622,2026-09-22,10,3,4,1,10.0,Delivered
11623,2026-09-22,10,5,4,1,5.0,Delivered
11624,2026-09-22,16,2,4,1,5.5,Delivered
11625,2026-09-22,22,1,4,1,7.0,Delivered
11626,2026-09-22,22,5,4,1,5.0,Delivered
11627,2026-09-22,28,1,4,1,7.0,Delivered
11628,2026-09-22,28,5,4,1,5.0,Delivered
11629,2026-09-22,34,3,4,1,10.0,Delivered
11630,2026-09-22,40,4,4,1,5.0,Delivered
11631,2026-09-22,46,3,4,1,10.0,Delivered
11632,2026-09-22,52,4,4,1,5.0,Delivered
11633,2026-09-22,52,5,4,1,5.0,Delivered
11634,2026-09-22,58,2,4,2,5.5,Delivered
11635,2026-09-22,67,2,4,1,5.5,Delivered
11636,2026-09-22,5,1,5,1,7.0,Delivered
11637,2026-09-22,11,4,5,1,5.0,Delivered
11638,2026-09-22,17,2,5,1,5.5,Delivered
11639,2026-09-22,17,5,5,1,5.0,Delivered
11640,2026-09-22,23,2,5,1,5.5,Delivered
11641,2026-09-22,29,3,5,1,10.0,Delivered
11642,2026-09-22,29,4,5,1,5.0,Delivered
11643,2026-09-22,35,2,5,2,5.5,Delivered
11644,2026-09-22,35,6,5,1,5.0,Delivered
11645,2026-09-22,41,1,5,1,7.0,Delivered
11646,2026-09-22,47,1,5,1,7.0,Delivered
11647,2026-09-22,47,2,5,1,5.5,Delivered
11648,2026-09-22,47,5,5,1,5.0,Delivered
11649,2026-09-22,53,2,5,1,5.5,Delivered
11650,2026-09-22,53,3,5,1,10.0,Delivered
11651,2026-09-22,59,3,5,1,10.0,Delivered
11652,2026-09-22,63,2,5,1,5.5,Delivered
11653,2026-09-22,63,4,5,2,5.0,Delivered
11654,2026-09-22,71,1,5,1,7.0,Delivered
11655,2026-09-22,6,3,5,1,10.0,Delivered
11656,2026-09-22,12,6,5,1,5.0,Delivered
11657,2026-09-22,18,4,5,1,5.0,Delivered
11658,2026-09-22,24,7,5,1,12.0,Delivered
11659,2026-09-22,30,3,5,1,10.0,Delivered
11660,2026-09-22,36,8,5,1,6.0,Delivered
11661,2026-09-22,42,1,5,1,7.0,Delivered
11662,2026-09-22,60,1,5,1,7.0,Delivered
11663,2026-09-22,60,3,5,1,10.0,Delivered
11664,2026-09-22,66,3,5,1,10.0,Delivered
11665,2026-09-22,66,6,5,1,5.0,Delivered
11666,2026-09-23,1,2,1,2,5.5,Delivered
11667,2026-09-23,1,4,1,1,5.0,Delivered
11668,2026-09-23,7,3,1,1,10.0,Delivered
11669,2026-09-23,7,8,1,1,6.0,Delivered
11670,2026-09-23,13,5,1,1,5.0,Delivered
11671,2026-09-23,19,1,1,2,7.0,Delivered
11672,2026-09-23,19,5,1,2,5.0,Delivered
11673,2026-09-23,19,6,1,1,5.0,Delivered
11674,2026-09-23,25,3,1,1,10.0,Delivered
11675,2026-09-23,25,7,1,1,12.0,Delivered
11676,2026-09-23,31,1,1,1,7.0,Delivered
11677,2026-09-23,31,4,1,1,5.0,Delivered
11678,2026-09-23,31,5,1,1,5.0,Delivered
11679,2026-09-23,37,4,1,2,5.0,Delivered
11680,2026-09-23,37,7,1,1,12.0,Delivered
11681,2026-09-23,43,6,1,1,5.0,Delivered
11682,2026-09-23,49,4,1,1,5.0,Delivered
11683,2026-09-23,49,7,1,1,12.0,Delivered
11684,2026-09-23,55,5,1,1,5.0,Delivered
11685,2026-09-23,61,1,1,1,7.0,Delivered
11686,2026-09-23,68,3,1,1,10.0,Delivered
11687,2026-09-23,68,5,1,1,5.0,Delivered
11688,2026-09-23,69,2,1,1,5.5,Delivered
11689,2026-09-23,69,5,1,1,5.0,Delivered
11690,2026-09-23,2,1,2,1,7.0,Delivered
11691,2026-09-23,2,3,2,1,10.0,Delivered
11692,2026-09-23,8,5,2,1,5.0,Delivered
11693,2026-09-23,14,4,2,1,5.0,Delivered
11694,2026-09-23,20,1,2,1,7.0,Delivered
11695,2026-09-23,20,2,2,1,5.5,Delivered
11696,2026-09-23,20,7,2,1,12.0,Delivered
11697,2026-09-23,26,2,2,1,5.5,Delivered
11698,2026-09-23,32,3,2,1,10.0,Delivered
11699,2026-09-23,32,4,2,1,5.0,Delivered
11700,2026-09-23,38,4,2,1,5.0,Delivered
11701,2026-09-23,38,5,2,2,5.0,Delivered
11702,2026-09-23,44,1,2,1,7.0,Delivered
11703,2026-09-23,50,3,2,1,10.0,Delivered
11704,2026-09-23,50,4,2,1,5.0,Delivered
11705,2026-09-23,56,1,2,1,7.0,Delivered
11706,2026-09-23,56,2,2,1,5.5,Delivered
11707,2026-09-23,62,3,2,1,10.0,Delivered
11708,2026-09-23,64,1,2,1,7.0,Delivered
11709,2026-09-23,64,2,2,1,5.5,Delivered
11710,2026-09-23,65,3,2,2,10.0,Delivered
11711,2026-09-23,70,5,2,1,5.0,Delivered
11712,2026-09-23,3,1,3,1,7.0,Delivered
11713,2026-09-23,3,2,3,1,5.5,Delivered
11714,2026-09-23,3,6,3,1,5.0,Delivered
11715,2026-09-23,9,7,3,2,12.0,Delivered
11716,2026-09-23,15,2,3,1,5.5,Delivered
11717,2026-09-23,15,4,3,2,5.0,Delivered
11718,2026-09-23,15,5,3,1,5.0,Delivered
11719,2026-09-23,21,1,3,2,7.0,Delivered
11720,2026-09-23,27,1,3,1,7.0,Delivered
11721,2026-09-23,27,4,3,1,5.0,Delivered
11722,2026-09-23,27,5,3,1,5.0,Delivered
11723,2026-09-23,33,6,3,1,5.0,Delivered
11724,2026-09-23,39,3,3,1,10.0,Delivered
11725,2026-09-23,45,1,3,1,7.0,Delivered
11726,2026-09-23,45,2,3,1,5.5,Delivered
11727,2026-09-23,51,3,3,1,10.0,Delivered
11728,2026-09-23,51,4,3,1,5.0,Delivered
11729,2026-09-23,57,1,3,1,7.0,Failed
11730,2026-09-23,72,4,3,1,5.0,Delivered
11731,2026-09-23,73,3,3,1,10.0,Delivered
11732,2026-09-23,4,2,4,1,5.5,Delivered
11733,2026-09-23,10,1,4,1,7.0,Delivered
11734,2026-09-23,10,3,4,1,10.0,Delivered
11735,2026-09-23,10,5,4,1,5.0,Delivered
11736,2026-09-23,16,2,4,1,5.5,Delivered
11737,2026-09-23,22,1,4,1,7.0,Delivered
11738,2026-09-23,22,5,4,1,5.0,Delivered
11739,2026-09-23,28,1,4,1,7.0,Delivered
11740,2026-09-23,28,5,4,1,5.0,Delivered
11741,2026-09-23,34,3,4,1,10.0,Delivered
11742,2026-09-23,40,4,4,1,5.0,Delivered
11743,2026-09-23,46,3,4,1,10.0,Delivered
11744,2026-09-23,52,4,4,1,5.0,Delivered
11745,2026-09-23,52,5,4,1,5.0,Delivered
11746,2026-09-23,58,2,4,2,5.5,Delivered
11747,2026-09-23,67,2,4,1,5.5,Delivered
11748,2026-09-23,5,1,5,1,7.0,Delivered
11749,2026-09-23,11,4,5,1,5.0,Delivered
11750,2026-09-23,17,2,5,1,5.5,Delivered
11751,2026-09-23,17,5,5,1,5.0,Delivered
11752,2026-09-23,23,2,5,1,5.5,Delivered
11753,2026-09-23,29,3,5,1,10.0,Delivered
11754,2026-09-23,29,4,5,1,5.0,Delivered
11755,2026-09-23,35,2,5,2,5.5,Delivered
11756,2026-09-23,35,6,5,1,5.0,Delivered
11757,2026-09-23,41,1,5,1,7.0,Delivered
11758,2026-09-23,47,1,5,1,7.0,Delivered
11759,2026-09-23,47,2,5,1,5.5,Delivered
11760,2026-09-23,47,5,5,1,5.0,Delivered
11761,2026-09-23,53,2,5,1,5.5,Delivered
11762,2026-09-23,53,3,5,1,10.0,Delivered
11763,2026-09-23,59,3,5,1,10.0,Delivered
11764,2026-09-23,63,2,5,1,5.5,Delivered
11765,2026-09-23,63,4,5,2,5.0,Delivered
11766,2026-09-23,71,1,5,1,7.0,Delivered
11767,2026-09-23,6,3,5,1,10.0,Delivered
11768,2026-09-23,12,6,5,1,5.0,Delivered
11769,2026-09-23,18,4,5,1,5.0,Delivered
11770,2026-09-23,24,7,5,1,12.0,Delivered
11771,2026-09-23,30,3,5,1,10.0,Delivered
11772,2026-09-23,36,8,5,1,6.0,Delivered
11773,2026-09-23,42,1,5,1,7.0,Delivered
11774,2026-09-23,60,1,5,1,7.0,Delivered
11775,2026-09-23,60,3,5,1,10.0,Delivered
11776,2026-09-23,66,3,5,1,10.0,Delivered
11777,2026-09-23,66,6,5,1,5.0,Delivered
11778,2026-09-24,1,2,1,2,5.5,Delivered
11779,2026-09-24,1,4,1,1,5.0,Delivered
11780,2026-09-24,7,3,1,1,10.0,Delivered
11781,2026-09-24,7,8,1,1,6.0,Delivered
11782,2026-09-24,13,5,1,1,5.0,Delivered
11783,2026-09-24,19,1,1,2,7.0,Delivered
11784,2026-09-24,19,5,1,2,5.0,Delivered
11785,2026-09-24,19,6,1,1,5.0,Delivered
11786,2026-09-24,25,3,1,1,10.0,Delivered
11787,2026-09-24,25,7,1,1,12.0,Delivered
11788,2026-09-24,31,1,1,1,7.0,Delivered
11789,2026-09-24,31,4,1,1,5.0,Delivered
11790,2026-09-24,31,5,1,1,5.0,Delivered
11791,2026-09-24,37,4,1,2,5.0,Delivered
11792,2026-09-24,37,7,1,1,12.0,Delivered
11793,2026-09-24,43,6,1,1,5.0,Delivered
11794,2026-09-24,49,4,1,1,5.0,Delivered
11795,2026-09-24,49,7,1,1,12.0,Delivered
11796,2026-09-24,55,5,1,1,5.0,Delivered
11797,2026-09-24,61,1,1,1,7.0,Delivered
11798,2026-09-24,68,3,1,1,10.0,Delivered
11799,2026-09-24,68,5,1,1,5.0,Delivered
11800,2026-09-24,69,2,1,1,5.5,Delivered
11801,2026-09-24,69,5,1,1,5.0,Delivered
11802,2026-09-24,2,1,2,1,7.0,Delivered
11803,2026-09-24,2,3,2,1,10.0,Delivered
11804,2026-09-24,8,5,2,1,5.0,Delivered
11805,2026-09-24,14,4,2,1,5.0,Delivered
11806,2026-09-24,20,1,2,1,7.0,Delivered
11807,2026-09-24,20,2,2,1,5.5,Delivered
11808,2026-09-24,20,7,2,1,12.0,Delivered
11809,2026-09-24,26,2,2,1,5.5,Delivered
11810,2026-09-24,32,3,2,1,10.0,Delivered
11811,2026-09-24,32,4,2,1,5.0,Delivered
11812,2026-09-24,38,4,2,1,5.0,Delivered
11813,2026-09-24,38,5,2,2,5.0,Delivered
11814,2026-09-24,44,1,2,1,7.0,Delivered
11815,2026-09-24,50,3,2,1,10.0,Delivered
11816,2026-09-24,50,4,2,1,5.0,Delivered
11817,2026-09-24,56,1,2,1,7.0,Delivered
11818,2026-09-24,56,2,2,1,5.5,Delivered
11819,2026-09-24,62,3,2,1,10.0,Delivered
11820,2026-09-24,64,1,2,1,7.0,Delivered
11821,2026-09-24,64,2,2,1,5.5,Delivered
11822,2026-09-24,65,3,2,2,10.0,Delivered
11823,2026-09-24,70,5,2,1,5.0,Delivered
11824,2026-09-24,3,1,3,1,7.0,Delivered
11825,2026-09-24,3,2,3,1,5.5,Delivered
11826,2026-09-24,3,6,3,1,5.0,Delivered
11827,2026-09-24,9,7,3,2,12.0,Delivered
11828,2026-09-24,15,2,3,1,5.5,Delivered
11829,2026-09-24,15,4,3,2,5.0,Delivered
11830,2026-09-24,15,5,3,1,5.0,Delivered
11831,2026-09-24,21,1,3,2,7.0,Delivered
11832,2026-09-24,27,1,3,1,7.0,Delivered
11833,2026-09-24,27,4,3,1,5.0,Failed
11834,2026-09-24,27,5,3,1,5.0,Delivered
11835,2026-09-24,33,6,3,1,5.0,Delivered
11836,2026-09-24,39,3,3,1,10.0,Delivered
11837,2026-09-24,45,1,3,1,7.0,Delivered
11838,2026-09-24,45,2,3,1,5.5,Delivered
11839,2026-09-24,51,3,3,1,10.0,Delivered
11840,2026-09-24,51,4,3,1,5.0,Delivered
11841,2026-09-24,57,1,3,1,7.0,Delivered
11842,2026-09-24,72,4,3,1,5.0,Delivered
11843,2026-09-24,73,3,3,1,10.0,Delivered
11844,2026-09-24,4,2,4,1,5.5,Delivered
11845,2026-09-24,10,1,4,1,7.0,Delivered
11846,2026-09-24,10,3,4,1,10.0,Delivered
11847,2026-09-24,10,5,4,1,5.0,Delivered
11848,2026-09-24,16,2,4,1,5.5,Delivered
11849,2026-09-24,22,1,4,1,7.0,Delivered
11850,2026-09-24,22,5,4,1,5.0,Delivered
11851,2026-09-24,28,1,4,1,7.0,Delivered
11852,2026-09-24,28,5,4,1,5.0,Delivered
11853,2026-09-24,34,3,4,1,10.0,Delivered
11854,2026-09-24,40,4,4,1,5.0,Delivered
11855,2026-09-24,46,3,4,1,10.0,Delivered
11856,2026-09-24,52,4,4,1,5.0,Delivered
11857,2026-09-24,52,5,4,1,5.0,Delivered
11858,2026-09-24,58,2,4,2,5.5,Delivered
11859,2026-09-24,67,2,4,1,5.5,Delivered
11860,2026-09-24,5,1,5,1,7.0,Delivered
11861,2026-09-24,11,4,5,1,5.0,Delivered
11862,2026-09-24,17,2,5,1,5.5,Delivered
11863,2026-09-24,17,5,5,1,5.0,Delivered
11864,2026-09-24,23,2,5,1,5.5,Delivered
11865,2026-09-24,29,3,5,1,10.0,Delivered
11866,2026-09-24,29,4,5,1,5.0,Delivered
11867,2026-09-24,35,2,5,2,5.5,Delivered
11868,2026-09-24,35,6,5,1,5.0,Delivered
11869,2026-09-24,41,1,5,1,7.0,Delivered
11870,2026-09-24,47,1,5,1,7.0,Delivered
11871,2026-09-24,47,2,5,1,5.5,Delivered
11872,2026-09-24,47,5,5,1,5.0,Delivered
11873,2026-09-24,53,2,5,1,5.5,Delivered
11874,2026-09-24,53,3,5,1,10.0,Delivered
11875,2026-09-24,59,3,5,1,10.0,Delivered
11876,2026-09-24,63,2,5,1,5.5,Delivered
11877,2026-09-24,63,4,5,2,5.0,Delivered
11878,2026-09-24,71,1,5,1,7.0,Delivered
11879,2026-09-24,6,3,5,1,10.0,Delivered
11880,2026-09-24,12,6,5,1,5.0,Delivered
11881,2026-09-24,18,4,5,1,5.0,Delivered
11882,2026-09-24,24,7,5,1,12.0,Delivered
11883,2026-09-24,30,3,5,1,10.0,Delivered
11884,2026-09-24,36,8,5,1,6.0,Delivered
11885,2026-09-24,42,1,5,1,7.0,Delivered
11886,2026-09-24,60,1,5,1,7.0,Delivered
11887,2026-09-24,60,3,5,1,10.0,Delivered
11888,2026-09-24,66,3,5,1,10.0,Delivered
11889,2026-09-24,66,6,5,1,5.0,Delivered
11890,2026-09-25,1,2,1,2,5.5,Delivered
11891,2026-09-25,1,4,1,1,5.0,Delivered
11892,2026-09-25,7,3,1,1,10.0,Delivered
11893,2026-09-25,7,8,1,1,6.0,Delivered
11894,2026-09-25,13,5,1,1,5.0,Delivered
11895,2026-09-25,19,1,1,2,7.0,Delivered
11896,2026-09-25,19,5,1,2,5.0,Delivered
11897,2026-09-25,19,6,1,1,5.0,Delivered
11898,2026-09-25,25,3,1,1,10.0,Delivered
11899,2026-09-25,25,7,1,1,12.0,Delivered
11900,2026-09-25,31,1,1,1,7.0,Delivered
11901,2026-09-25,31,4,1,1,5.0,Delivered
11902,2026-09-25,31,5,1,1,5.0,Delivered
11903,2026-09-25,37,4,1,2,5.0,Delivered
11904,2026-09-25,37,7,1,1,12.0,Delivered
11905,2026-09-25,43,6,1,1,5.0,Delivered
11906,2026-09-25,49,4,1,1,5.0,Delivered
11907,2026-09-25,49,7,1,1,12.0,Delivered
11908,2026-09-25,55,5,1,1,5.0,Delivered
11909,2026-09-25,61,1,1,1,7.0,Delivered
11910,2026-09-25,68,3,1,1,10.0,Delivered
11911,2026-09-25,68,5,1,1,5.0,Delivered
11912,2026-09-25,69,2,1,1,5.5,Delivered
11913,2026-09-25,69,5,1,1,5.0,Delivered
11914,2026-09-25,2,1,2,1,7.0,Delivered
11915,2026-09-25,2,3,2,1,10.0,Delivered
11916,2026-09-25,8,5,2,1,5.0,Delivered
11917,2026-09-25,14,4,2,1,5.0,Delivered
11918,2026-09-25,20,1,2,1,7.0,Delivered
11919,2026-09-25,20,2,2,1,5.5,Delivered
11920,2026-09-25,20,7,2,1,12.0,Delivered
11921,2026-09-25,26,2,2,1,5.5,Delivered
11922,2026-09-25,32,3,2,1,10.0,Delivered
11923,2026-09-25,32,4,2,1,5.0,Delivered
11924,2026-09-25,38,4,2,1,5.0,Delivered
11925,2026-09-25,38,5,2,2,5.0,Delivered
11926,2026-09-25,44,1,2,1,7.0,Delivered
11927,2026-09-25,50,3,2,1,10.0,Delivered
11928,2026-09-25,50,4,2,1,5.0,Delivered
11929,2026-09-25,56,1,2,1,7.0,Delivered
11930,2026-09-25,56,2,2,1,5.5,Delivered
11931,2026-09-25,62,3,2,1,10.0,Delivered
11932,2026-09-25,64,1,2,1,7.0,Delivered
11933,2026-09-25,64,2,2,1,5.5,Delivered
11934,2026-09-25,65,3,2,2,10.0,Delivered
11935,2026-09-25,70,5,2,1,5.0,Delivered
11936,2026-09-25,3,1,3,1,7.0,Delivered
11937,2026-09-25,3,2,3,1,5.5,Delivered
11938,2026-09-25,3,6,3,1,5.0,Delivered
11939,2026-09-25,9,7,3,2,12.0,Delivered
11940,2026-09-25,15,2,3,1,5.5,Delivered
11941,2026-09-25,15,4,3,2,5.0,Delivered
11942,2026-09-25,15,5,3,1,5.0,Delivered
11943,2026-09-25,21,1,3,2,7.0,Delivered
11944,2026-09-25,27,1,3,1,7.0,Delivered
11945,2026-09-25,27,4,3,1,5.0,Delivered
11946,2026-09-25,27,5,3,1,5.0,Delivered
11947,2026-09-25,33,6,3,1,5.0,Delivered
11948,2026-09-25,39,3,3,1,10.0,Delivered
11949,2026-09-25,45,1,3,1,7.0,Delivered
11950,2026-09-25,45,2,3,1,5.5,Delivered
11951,2026-09-25,51,3,3,1,10.0,Delivered
11952,2026-09-25,51,4,3,1,5.0,Delivered
11953,2026-09-25,57,1,3,1,7.0,Delivered
11954,2026-09-25,72,4,3,1,5.0,Delivered
11955,2026-09-25,73,3,3,1,10.0,Delivered
11956,2026-09-25,4,2,4,1,5.5,Delivered
11957,2026-09-25,10,1,4,1,7.0,Delivered
11958,2026-09-25,10,3,4,1,10.0,Delivered
11959,2026-09-25,10,5,4,1,5.0,Delivered
11960,2026-09-25,16,2,4,1,5.5,Delivered
11961,2026-09-25,22,1,4,1,7.0,Delivered
11962,2026-09-25,22,5,4,1,5.0,Delivered
11963,2026-09-25,28,1,4,1,7.0,Delivered
11964,2026-09-25,28,5,4,1,5.0,Delivered
11965,2026-09-25,34,3,4,1,10.0,Delivered
11966,2026-09-25,40,4,4,1,5.0,Delivered
11967,2026-09-25,46,3,4,1,10.0,Delivered
11968,2026-09-25,52,4,4,1,5.0,Delivered
11969,2026-09-25,52,5,4,1,5.0,Delivered
11970,2026-09-25,58,2,4,2,5.5,Delivered
11971,2026-09-25,67,2,4,1,5.5,Failed
11972,2026-09-25,5,1,5,1,7.0,Delivered
11973,2026-09-25,11,4,5,1,5.0,Delivered
11974,2026-09-25,17,2,5,1,5.5,Delivered
11975,2026-09-25,17,5,5,1,5.0,Delivered
11976,2026-09-25,23,2,5,1,5.5,Delivered
11977,2026-09-25,29,3,5,1,10.0,Delivered
11978,2026-09-25,29,4,5,1,5.0,Delivered
11979,2026-09-25,35,2,5,2,5.5,Delivered
11980,2026-09-25,35,6,5,1,5.0,Delivered
11981,2026-09-25,41,1,5,1,7.0,Delivered
11982,2026-09-25,47,1,5,1,7.0,Delivered
11983,2026-09-25,47,2,5,1,5.5,Delivered
11984,2026-09-25,47,5,5,1,5.0,Delivered
11985,2026-09-25,53,2,5,1,5.5,Delivered
11986,2026-09-25,53,3,5,1,10.0,Delivered
11987,2026-09-25,59,3,5,1,10.0,Delivered
11988,2026-09-25,63,2,5,1,5.5,Delivered
11989,2026-09-25,63,4,5,2,5.0,Delivered
11990,2026-09-25,71,1,5,1,7.0,Delivered
11991,2026-09-25,6,3,5,1,10.0,Delivered
11992,2026-09-25,12,6,5,1,5.0,Delivered
11993,2026-09-25,18,4,5,1,5.0,Delivered
11994,2026-09-25,24,7,5,1,12.0,Delivered
11995,2026-09-25,30,3,5,1,10.0,Delivered
11996,2026-09-25,36,8,5,1,6.0,Delivered
11997,2026-09-25,42,1,5,1,7.0,Delivered
11998,2026-09-25,60,1,5,1,7.0,Delivered
11999,2026-09-25,60,3,5,1,10.0,Delivered
12000,2026-09-25,66,3,5,1,10.0,Delivered
12001,2026-09-25,66,6,5,1,5.0,Delivered
12002,2026-09-26,1,2,1,2,5.5,Delivered
12003,2026-09-26,1,4,1,1,5.0,Delivered
12004,2026-09-26,7,3,1,1,10.0,Delivered
12005,2026-09-26,7,8,1,1,6.0,Delivered
12006,2026-09-26,13,5,1,1,5.0,Delivered
12007,2026-09-26,19,1,1,2,7.0,Delivered
12008,2026-09-26,19,5,1,2,5.0,Delivered
12009,2026-09-26,19,6,1,1,5.0,Delivered
12010,2026-09-26,25,3,1,1,10.0,Delivered
12011,2026-09-26,25,7,1,1,12.0,Delivered
12012,2026-09-26,31,1,1,1,7.0,Delivered
12013,2026-09-26,31,4,1,1,5.0,Delivered
12014,2026-09-26,31,5,1,1,5.0,Delivered
12015,2026-09-26,37,4,1,2,5.0,Delivered
12016,2026-09-26,37,7,1,1,12.0,Delivered
12017,2026-09-26,43,6,1,1,5.0,Delivered
12018,2026-09-26,49,4,1,1,5.0,Delivered
12019,2026-09-26,49,7,1,1,12.0,Delivered
12020,2026-09-26,55,5,1,1,5.0,Delivered
12021,2026-09-26,61,1,1,1,7.0,Delivered
12022,2026-09-26,68,3,1,1,10.0,Delivered
12023,2026-09-26,68,5,1,1,5.0,Delivered
12024,2026-09-26,69,2,1,1,5.5,Delivered
12025,2026-09-26,69,5,1,1,5.0,Delivered
12026,2026-09-26,2,1,2,1,7.0,Delivered
12027,2026-09-26,2,3,2,1,10.0,Delivered
12028,2026-09-26,8,5,2,1,5.0,Delivered
12029,2026-09-26,14,4,2,1,5.0,Delivered
12030,2026-09-26,20,1,2,1,7.0,Delivered
12031,2026-09-26,20,2,2,1,5.5,Delivered
12032,2026-09-26,20,7,2,1,12.0,Delivered
12033,2026-09-26,26,2,2,1,5.5,Delivered
12034,2026-09-26,32,3,2,1,10.0,Delivered
12035,2026-09-26,32,4,2,1,5.0,Delivered
12036,2026-09-26,38,4,2,1,5.0,Delivered
12037,2026-09-26,38,5,2,2,5.0,Delivered
12038,2026-09-26,44,1,2,1,7.0,Delivered
12039,2026-09-26,50,3,2,1,10.0,Delivered
12040,2026-09-26,50,4,2,1,5.0,Delivered
12041,2026-09-26,56,1,2,1,7.0,Delivered
12042,2026-09-26,56,2,2,1,5.5,Delivered
12043,2026-09-26,62,3,2,1,10.0,Delivered
12044,2026-09-26,64,1,2,1,7.0,Delivered
12045,2026-09-26,64,2,2,1,5.5,Delivered
12046,2026-09-26,65,3,2,2,10.0,Delivered
12047,2026-09-26,70,5,2,1,5.0,Delivered
12048,2026-09-26,3,1,3,1,7.0,Delivered
12049,2026-09-26,3,2,3,1,5.5,Delivered
12050,2026-09-26,3,6,3,1,5.0,Delivered
12051,2026-09-26,9,7,3,2,12.0,Delivered
12052,2026-09-26,15,2,3,1,5.5,Delivered
12053,2026-09-26,15,4,3,2,5.0,Delivered
12054,2026-09-26,15,5,3,1,5.0,Delivered
12055,2026-09-26,21,1,3,2,7.0,Delivered
12056,2026-09-26,27,1,3,1,7.0,Delivered
12057,2026-09-26,27,4,3,1,5.0,Delivered
12058,2026-09-26,27,5,3,1,5.0,Delivered
12059,2026-09-26,33,6,3,1,5.0,Delivered
12060,2026-09-26,39,3,3,1,10.0,Delivered
12061,2026-09-26,45,1,3,1,7.0,Delivered
12062,2026-09-26,45,2,3,1,5.5,Delivered
12063,2026-09-26,51,3,3,1,10.0,Delivered
12064,2026-09-26,51,4,3,1,5.0,Delivered
12065,2026-09-26,57,1,3,1,7.0,Delivered
12066,2026-09-26,72,4,3,1,5.0,Delivered
12067,2026-09-26,73,3,3,1,10.0,Delivered
12068,2026-09-26,4,2,4,1,5.5,Delivered
12069,2026-09-26,10,1,4,1,7.0,Delivered
12070,2026-09-26,10,3,4,1,10.0,Delivered
12071,2026-09-26,10,5,4,1,5.0,Delivered
12072,2026-09-26,16,2,4,1,5.5,Delivered
12073,2026-09-26,22,1,4,1,7.0,Delivered
12074,2026-09-26,22,5,4,1,5.0,Delivered
12075,2026-09-26,28,1,4,1,7.0,Delivered
12076,2026-09-26,28,5,4,1,5.0,Delivered
12077,2026-09-26,34,3,4,1,10.0,Delivered
12078,2026-09-26,40,4,4,1,5.0,Delivered
12079,2026-09-26,46,3,4,1,10.0,Delivered
12080,2026-09-26,52,4,4,1,5.0,Delivered
12081,2026-09-26,52,5,4,1,5.0,Delivered
12082,2026-09-26,58,2,4,2,5.5,Delivered
12083,2026-09-26,67,2,4,1,5.5,Delivered
12084,2026-09-26,5,1,5,1,7.0,Delivered
12085,2026-09-26,11,4,5,1,5.0,Failed
12086,2026-09-26,17,2,5,1,5.5,Delivered
12087,2026-09-26,17,5,5,1,5.0,Delivered
12088,2026-09-26,23,2,5,1,5.5,Delivered
12089,2026-09-26,29,3,5,1,10.0,Delivered
12090,2026-09-26,29,4,5,1,5.0,Delivered
12091,2026-09-26,35,2,5,2,5.5,Delivered
12092,2026-09-26,35,6,5,1,5.0,Delivered
12093,2026-09-26,41,1,5,1,7.0,Delivered
12094,2026-09-26,47,1,5,1,7.0,Delivered
12095,2026-09-26,47,2,5,1,5.5,Delivered
12096,2026-09-26,47,5,5,1,5.0,Delivered
12097,2026-09-26,53,2,5,1,5.5,Delivered
12098,2026-09-26,53,3,5,1,10.0,Delivered
12099,2026-09-26,59,3,5,1,10.0,Delivered
12100,2026-09-26,63,2,5,1,5.5,Delivered
12101,2026-09-26,63,4,5,2,5.0,Delivered
12102,2026-09-26,71,1,5,1,7.0,Delivered
12103,2026-09-26,6,3,5,1,10.0,Delivered
12104,2026-09-26,12,6,5,1,5.0,Delivered
12105,2026-09-26,18,4,5,1,5.0,Delivered
12106,2026-09-26,24,7,5,1,12.0,Delivered
12107,2026-09-26,30,3,5,1,10.0,Delivered
12108,2026-09-26,36,8,5,1,6.0,Delivered
12109,2026-09-26,42,1,5,1,7.0,Delivered
12110,2026-09-26,60,1,5,1,7.0,Delivered
12111,2026-09-26,60,3,5,1,10.0,Delivered
12112,2026-09-26,66,3,5,1,10.0,Delivered
12113,2026-09-26,66,6,5,1,5.0,Delivered
12114,2026-09-27,1,2,1,2,5.5,Delivered
12115,2026-09-27,1,4,1,1,5.0,Delivered
12116,2026-09-27,7,3,1,1,10.0,Delivered
12117,2026-09-27,7,8,1,1,6.0,Delivered
12118,2026-09-27,13,5,1,1,5.0,Delivered
12119,2026-09-27,19,1,1,2,7.0,Delivered
12120,2026-09-27,19,5,1,2,5.0,Delivered
12121,2026-09-27,19,6,1,1,5.0,Delivered
12122,2026-09-27,25,3,1,1,10.0,Delivered
12123,2026-09-27,25,7,1,1,12.0,Delivered
12124,2026-09-27,31,1,1,1,7.0,Delivered
12125,2026-09-27,31,4,1,1,5.0,Delivered
12126,2026-09-27,31,5,1,1,5.0,Delivered
12127,2026-09-27,37,4,1,2,5.0,Delivered
12128,2026-09-27,37,7,1,1,12.0,Delivered
12129,2026-09-27,43,6,1,1,5.0,Delivered
12130,2026-09-27,49,4,1,1,5.0,Delivered
12131,2026-09-27,49,7,1,1,12.0,Delivered
12132,2026-09-27,55,5,1,1,5.0,Delivered
12133,2026-09-27,61,1,1,1,7.0,Delivered
12134,2026-09-27,68,3,1,1,10.0,Delivered
12135,2026-09-27,68,5,1,1,5.0,Delivered
12136,2026-09-27,69,2,1,1,5.5,Delivered
12137,2026-09-27,69,5,1,1,5.0,Delivered
12138,2026-09-27,2,1,2,1,7.0,Delivered
12139,2026-09-27,2,3,2,1,10.0,Delivered
12140,2026-09-27,8,5,2,1,5.0,Delivered
12141,2026-09-27,14,4,2,1,5.0,Delivered
12142,2026-09-27,20,1,2,1,7.0,Delivered
12143,2026-09-27,20,2,2,1,5.5,Delivered
12144,2026-09-27,20,7,2,1,12.0,Delivered
12145,2026-09-27,26,2,2,1,5.5,Delivered
12146,2026-09-27,32,3,2,1,10.0,Delivered
12147,2026-09-27,32,4,2,1,5.0,Delivered
12148,2026-09-27,38,4,2,1,5.0,Delivered
12149,2026-09-27,38,5,2,2,5.0,Delivered
12150,2026-09-27,44,1,2,1,7.0,Delivered
12151,2026-09-27,50,3,2,1,10.0,Delivered
12152,2026-09-27,50,4,2,1,5.0,Delivered
12153,2026-09-27,56,1,2,1,7.0,Delivered
12154,2026-09-27,56,2,2,1,5.5,Delivered
12155,2026-09-27,62,3,2,1,10.0,Delivered
12156,2026-09-27,64,1,2,1,7.0,Delivered
12157,2026-09-27,64,2,2,1,5.5,Delivered
12158,2026-09-27,65,3,2,2,10.0,Delivered
12159,2026-09-27,70,5,2,1,5.0,Delivered
12160,2026-09-27,3,1,3,1,7.0,Delivered
12161,2026-09-27,3,2,3,1,5.5,Delivered
12162,2026-09-27,3,6,3,1,5.0,Delivered
12163,2026-09-27,9,7,3,2,12.0,Delivered
12164,2026-09-27,15,2,3,1,5.5,Delivered
12165,2026-09-27,15,4,3,2,5.0,Delivered
12166,2026-09-27,15,5,3,1,5.0,Delivered
12167,2026-09-27,21,1,3,2,7.0,Delivered
12168,2026-09-27,27,1,3,1,7.0,Delivered
12169,2026-09-27,27,4,3,1,5.0,Delivered
12170,2026-09-27,27,5,3,1,5.0,Failed
12171,2026-09-27,33,6,3,1,5.0,Delivered
12172,2026-09-27,39,3,3,1,10.0,Delivered
12173,2026-09-27,45,1,3,1,7.0,Delivered
12174,2026-09-27,45,2,3,1,5.5,Delivered
12175,2026-09-27,51,3,3,1,10.0,Delivered
12176,2026-09-27,51,4,3,1,5.0,Delivered
12177,2026-09-27,57,1,3,1,7.0,Delivered
12178,2026-09-27,72,4,3,1,5.0,Delivered
12179,2026-09-27,73,3,3,1,10.0,Delivered
12180,2026-09-27,4,2,4,1,5.5,Delivered
12181,2026-09-27,10,1,4,1,7.0,Delivered
12182,2026-09-27,10,3,4,1,10.0,Delivered
12183,2026-09-27,10,5,4,1,5.0,Delivered
12184,2026-09-27,16,2,4,1,5.5,Delivered
12185,2026-09-27,22,1,4,1,7.0,Failed
12186,2026-09-27,22,5,4,1,5.0,Delivered
12187,2026-09-27,28,1,4,1,7.0,Delivered
12188,2026-09-27,28,5,4,1,5.0,Delivered
12189,2026-09-27,34,3,4,1,10.0,Delivered
12190,2026-09-27,40,4,4,1,5.0,Delivered
12191,2026-09-27,46,3,4,1,10.0,Delivered
12192,2026-09-27,52,4,4,1,5.0,Delivered
12193,2026-09-27,52,5,4,1,5.0,Delivered
12194,2026-09-27,58,2,4,2,5.5,Delivered
12195,2026-09-27,67,2,4,1,5.5,Delivered
12196,2026-09-27,5,1,5,1,7.0,Delivered
12197,2026-09-27,11,4,5,1,5.0,Delivered
12198,2026-09-27,17,2,5,1,5.5,Delivered
12199,2026-09-27,17,5,5,1,5.0,Delivered
12200,2026-09-27,23,2,5,1,5.5,Delivered
12201,2026-09-27,29,3,5,1,10.0,Delivered
12202,2026-09-27,29,4,5,1,5.0,Delivered
12203,2026-09-27,35,2,5,2,5.5,Delivered
12204,2026-09-27,35,6,5,1,5.0,Delivered
12205,2026-09-27,41,1,5,1,7.0,Delivered
12206,2026-09-27,47,1,5,1,7.0,Delivered
12207,2026-09-27,47,2,5,1,5.5,Delivered
12208,2026-09-27,47,5,5,1,5.0,Delivered
12209,2026-09-27,53,2,5,1,5.5,Delivered
12210,2026-09-27,53,3,5,1,10.0,Delivered
12211,2026-09-27,59,3,5,1,10.0,Delivered
12212,2026-09-27,63,2,5,1,5.5,Delivered
12213,2026-09-27,63,4,5,2,5.0,Delivered
12214,2026-09-27,71,1,5,1,7.0,Delivered
12215,2026-09-27,6,3,5,1,10.0,Delivered
12216,2026-09-27,12,6,5,1,5.0,Delivered
12217,2026-09-27,18,4,5,1,5.0,Delivered
12218,2026-09-27,24,7,5,1,12.0,Delivered
12219,2026-09-27,30,3,5,1,10.0,Delivered
12220,2026-09-27,36,8,5,1,6.0,Delivered
12221,2026-09-27,42,1,5,1,7.0,Delivered
12222,2026-09-27,66,3,5,1,10.0,Delivered
12223,2026-09-27,66,6,5,1,5.0,Delivered
12224,2026-09-28,1,2,1,2,5.5,Delivered
12225,2026-09-28,1,4,1,1,5.0,Delivered
12226,2026-09-28,7,3,1,1,10.0,Delivered
12227,2026-09-28,7,8,1,1,6.0,Delivered
12228,2026-09-28,13,5,1,1,5.0,Delivered
12229,2026-09-28,19,1,1,2,7.0,Delivered
12230,2026-09-28,19,5,1,2,5.0,Delivered
12231,2026-09-28,19,6,1,1,5.0,Delivered
12232,2026-09-28,25,3,1,1,10.0,Delivered
12233,2026-09-28,25,7,1,1,12.0,Delivered
12234,2026-09-28,31,1,1,1,7.0,Delivered
12235,2026-09-28,31,4,1,1,5.0,Delivered
12236,2026-09-28,31,5,1,1,5.0,Delivered
12237,2026-09-28,37,4,1,2,5.0,Delivered
12238,2026-09-28,37,7,1,1,12.0,Delivered
12239,2026-09-28,43,6,1,1,5.0,Delivered
12240,2026-09-28,49,4,1,1,5.0,Delivered
12241,2026-09-28,49,7,1,1,12.0,Delivered
12242,2026-09-28,55,5,1,1,5.0,Delivered
12243,2026-09-28,61,1,1,1,7.0,Failed
12244,2026-09-28,68,3,1,1,10.0,Delivered
12245,2026-09-28,68,5,1,1,5.0,Delivered
12246,2026-09-28,69,2,1,1,5.5,Delivered
12247,2026-09-28,69,5,1,1,5.0,Delivered
12248,2026-09-28,2,1,2,1,7.0,Delivered
12249,2026-09-28,2,3,2,1,10.0,Delivered
12250,2026-09-28,8,5,2,1,5.0,Delivered
12251,2026-09-28,14,4,2,1,5.0,Delivered
12252,2026-09-28,20,1,2,1,7.0,Delivered
12253,2026-09-28,20,2,2,1,5.5,Delivered
12254,2026-09-28,20,7,2,1,12.0,Delivered
12255,2026-09-28,26,2,2,1,5.5,Delivered
12256,2026-09-28,32,3,2,1,10.0,Delivered
12257,2026-09-28,32,4,2,1,5.0,Delivered
12258,2026-09-28,38,4,2,1,5.0,Delivered
12259,2026-09-28,38,5,2,2,5.0,Delivered
12260,2026-09-28,44,1,2,1,7.0,Delivered
12261,2026-09-28,50,3,2,1,10.0,Delivered
12262,2026-09-28,50,4,2,1,5.0,Delivered
12263,2026-09-28,56,1,2,1,7.0,Delivered
12264,2026-09-28,56,2,2,1,5.5,Delivered
12265,2026-09-28,62,3,2,1,10.0,Delivered
12266,2026-09-28,64,1,2,1,7.0,Delivered
12267,2026-09-28,64,2,2,1,5.5,Delivered
12268,2026-09-28,65,3,2,2,10.0,Delivered
12269,2026-09-28,70,5,2,1,5.0,Delivered
12270,2026-09-28,3,1,3,1,7.0,Delivered
12271,2026-09-28,3,2,3,1,5.5,Delivered
12272,2026-09-28,3,6,3,1,5.0,Delivered
12273,2026-09-28,9,7,3,2,12.0,Delivered
12274,2026-09-28,15,2,3,1,5.5,Delivered
12275,2026-09-28,15,4,3,2,5.0,Delivered
12276,2026-09-28,15,5,3,1,5.0,Delivered
12277,2026-09-28,21,1,3,2,7.0,Delivered
12278,2026-09-28,27,1,3,1,7.0,Delivered
12279,2026-09-28,27,4,3,1,5.0,Delivered
12280,2026-09-28,27,5,3,1,5.0,Delivered
12281,2026-09-28,33,6,3,1,5.0,Delivered
12282,2026-09-28,39,3,3,1,10.0,Delivered
12283,2026-09-28,45,1,3,1,7.0,Delivered
12284,2026-09-28,45,2,3,1,5.5,Delivered
12285,2026-09-28,51,3,3,1,10.0,Delivered
12286,2026-09-28,51,4,3,1,5.0,Delivered
12287,2026-09-28,57,1,3,1,7.0,Delivered
12288,2026-09-28,72,4,3,1,5.0,Delivered
12289,2026-09-28,73,3,3,1,10.0,Delivered
12290,2026-09-28,4,2,4,1,5.5,Delivered
12291,2026-09-28,10,1,4,1,7.0,Delivered
12292,2026-09-28,10,3,4,1,10.0,Delivered
12293,2026-09-28,10,5,4,1,5.0,Delivered
12294,2026-09-28,16,2,4,1,5.5,Delivered
12295,2026-09-28,22,1,4,1,7.0,Delivered
12296,2026-09-28,22,5,4,1,5.0,Delivered
12297,2026-09-28,28,1,4,1,7.0,Delivered
12298,2026-09-28,28,5,4,1,5.0,Delivered
12299,2026-09-28,34,3,4,1,10.0,Delivered
12300,2026-09-28,40,4,4,1,5.0,Delivered
12301,2026-09-28,46,3,4,1,10.0,Delivered
12302,2026-09-28,52,4,4,1,5.0,Delivered
12303,2026-09-28,52,5,4,1,5.0,Delivered
12304,2026-09-28,58,2,4,2,5.5,Delivered
12305,2026-09-28,67,2,4,1,5.5,Delivered
12306,2026-09-28,5,1,5,1,7.0,Delivered
12307,2026-09-28,11,4,5,1,5.0,Delivered
12308,2026-09-28,17,2,5,1,5.5,Delivered
12309,2026-09-28,17,5,5,1,5.0,Delivered
12310,2026-09-28,23,2,5,1,5.5,Delivered
12311,2026-09-28,29,3,5,1,10.0,Delivered
12312,2026-09-28,29,4,5,1,5.0,Delivered
12313,2026-09-28,35,2,5,2,5.5,Delivered
12314,2026-09-28,35,6,5,1,5.0,Delivered
12315,2026-09-28,41,1,5,1,7.0,Delivered
12316,2026-09-28,47,1,5,1,7.0,Delivered
12317,2026-09-28,47,2,5,1,5.5,Failed
12318,2026-09-28,47,5,5,1,5.0,Delivered
12319,2026-09-28,53,2,5,1,5.5,Delivered
12320,2026-09-28,53,3,5,1,10.0,Delivered
12321,2026-09-28,59,3,5,1,10.0,Delivered
12322,2026-09-28,63,2,5,1,5.5,Delivered
12323,2026-09-28,63,4,5,2,5.0,Delivered
12324,2026-09-28,71,1,5,1,7.0,Delivered
12325,2026-09-28,6,3,5,1,10.0,Delivered
12326,2026-09-28,12,6,5,1,5.0,Delivered
12327,2026-09-28,18,4,5,1,5.0,Delivered
12328,2026-09-28,24,7,5,1,12.0,Delivered
12329,2026-09-28,30,3,5,1,10.0,Delivered
12330,2026-09-28,36,8,5,1,6.0,Delivered
12331,2026-09-28,42,1,5,1,7.0,Delivered
12332,2026-09-28,66,3,5,1,10.0,Delivered
12333,2026-09-28,66,6,5,1,5.0,Delivered
12334,2026-09-29,1,2,1,2,5.5,Delivered
12335,2026-09-29,1,4,1,1,5.0,Delivered
12336,2026-09-29,7,3,1,1,10.0,Delivered
12337,2026-09-29,7,8,1,1,6.0,Delivered
12338,2026-09-29,13,5,1,1,5.0,Delivered
12339,2026-09-29,19,1,1,2,7.0,Delivered
12340,2026-09-29,19,5,1,2,5.0,Delivered
12341,2026-09-29,19,6,1,1,5.0,Delivered
12342,2026-09-29,25,3,1,1,10.0,Delivered
12343,2026-09-29,25,7,1,1,12.0,Delivered
12344,2026-09-29,31,1,1,1,7.0,Delivered
12345,2026-09-29,31,4,1,1,5.0,Delivered
12346,2026-09-29,31,5,1,1,5.0,Delivered
12347,2026-09-29,37,4,1,2,5.0,Delivered
12348,2026-09-29,37,7,1,1,12.0,Delivered
12349,2026-09-29,43,6,1,1,5.0,Delivered
12350,2026-09-29,49,4,1,1,5.0,Delivered
12351,2026-09-29,49,7,1,1,12.0,Delivered
12352,2026-09-29,55,5,1,1,5.0,Delivered
12353,2026-09-29,61,1,1,1,7.0,Delivered
12354,2026-09-29,68,3,1,1,10.0,Delivered
12355,2026-09-29,68,5,1,1,5.0,Delivered
12356,2026-09-29,69,2,1,1,5.5,Delivered
12357,2026-09-29,69,5,1,1,5.0,Delivered
12358,2026-09-29,2,1,2,1,7.0,Delivered
12359,2026-09-29,2,3,2,1,10.0,Delivered
12360,2026-09-29,8,5,2,1,5.0,Delivered
12361,2026-09-29,14,4,2,1,5.0,Delivered
12362,2026-09-29,20,1,2,1,7.0,Delivered
12363,2026-09-29,20,2,2,1,5.5,Delivered
12364,2026-09-29,20,7,2,1,12.0,Delivered
12365,2026-09-29,26,2,2,1,5.5,Delivered
12366,2026-09-29,32,3,2,1,10.0,Delivered
12367,2026-09-29,32,4,2,1,5.0,Delivered
12368,2026-09-29,38,4,2,1,5.0,Delivered
12369,2026-09-29,38,5,2,2,5.0,Delivered
12370,2026-09-29,44,1,2,1,7.0,Failed
12371,2026-09-29,50,3,2,1,10.0,Delivered
12372,2026-09-29,50,4,2,1,5.0,Delivered
12373,2026-09-29,56,1,2,1,7.0,Delivered
12374,2026-09-29,56,2,2,1,5.5,Delivered
12375,2026-09-29,62,3,2,1,10.0,Delivered
12376,2026-09-29,64,1,2,1,7.0,Delivered
12377,2026-09-29,64,2,2,1,5.5,Delivered
12378,2026-09-29,65,3,2,2,10.0,Delivered
12379,2026-09-29,70,5,2,1,5.0,Delivered
12380,2026-09-29,3,1,3,1,7.0,Delivered
12381,2026-09-29,3,2,3,1,5.5,Delivered
12382,2026-09-29,3,6,3,1,5.0,Delivered
12383,2026-09-29,9,7,3,2,12.0,Delivered
12384,2026-09-29,15,2,3,1,5.5,Delivered
12385,2026-09-29,15,4,3,2,5.0,Delivered
12386,2026-09-29,15,5,3,1,5.0,Delivered
12387,2026-09-29,21,1,3,2,7.0,Delivered
12388,2026-09-29,27,1,3,1,7.0,Delivered
12389,2026-09-29,27,4,3,1,5.0,Delivered
12390,2026-09-29,27,5,3,1,5.0,Delivered
12391,2026-09-29,33,6,3,1,5.0,Delivered
12392,2026-09-29,39,3,3,1,10.0,Delivered
12393,2026-09-29,45,1,3,1,7.0,Delivered
12394,2026-09-29,45,2,3,1,5.5,Delivered
12395,2026-09-29,51,3,3,1,10.0,Delivered
12396,2026-09-29,51,4,3,1,5.0,Delivered
12397,2026-09-29,57,1,3,1,7.0,Delivered
12398,2026-09-29,72,4,3,1,5.0,Delivered
12399,2026-09-29,73,3,3,1,10.0,Delivered
12400,2026-09-29,4,2,4,1,5.5,Delivered
12401,2026-09-29,10,1,4,1,7.0,Delivered
12402,2026-09-29,10,3,4,1,10.0,Delivered
12403,2026-09-29,10,5,4,1,5.0,Delivered
12404,2026-09-29,16,2,4,1,5.5,Delivered
12405,2026-09-29,22,1,4,1,7.0,Delivered
12406,2026-09-29,22,5,4,1,5.0,Delivered
12407,2026-09-29,28,1,4,1,7.0,Delivered
12408,2026-09-29,28,5,4,1,5.0,Delivered
12409,2026-09-29,34,3,4,1,10.0,Delivered
12410,2026-09-29,40,4,4,1,5.0,Delivered
12411,2026-09-29,46,3,4,1,10.0,Delivered
12412,2026-09-29,52,4,4,1,5.0,Delivered
12413,2026-09-29,52,5,4,1,5.0,Delivered
12414,2026-09-29,58,2,4,2,5.5,Delivered
12415,2026-09-29,67,2,4,1,5.5,Delivered
12416,2026-09-29,5,1,5,1,7.0,Delivered
12417,2026-09-29,11,4,5,1,5.0,Delivered
12418,2026-09-29,17,2,5,1,5.5,Delivered
12419,2026-09-29,17,5,5,1,5.0,Delivered
12420,2026-09-29,23,2,5,1,5.5,Delivered
12421,2026-09-29,29,3,5,1,10.0,Delivered
12422,2026-09-29,29,4,5,1,5.0,Delivered
12423,2026-09-29,41,1,5,1,7.0,Delivered
12424,2026-09-29,47,1,5,1,7.0,Delivered
12425,2026-09-29,47,2,5,1,5.5,Delivered
12426,2026-09-29,47,5,5,1,5.0,Delivered
12427,2026-09-29,53,2,5,1,5.5,Delivered
12428,2026-09-29,53,3,5,1,10.0,Delivered
12429,2026-09-29,59,3,5,1,10.0,Delivered
12430,2026-09-29,63,2,5,1,5.5,Delivered
12431,2026-09-29,63,4,5,2,5.0,Delivered
12432,2026-09-29,71,1,5,1,7.0,Delivered
12433,2026-09-29,6,3,5,1,10.0,Delivered
12434,2026-09-29,12,6,5,1,5.0,Delivered
12435,2026-09-29,18,4,5,1,5.0,Delivered
12436,2026-09-29,24,7,5,1,12.0,Delivered
12437,2026-09-29,30,3,5,1,10.0,Delivered
12438,2026-09-29,36,8,5,1,6.0,Delivered
12439,2026-09-29,42,1,5,1,7.0,Delivered
12440,2026-09-29,66,3,5,1,10.0,Delivered
12441,2026-09-29,66,6,5,1,5.0,Delivered
12442,2026-09-30,1,2,1,2,5.5,Delivered
12443,2026-09-30,1,4,1,1,5.0,Delivered
12444,2026-09-30,7,3,1,1,10.0,Delivered
12445,2026-09-30,7,8,1,1,6.0,Delivered
12446,2026-09-30,13,5,1,1,5.0,Delivered
12447,2026-09-30,19,1,1,2,7.0,Delivered
12448,2026-09-30,19,5,1,2,5.0,Delivered
12449,2026-09-30,19,6,1,1,5.0,Delivered
12450,2026-09-30,25,3,1,1,10.0,Delivered
12451,2026-09-30,25,7,1,1,12.0,Delivered
12452,2026-09-30,31,1,1,1,7.0,Delivered
12453,2026-09-30,31,4,1,1,5.0,Delivered
12454,2026-09-30,31,5,1,1,5.0,Delivered
12455,2026-09-30,37,4,1,2,5.0,Delivered
12456,2026-09-30,37,7,1,1,12.0,Delivered
12457,2026-09-30,43,6,1,1,5.0,Delivered
12458,2026-09-30,49,4,1,1,5.0,Delivered
12459,2026-09-30,49,7,1,1,12.0,Delivered
12460,2026-09-30,55,5,1,1,5.0,Delivered
12461,2026-09-30,61,1,1,1,7.0,Delivered
12462,2026-09-30,68,3,1,1,10.0,Delivered
12463,2026-09-30,68,5,1,1,5.0,Delivered
12464,2026-09-30,69,2,1,1,5.5,Delivered
12465,2026-09-30,69,5,1,1,5.0,Delivered
12466,2026-09-30,2,1,2,1,7.0,Delivered
12467,2026-09-30,2,3,2,1,10.0,Delivered
12468,2026-09-30,8,5,2,1,5.0,Delivered
12469,2026-09-30,14,4,2,1,5.0,Delivered
12470,2026-09-30,20,1,2,1,7.0,Delivered
12471,2026-09-30,20,2,2,1,5.5,Delivered
12472,2026-09-30,20,7,2,1,12.0,Delivered
12473,2026-09-30,26,2,2,1,5.5,Delivered
12474,2026-09-30,32,3,2,1,10.0,Delivered
12475,2026-09-30,32,4,2,1,5.0,Delivered
12476,2026-09-30,38,4,2,1,5.0,Delivered
12477,2026-09-30,38,5,2,2,5.0,Delivered
12478,2026-09-30,44,1,2,1,7.0,Delivered
12479,2026-09-30,50,3,2,1,10.0,Delivered
12480,2026-09-30,50,4,2,1,5.0,Delivered
12481,2026-09-30,56,1,2,1,7.0,Delivered
12482,2026-09-30,56,2,2,1,5.5,Delivered
12483,2026-09-30,62,3,2,1,10.0,Delivered
12484,2026-09-30,64,1,2,1,7.0,Delivered
12485,2026-09-30,64,2,2,1,5.5,Delivered
12486,2026-09-30,65,3,2,2,10.0,Delivered
12487,2026-09-30,70,5,2,1,5.0,Delivered
12488,2026-09-30,3,1,3,1,7.0,Delivered
12489,2026-09-30,3,2,3,1,5.5,Delivered
12490,2026-09-30,3,6,3,1,5.0,Delivered
12491,2026-09-30,9,7,3,2,12.0,Delivered
12492,2026-09-30,15,2,3,1,5.5,Delivered
12493,2026-09-30,15,4,3,2,5.0,Delivered
12494,2026-09-30,15,5,3,1,5.0,Delivered
12495,2026-09-30,21,1,3,2,7.0,Delivered
12496,2026-09-30,27,1,3,1,7.0,Delivered
12497,2026-09-30,27,4,3,1,5.0,Delivered
12498,2026-09-30,27,5,3,1,5.0,Delivered
12499,2026-09-30,33,6,3,1,5.0,Delivered
12500,2026-09-30,39,3,3,1,10.0,Delivered
12501,2026-09-30,45,1,3,1,7.0,Delivered
12502,2026-09-30,45,2,3,1,5.5,Delivered
12503,2026-09-30,51,3,3,1,10.0,Delivered
12504,2026-09-30,51,4,3,1,5.0,Delivered
12505,2026-09-30,57,1,3,1,7.0,Delivered
12506,2026-09-30,72,4,3,1,5.0,Delivered
12507,2026-09-30,73,3,3,1,10.0,Delivered
12508,2026-09-30,4,2,4,1,5.5,Delivered
12509,2026-09-30,10,1,4,1,7.0,Delivered
12510,2026-09-30,10,3,4,1,10.0,Delivered
12511,2026-09-30,10,5,4,1,5.0,Delivered
12512,2026-09-30,16,2,4,1,5.5,Delivered
12513,2026-09-30,22,1,4,1,7.0,Delivered
12514,2026-09-30,22,5,4,1,5.0,Delivered
12515,2026-09-30,28,1,4,1,7.0,Delivered
12516,2026-09-30,28,5,4,1,5.0,Delivered
12517,2026-09-30,34,3,4,1,10.0,Delivered
12518,2026-09-30,40,4,4,1,5.0,Delivered
12519,2026-09-30,46,3,4,1,10.0,Delivered
12520,2026-09-30,52,4,4,1,5.0,Delivered
12521,2026-09-30,52,5,4,1,5.0,Delivered
12522,2026-09-30,58,2,4,2,5.5,Delivered
12523,2026-09-30,67,2,4,1,5.5,Delivered
12524,2026-09-30,5,1,5,1,7.0,Delivered
12525,2026-09-30,11,4,5,1,5.0,Delivered
12526,2026-09-30,17,2,5,1,5.5,Delivered
12527,2026-09-30,17,5,5,1,5.0,Delivered
12528,2026-09-30,23,2,5,1,5.5,Delivered
12529,2026-09-30,29,3,5,1,10.0,Delivered
12530,2026-09-30,29,4,5,1,5.0,Delivered
12531,2026-09-30,41,1,5,1,7.0,Delivered
12532,2026-09-30,47,1,5,1,7.0,Delivered
12533,2026-09-30,47,2,5,1,5.5,Delivered
12534,2026-09-30,47,5,5,1,5.0,Delivered
12535,2026-09-30,53,2,5,1,5.5,Delivered
12536,2026-09-30,53,3,5,1,10.0,Delivered
12537,2026-09-30,59,3,5,1,10.0,Failed
12538,2026-09-30,63,2,5,1,5.5,Delivered
12539,2026-09-30,63,4,5,2,5.0,Delivered
12540,2026-09-30,71,1,5,1,7.0,Delivered
12541,2026-09-30,6,3,5,1,10.0,Delivered
12542,2026-09-30,12,6,5,1,5.0,Delivered
12543,2026-09-30,18,4,5,1,5.0,Delivered
12544,2026-09-30,24,7,5,1,12.0,Delivered
12545,2026-09-30,30,3,5,1,10.0,Delivered
12546,2026-09-30,36,8,5,1,6.0,Delivered
12547,2026-09-30,42,1,5,1,7.0,Delivered
12548,2026-09-30,66,3,5,1,10.0,Delivered
12549,2026-09-30,66,6,5,1,5.0,Delivered
